Waktu_Laptop,Waktu_Boot_ESP32_ms,Ketinggian_m,Pitch_deg,Roll_deg
2026-05-21 09:38:30,.68, Kemiringan (roll) : -2.28
2026-05-21 09:38:30,.68, Kemiringan (roll) : -2.28
2026-05-21 09:38:30,.68, Kemiringan (roll) : -2.28
2026-05-21 09:38:30,.68, Kemiringan (roll) : -2.28
2026-05-21 09:38:30,.68, Kemiringan (roll) : -2.28
2026-05-21 09:38:30,.68, Kemiringan (roll) : -2.28
2026-05-21 09:38:30,.68, Kemiringan (roll) : -2.28
2026-05-21 09:38:30,.68, Kemiringan (roll) : -2.28
2026-05-21 09:38:30,.68, Kemiringan (roll) : -2.28
2026-05-21 09:38:30,.68, Kemiringan (roll) : -2.28
2026-05-21 09:38:30,.68, Kemiringan (roll) : -2.28
2026-05-21 09:38:30,.68, Kemiringan (roll) : -2.28
2026-05-21 09:38:30,.68, Kemiringan (roll) : -2.28
2026-05-21 09:38:30,.68, Kemiringan (roll) : -2.28
2026-05-21 09:38:30,.68, Kemiringan (roll) : -2.28
2026-05-21 09:38:30,.68, Kemiringan (roll) : -2.28
2026-05-21 09:38:30,.68, Kemiringan (roll) : -2.28
2026-05-21 09:38:30,.68, Kemiringan (roll) : -2.28
2026-05-21 09:38:30,.68, Kemiringan (roll) : -2.28
2026-05-21 09:38:30,.68, Kemiringan (roll) : -2.28
2026-05-21 09:38:30,.68, Kemiringan (roll) : -2.28
2026-05-21 09:38:30,.68, Kemiringan (roll) : -2.28
2026-05-21 09:38:30,.68, Kemiringan (roll) : -2.28
2026-05-21 09:38:30,.68, Kemiringan (roll) : -2.28
2026-05-21 09:38:30,.68, Kemiringan (roll) : -2.28
2026-05-21 09:38:30,.68, Kemiringan (roll) : -2.28
2026-05-21 09:38:30,.68, Kemiringan (roll) : -2.28
2026-05-21 09:38:30,.68, Kemiringan (roll) : -2.28
2026-05-21 09:38:30,.68, Kemiringan (roll) : -2.28
2026-05-21 09:38:30,.68, Kemiringan (roll) : -2.28
2026-05-21 09:38:30,.68, Kemiringan (roll) : -2.28
2026-05-21 09:38:30,.68, Kemiringan (roll) : -2.28
2026-05-21 09:38:30,.68, Kemiringan (roll) : -2.28
2026-05-21 09:38:30,.68, Kemiringan (roll) : -2.28
2026-05-21 09:38:30,.68, Kemiringan (roll) : -2.28
2026-05-21 09:38:30,.68, Kemiringan (roll) : -2.28
2026-05-21 09:38:30,.68, Kemiringan (roll) : -2.28
2026-05-21 09:38:30,.68, Kemiringan (roll) : -2.28
2026-05-21 09:38:30,.68, Kemiringan (roll) : -2.28
2026-05-21 09:38:30,.68, Kemiringan (roll) : -2.28
2026-05-21 09:38:30,.68, Kemiringan (roll) : -2.28
2026-05-21 09:38:30,.68, Kemiringan (roll) : -2.28
2026-05-21 09:38:30,.68, Kemiringan (roll) : -2.28
2026-05-21 09:38:30,.68, Kemiringan (roll) : -2.28
2026-05-21 09:38:30,.68, Kemiringan (roll) : -2.28
2026-05-21 09:38:30,.68, Kemiringan (roll) : -2.28
2026-05-21 09:38:30,.68, Kemiringan (roll) : -2.28
2026-05-21 09:38:30,.68, Kemiringan (roll) : -2.28
2026-05-21 09:38:30,.68, Kemiringan (roll) : -2.28
2026-05-21 09:38:30,.68, Kemiringan (roll) : -2.28
2026-05-21 09:38:30,.68, Kemiringan (roll) : -2.28
2026-05-21 09:38:30,.68, Kemiringan (roll) : -2.28
2026-05-21 09:38:30,.68, Kemiringan (roll) : -2.28
2026-05-21 09:38:30,.68, Kemiringan (roll) : -2.28
2026-05-21 09:38:30,.68, Kemiringan (roll) : -2.28
2026-05-21 09:38:30,.68, Kemiringan (roll) : -2.28
2026-05-21 09:38:30,.68, Kemiringan (roll) : -2.28
2026-05-21 09:38:30,.68, Kemiringan (roll) : -2.28
2026-05-21 09:38:30,.68, Kemiringan (roll) : -2.28
2026-05-21 09:38:30,.68, Kemiringan (roll) : -2.28
2026-05-21 09:38:30,.68, Kemiringan (roll) : -2.28
2026-05-21 09:38:30,.68, Kemiringan (roll) : -2.28
2026-05-21 09:38:30,.68, Kemiringan (roll) : -2.28
2026-05-21 09:38:30,.68, Kemiringan (roll) : -2.28
2026-05-21 09:38:30,.68, Kemiringan (roll) : -2.28
2026-05-21 09:38:30,.68, Kemiringan (roll) : -2.28
2026-05-21 09:38:30,.68, Kemiringan (roll) : -2.28
2026-05-21 09:38:30,.68, Kemiringan (roll) : -2.28
2026-05-21 09:38:30,.68, Kemiringan (roll) : -2.28
2026-05-21 09:38:30,.68, Kemiringan (roll) : -2.28
2026-05-21 09:38:30,.68, Kemiringan (roll) : -2.28
2026-05-21 09:38:30,.68, Kemiringan (roll) : -2.28
2026-05-21 09:38:30,.68, Kemiringan (roll) : -2.28
2026-05-21 09:38:30,.68, Kemiringan (roll) : -2.28
2026-05-21 09:38:30,.68, Kemiringan (roll) : -2.28
2026-05-21 09:38:30,.68, Kemiringan (roll) : -2.28
2026-05-21 09:38:30,.68, Kemiringan (roll) : -2.28
2026-05-21 09:38:30,.68, Kemiringan (roll) : -2.28
2026-05-21 09:38:30,.68, Kemiringan (roll) : -2.28
2026-05-21 09:38:30,.68, Kemiringan (roll) : -2.28
2026-05-21 09:38:30,.68, Kemiringan (roll) : -2.28
2026-05-21 09:38:30,.68, Kemiringan (roll) : -2.28
2026-05-21 09:38:30,.68, Kemiringan (roll) : -2.28
2026-05-21 09:38:30,.68, Kemiringan (roll) : -2.28
2026-05-21 09:38:30,.68, Kemiringan (roll) : -2.28
2026-05-21 09:38:30,.68, Kemiringan (roll) : -2.28
2026-05-21 09:38:30,.68, Kemiringan (roll) : -2.28
2026-05-21 09:38:30,.68, Kemiringan (roll) : -2.28
2026-05-21 09:38:30,.68, Kemiringan (roll) : -2.28
2026-05-21 09:38:30,.68, Kemiringan (roll) : -2.28
2026-05-21 09:38:30,.68, Kemiringan (roll) : -2.28
2026-05-21 09:38:30,.68, Kemiringan (roll) : -2.28
2026-05-21 09:38:30,.68, Kemiringan (roll) : -2.28
2026-05-21 09:38:30,.68, Kemiringan (roll) : -2.28
2026-05-21 09:38:30,.68, Kemiringan (roll) : -2.28
2026-05-21 09:38:30,.68, Kemiringan (roll) : -2.28
2026-05-21 09:38:30,.68, Kemiringan (roll) : -2.28
2026-05-21 09:38:30,.68, Kemiringan (roll) : -2.28
2026-05-21 09:38:30,.68, Kemiringan (roll) : -2.28
2026-05-21 09:38:30,.68, Kemiringan (roll) : -2.28
2026-05-21 09:38:30,.68, Kemiringan (roll) : -2.28
2026-05-21 09:38:30,.68, Kemiringan (roll) : -2.28
2026-05-21 09:38:30,.68, Kemiringan (roll) : -2.28
2026-05-21 09:38:30,.68, Kemiringan (roll) : -2.28
2026-05-21 09:38:30,.68, Kemiringan (roll) : -2.28
2026-05-21 09:38:30,.68, Kemiringan (roll) : -2.28
2026-05-21 09:38:30,.68, Kemiringan (roll) : -2.28
2026-05-21 09:38:30,.68, Kemiringan (roll) : -2.28
2026-05-21 09:38:30,.68, Kemiringan (roll) : -2.28
2026-05-21 09:38:30,.68, Kemiringan (roll) : -2.28
2026-05-21 09:38:30,.68, Kemiringan (roll) : -2.28
2026-05-21 09:38:30,.68, Kemiringan (roll) : -2.28
2026-05-21 09:38:30,.68, Kemiringan (roll) : -2.28
2026-05-21 09:38:30,.68, Kemiringan (roll) : -2.28
2026-05-21 09:38:30,.68, Kemiringan (roll) : -2.28
2026-05-21 09:38:30,.68, Kemiringan (roll) : -2.28
2026-05-21 09:38:30,.68, Kemiringan (roll) : -2.28
2026-05-21 09:38:30,.68, Kemiringan (roll) : -2.28
2026-05-21 09:38:30,.68, Kemiringan (roll) : -2.28
2026-05-21 09:38:30,.68, Kemiringan (roll) : -2.28
2026-05-21 09:38:30,.68, Kemiringan (roll) : -2.28
2026-05-21 09:38:30,.68, Kemiringan (roll) : -2.28
2026-05-21 09:38:30,.68, Kemiringan (roll) : -2.28
2026-05-21 09:38:30,.68, Kemiringan (roll) : -2.28
2026-05-21 09:38:30,.68, Kemiringan (roll) : -2.28
2026-05-21 09:38:30,.68, Kemiringan (roll) : -2.28
2026-05-21 09:38:30,.68, Kemiringan (roll) : -2.28
2026-05-21 09:38:30,.68, Kemiringan (roll) : -2.28
2026-05-21 09:38:30,.68, Kemiringan (roll) : -2.28
2026-05-21 09:38:30,.68, Kemiringan (roll) : -2.28
2026-05-21 09:38:30,.68, Kemiringan (roll) : -2.28
2026-05-21 09:38:30,.68, Kemiringan (roll) : -2.28
2026-05-21 09:38:30,.68, Kemiringan (roll) : -2.28
2026-05-21 09:38:30,.68, Kemiringan (roll) : -2.28
2026-05-21 09:38:30,.68, Kemiringan (roll) : -2.28
2026-05-21 09:38:30,.68, Kemiringan (roll) : -2.28
2026-05-21 09:38:30,.68, Kemiringan (roll) : -2.28
2026-05-21 09:38:30,.68, Kemiringan (roll) : -2.28
2026-05-21 09:38:30,.68, Kemiringan (roll) : -2.28
2026-05-21 09:38:30,.68, Kemiringan (roll) : -2.28
2026-05-21 09:38:30,.68, Kemiringan (roll) : -2.28
2026-05-21 09:38:30,.68, Kemiringan (roll) : -2.28
2026-05-21 09:38:30,.68, Kemiringan (roll) : -2.28
2026-05-21 09:38:30,.68, Kemiringan (roll) : -2.28
2026-05-21 09:38:30,.68, Kemiringan (roll) : -2.28
2026-05-21 09:38:30,.68, Kemiringan (roll) : -2.28
2026-05-21 09:38:30,.68, Kemiringan (roll) : -2.28
2026-05-21 09:38:30,.68, Kemiringan (roll) : -2.28
2026-05-21 09:38:30,.68, Kemiringan (roll) : -2.28
2026-05-21 09:38:30,.68, Kemiringan (roll) : -2.28
2026-05-21 09:38:30,.68, Kemiringan (roll) : -2.28
2026-05-21 09:38:30,.68, Kemiringan (roll) : -2.28
2026-05-21 09:38:30,.68, Kemiringan (roll) : -2.28
2026-05-21 09:38:30,.68, Kemiringan (roll) : -2.28
2026-05-21 09:38:30,.68, Kemiringan (roll) : -2.28
2026-05-21 09:38:30,.68, Kemiringan (roll) : -2.28
2026-05-21 09:38:30,.68, Kemiringan (roll) : -2.28
2026-05-21 09:38:30,.68, Kemiringan (roll) : -2.28
2026-05-21 09:38:30,.68, Kemiringan (roll) : -2.28
2026-05-21 09:38:30,.68, Kemiringan (roll) : -2.28
2026-05-21 09:38:30,.68, Kemiringan (roll) : -2.28
2026-05-21 09:38:30,.68, Kemiringan (roll) : -2.28
2026-05-21 09:38:30,.68, Kemiringan (roll) : -2.28
2026-05-21 09:38:30,.68, Kemiringan (roll) : -2.28
2026-05-21 09:38:30,.68, Kemiringan (roll) : -2.28
2026-05-21 09:38:30,.68, Kemiringan (roll) : -2.28
2026-05-21 09:38:30,.68, Kemiringan (roll) : -2.28
2026-05-21 09:38:30,.68, Kemiringan (roll) : -2.28
2026-05-21 09:38:30,.68, Kemiringan (roll) : -2.28
2026-05-21 09:38:30,.68, Kemiringan (roll) : -2.28
2026-05-21 09:38:30,.68, Kemiringan (roll) : -2.28
2026-05-21 09:38:30,.68, Kemiringan (roll) : -2.28
2026-05-21 09:38:30,.68, Kemiringan (roll) : -2.28
2026-05-21 09:38:30,.68, Kemiringan (roll) : -2.28
2026-05-21 09:38:30,.68, Kemiringan (roll) : -2.28
2026-05-21 09:38:30,.68, Kemiringan (roll) : -2.28
2026-05-21 09:38:30,.68, Kemiringan (roll) : -2.28
2026-05-21 09:38:30,.68, Kemiringan (roll) : -2.28
2026-05-21 09:38:30,.68, Kemiringan (roll) : -2.28
2026-05-21 09:38:30,.68, Kemiringan (roll) : -2.28
2026-05-21 09:38:30,.68, Kemiringan (roll) : -2.28
2026-05-21 09:38:30,.68, Kemiringan (roll) : -2.28
2026-05-21 09:38:30,.68, Kemiringan (roll) : -2.28
2026-05-21 09:38:30,.68, Kemiringan (roll) : -2.28
2026-05-21 09:38:30,.68, Kemiringan (roll) : -2.28
2026-05-21 09:38:30,.68, Kemiringan (roll) : -2.28
2026-05-21 09:38:30,.68, Kemiringan (roll) : -2.28
2026-05-21 09:38:30,.68, Kemiringan (roll) : -2.28
2026-05-21 09:38:30,.68, Kemiringan (roll) : -2.28
2026-05-21 09:38:30,.68, Kemiringan (roll) : -2.28
2026-05-21 09:38:30,.68, Kemiringan (roll) : -2.28
2026-05-21 09:38:30,.68, Kemiringan (roll) : -2.28
2026-05-21 09:38:30,.68, Kemiringan (roll) : -2.28
2026-05-21 09:38:30,.68, Kemiringan (roll) : -2.28
2026-05-21 09:38:30,.68, Kemiringan (roll) : -2.28
2026-05-21 09:38:30,.68, Kemiringan (roll) : -2.28
2026-05-21 09:38:30,.68, Kemiringan (roll) : -2.28
2026-05-21 09:38:30,.68, Kemiringan (roll) : -2.28
2026-05-21 09:38:30,.68, Kemiringan (roll) : -2.28
2026-05-21 09:38:30,.68, Kemiringan (roll) : -2.28
2026-05-21 09:38:30,.68, Kemiringan (roll) : -2.28
2026-05-21 09:38:30,.68, Kemiringan (roll) : -2.28
2026-05-21 09:38:30,.68, Kemiringan (roll) : -2.28
2026-05-21 09:38:30,.68, Kemiringan (roll) : -2.28
2026-05-21 09:38:30,.68, Kemiringan (roll) : -2.28
2026-05-21 09:38:30,.68, Kemiringan (roll) : -2.28
2026-05-21 09:38:30,.68, Kemiringan (roll) : -2.28
2026-05-21 09:38:30,.68, Kemiringan (roll) : -2.28
2026-05-21 09:38:30,.68, Kemiringan (roll) : -2.28
2026-05-21 09:38:30,.68, Kemiringan (roll) : -2.28
2026-05-21 09:38:30,.68, Kemiringan (roll) : -2.28
2026-05-21 09:38:30,.68, Kemiringan (roll) : -2.28
2026-05-21 09:38:30,.68, Kemiringan (roll) : -2.28
2026-05-21 09:38:30,.68, Kemiringan (roll) : -2.28
2026-05-21 09:38:30,.68, Kemiringan (roll) : -2.28
2026-05-21 09:38:30,.68, Kemiringan (roll) : -2.28
2026-05-21 09:38:30,.68, Kemiringan (roll) : -2.28
2026-05-21 09:38:30,.68, Kemiringan (roll) : -2.28
2026-05-21 09:38:30,.68, Kemiringan (roll) : -2.28
2026-05-21 09:38:30,.68, Kemiringan (roll) : -2.28
2026-05-21 09:38:30,.68, Kemiringan (roll) : -2.28
2026-05-21 09:38:30,.68, Kemiringan (roll) : -2.28
2026-05-21 09:38:30,.68, Kemiringan (roll) : -2.28
2026-05-21 09:38:30,.68, Kemiringan (roll) : -2.28
2026-05-21 09:38:30,.68, Kemiringan (roll) : -2.28
2026-05-21 09:38:30,.68, Kemiringan (roll) : -2.28
2026-05-21 09:38:30,.68, Kemiringan (roll) : -2.28
2026-05-21 09:38:30,.68, Kemiringan (roll) : -2.28
2026-05-21 09:38:30,.68, Kemiringan (roll) : -2.28
2026-05-21 09:38:30,.68, Kemiringan (roll) : -2.28
2026-05-21 09:38:30,.68, Kemiringan (roll) : -2.28
2026-05-21 09:38:30,.68, Kemiringan (roll) : -2.28
2026-05-21 09:38:30,.68, Kemiringan (roll) : -2.28
2026-05-21 09:38:30,.68, Kemiringan (roll) : -2.28
2026-05-21 09:38:30,.68, Kemiringan (roll) : -2.28
2026-05-21 09:38:30,.68, Kemiringan (roll) : -2.28
2026-05-21 09:38:30,.68, Kemiringan (roll) : -2.28
2026-05-21 09:38:30,.68, Kemiringan (roll) : -2.28
2026-05-21 09:38:30,.68, Kemiringan (roll) : -2.28
2026-05-21 09:38:30,.68, Kemiringan (roll) : -2.28
2026-05-21 09:38:30,.68, Kemiringan (roll) : -2.28
2026-05-21 09:38:30,.68, Kemiringan (roll) : -2.28
2026-05-21 09:38:30,.68, Kemiringan (roll) : -2.28
2026-05-21 09:38:30,.68, Kemiringan (roll) : -2.28
2026-05-21 09:38:30,.68, Kemiringan (roll) : -2.28
2026-05-21 09:38:30,.68, Kemiringan (roll) : -2.28
2026-05-21 09:38:30,.68, Kemiringan (roll) : -2.28
2026-05-21 09:38:30,.68, Kemiringan (roll) : -2.28
2026-05-21 09:38:30,.68, Kemiringan (roll) : -2.28
2026-05-21 09:38:30,.68, Kemiringan (roll) : -2.28
2026-05-21 09:38:30,.68, Kemiringan (roll) : -2.28
2026-05-21 09:38:30,.68, Kemiringan (roll) : -2.28
2026-05-21 09:38:30,.68, Kemiringan (roll) : -2.28
2026-05-21 09:38:30,.68, Kemiringan (roll) : -2.28
2026-05-21 09:38:30,.68, Kemiringan (roll) : -2.28
2026-05-21 09:38:30,.68, Kemiringan (roll) : -2.28
2026-05-21 09:38:30,.68, Kemiringan (roll) : -2.28
2026-05-21 09:38:30,.68, Kemiringan (roll) : -2.28
2026-05-21 09:38:30,.68, Kemiringan (roll) : -2.28
2026-05-21 09:38:30,.68, Kemiringan (roll) : -2.28
2026-05-21 09:38:30,.68, Kemiringan (roll) : -2.28
2026-05-21 09:38:30,.68, Kemiringan (roll) : -2.28
2026-05-21 09:38:30,.68, Kemiringan (roll) : -2.28
2026-05-21 09:38:30,.68, Kemiringan (roll) : -2.28
2026-05-21 09:38:30,.68, Kemiringan (roll) : -2.28
2026-05-21 09:38:30,.68, Kemiringan (roll) : -2.28
2026-05-21 09:38:30,.68, Kemiringan (roll) : -2.28
2026-05-21 09:38:30,.68, Kemiringan (roll) : -2.28
2026-05-21 09:38:30,.68, Kemiringan (roll) : -2.28
2026-05-21 09:38:30,.68, Kemiringan (roll) : -2.28
2026-05-21 09:38:30,.68, Kemiringan (roll) : -2.28
2026-05-21 09:38:30,.68, Kemiringan (roll) : -2.28
2026-05-21 09:38:30,.68, Kemiringan (roll) : -2.28
2026-05-21 09:38:30,.68, Kemiringan (roll) : -2.28
2026-05-21 09:38:30,.68, Kemiringan (roll) : -2.28
2026-05-21 09:38:30,.68, Kemiringan (roll) : -2.28
2026-05-21 09:38:30,.68, Kemiringan (roll) : -2.28
2026-05-21 09:38:30,.68, Kemiringan (roll) : -2.28
2026-05-21 09:38:30,.68, Kemiringan (roll) : -2.28
2026-05-21 09:38:30,.68, Kemiringan (roll) : -2.28
2026-05-21 09:38:30,.68, Kemiringan (roll) : -2.28
2026-05-21 09:38:30,.68, Kemiringan (roll) : -2.28
2026-05-21 09:38:30,.68, Kemiringan (roll) : -2.28
2026-05-21 09:38:30,.68, Kemiringan (roll) : -2.28
2026-05-21 09:38:30,.68, Kemiringan (roll) : -2.28
2026-05-21 09:38:30,.68, Kemiringan (roll) : -2.28
2026-05-21 09:38:30,.68, Kemiringan (roll) : -2.28
2026-05-21 09:38:30,.68, Kemiringan (roll) : -2.28
2026-05-21 09:38:30,.68, Kemiringan (roll) : -2.28
2026-05-21 09:38:30,.68, Kemiringan (roll) : -2.28
2026-05-21 09:38:30,.68, Kemiringan (roll) : -2.28
2026-05-21 09:38:30,.68, Kemiringan (roll) : -2.28
2026-05-21 09:38:30,.68, Kemiringan (roll) : -2.28
2026-05-21 09:38:30,.68, Kemiringan (roll) : -2.28
2026-05-21 09:38:30,.68, Kemiringan (roll) : -2.28
2026-05-21 09:38:30,.68, Kemiringan (roll) : -2.28
2026-05-21 09:38:30,.68, Kemiringan (roll) : -2.28
2026-05-21 09:38:30,.68, Kemiringan (roll) : -2.28
2026-05-21 09:38:30,.68, Kemiringan (roll) : -2.28
2026-05-21 09:38:30,.68, Kemiringan (roll) : -2.28
2026-05-21 09:38:30,.68, Kemiringan (roll) : -2.28
2026-05-21 09:38:30,.68, Kemiringan (roll) : -2.28
2026-05-21 09:38:30,.68, Kemiringan (roll) : -2.28
2026-05-21 09:38:30,.68, Kemiringan (roll) : -2.28
2026-05-21 09:38:30,.68, Kemiringan (roll) : -2.28
2026-05-21 09:38:30,.68, Kemiringan (roll) : -2.28
2026-05-21 09:38:30,.68, Kemiringan (roll) : -2.28
2026-05-21 09:38:30,.68, Kemiringan (roll) : -2.28
2026-05-21 09:38:30,.68, Kemiringan (roll) : -2.28
2026-05-21 09:38:30,.68, Kemiringan (roll) : -2.28
2026-05-21 09:38:30,.68, Kemiringan (roll) : -2.28
2026-05-21 09:38:30,.68, Kemiringan (roll) : -2.28
2026-05-21 09:38:30,.68, Kemiringan (roll) : -2.28
2026-05-21 09:38:30,.68, Kemiringan (roll) : -2.28
2026-05-21 09:38:30,.68, Kemiringan (roll) : -2.28
2026-05-21 09:38:30,.68, Kemiringan (roll) : -2.28
2026-05-21 09:38:30,.68, Kemiringan (roll) : -2.28
2026-05-21 09:38:30,.68, Kemiringan (roll) : -2.28
2026-05-21 09:38:30,.68, Kemiringan (roll) : -2.28
2026-05-21 09:38:30,.68, Kemiringan (roll) : -2.28
2026-05-21 09:38:30,.68, Kemiringan (roll) : -2.28
2026-05-21 09:38:30,.68, Kemiringan (roll) : -2.28
2026-05-21 09:38:30,.68, Kemiringan (roll) : -2.28
2026-05-21 09:38:30,.68, Kemiringan (roll) : -2.28
2026-05-21 09:38:30,.68, Kemiringan (roll) : -2.28
2026-05-21 09:38:30,.68, Kemiringan (roll) : -2.28
2026-05-21 09:38:30,.68, Kemiringan (roll) : -2.28
2026-05-21 09:38:30,.68, Kemiringan (roll) : -2.28
2026-05-21 09:38:30,.68, Kemiringan (roll) : -2.28
2026-05-21 09:38:30,.68, Kemiringan (roll) : -2.28
2026-05-21 09:38:30,.68, Kemiringan (roll) : -2.28
2026-05-21 09:38:30,.68, Kemiringan (roll) : -2.28
2026-05-21 09:38:30,.68, Kemiringan (roll) : -2.28
2026-05-21 09:38:30,.68, Kemiringan (roll) : -2.28
2026-05-21 09:38:30,.68, Kemiringan (roll) : -2.28
2026-05-21 09:38:30,.68, Kemiringan (roll) : -2.28
2026-05-21 09:38:30,.68, Kemiringan (roll) : -2.28
2026-05-21 09:38:30,.68, Kemiringan (roll) : -2.28
2026-05-21 09:38:30,.68, Kemiringan (roll) : -2.28
2026-05-21 09:38:30,.68, Kemiringan (roll) : -2.28
2026-05-21 09:38:30,.68, Kemiringan (roll) : -2.28
2026-05-21 09:38:30,.68, Kemiringan (roll) : -2.28
2026-05-21 09:38:30,.68, Kemiringan (roll) : -2.28
2026-05-21 09:38:30,.68, Kemiringan (roll) : -2.28
2026-05-21 09:38:30,.68, Kemiringan (roll) : -2.28
2026-05-21 09:38:30,.68, Kemiringan (roll) : -2.28
2026-05-21 09:38:30,.68, Kemiringan (roll) : -2.28
2026-05-21 09:38:30,.68, Kemiringan (roll) : -2.28
2026-05-21 09:38:30,.68, Kemiringan (roll) : -2.28
2026-05-21 09:38:30,.68, Kemiringan (roll) : -2.28
2026-05-21 09:38:30,.68, Kemiringan (roll) : -2.28
2026-05-21 09:38:30,.68, Kemiringan (roll) : -2.28
2026-05-21 09:38:30,.68, Kemiringan (roll) : -2.28
2026-05-21 09:38:30,.68, Kemiringan (roll) : -2.28
2026-05-21 09:38:30,.68, Kemiringan (roll) : -2.28
2026-05-21 09:38:30,.68, Kemiringan (roll) : -2.28
2026-05-21 09:38:30,.68, Kemiringan (roll) : -2.28
2026-05-21 09:38:30,.68, Kemiringan (roll) : -2.28
2026-05-21 09:38:30,.68, Kemiringan (roll) : -2.28
2026-05-21 09:38:30,.68, Kemiringan (roll) : -2.28
2026-05-21 09:38:30,.68, Kemiringan (roll) : -2.28
2026-05-21 09:38:30,.68, Kemiringan (roll) : -2.28
2026-05-21 09:38:30,.68, Kemiringan (roll) : -2.28
2026-05-21 09:38:30,.68, Kemiringan (roll) : -2.28
2026-05-21 09:38:30,.68, Kemiringan (roll) : -2.28
2026-05-21 09:38:30,.68, Kemiringan (roll) : -2.28
2026-05-21 09:38:30,.68, Kemiringan (roll) : -2.28
2026-05-21 09:38:30,.68, Kemiringan (roll) : -2.28
2026-05-21 09:38:30,.68, Kemiringan (roll) : -2.28
2026-05-21 09:38:30,.68, Kemiringan (roll) : -2.28
2026-05-21 09:38:30,.68, Kemiringan (roll) : -2.28
2026-05-21 09:38:30,.68, Kemiringan (roll) : -2.28
2026-05-21 09:38:30,.68, Kemiringan (roll) : -2.28
2026-05-21 09:38:30,.68, Kemiringan (roll) : -2.28
2026-05-21 09:38:30,.68, Kemiringan (roll) : -2.28
2026-05-21 09:38:30,.68, Kemiringan (roll) : -2.28
2026-05-21 09:38:30,.68, Kemiringan (roll) : -2.28
2026-05-21 09:38:30,.68, Kemiringan (roll) : -2.28
2026-05-21 09:38:30,.68, Kemiringan (roll) : -2.28
2026-05-21 09:38:30,.68, Kemiringan (roll) : -2.28
2026-05-21 09:38:30,.68, Kemiringan (roll) : -2.28
2026-05-21 09:38:30,.68, Kemiringan (roll) : -2.28
2026-05-21 09:38:30,.68, Kemiringan (roll) : -2.28
2026-05-21 09:38:30,.68, Kemiringan (roll) : -2.28
2026-05-21 09:38:30,.68, Kemiringan (roll) : -2.28
2026-05-21 09:38:30,.68, Kemiringan (roll) : -2.28
2026-05-21 09:38:30,.68, Kemiringan (roll) : -2.28
2026-05-21 09:38:30,.68, Kemiringan (roll) : -2.28
2026-05-21 09:38:30,.68, Kemiringan (roll) : -2.28
2026-05-21 09:38:30,.68, Kemiringan (roll) : -2.28
2026-05-21 09:38:30,.68, Kemiringan (roll) : -2.28
2026-05-21 09:38:30,.68, Kemiringan (roll) : -2.28
2026-05-21 09:38:30,.68, Kemiringan (roll) : -2.28
2026-05-21 09:38:30,.68, Kemiringan (roll) : -2.28
2026-05-21 09:38:30,.68, Kemiringan (roll) : -2.28
2026-05-21 09:38:30,.68, Kemiringan (roll) : -2.28
2026-05-21 09:38:30,.68, Kemiringan (roll) : -2.28
2026-05-21 09:38:30,.68, Kemiringan (roll) : -2.28
2026-05-21 09:38:30,.68, Kemiringan (roll) : -2.28
2026-05-21 09:38:30,.68, Kemiringan (roll) : -2.28
2026-05-21 09:38:30,.68, Kemiringan (roll) : -2.28
2026-05-21 09:38:30,.68, Kemiringan (roll) : -2.28
2026-05-21 09:38:30,.68, Kemiringan (roll) : -2.28
2026-05-21 09:38:30,.68, Kemiringan (roll) : -2.28
2026-05-21 09:38:30,.68, Kemiringan (roll) : -2.28
2026-05-21 09:38:30,.68, Kemiringan (roll) : -2.28
2026-05-21 09:38:30,.68, Kemiringan (roll) : -2.28
2026-05-21 09:38:30,.68, Kemiringan (roll) : -2.28
2026-05-21 09:38:30,.68, Kemiringan (roll) : -2.28
2026-05-21 09:38:30,.68, Kemiringan (roll) : -2.28
2026-05-21 09:38:30,.68, Kemiringan (roll) : -2.28
2026-05-21 09:38:30,.68, Kemiringan (roll) : -2.28
2026-05-21 09:38:30,.68, Kemiringan (roll) : -2.28
2026-05-21 09:38:30,.68, Kemiringan (roll) : -2.28
2026-05-21 09:38:30,.68, Kemiringan (roll) : -2.28
2026-05-21 09:38:30,.68, Kemiringan (roll) : -2.28
2026-05-21 09:38:30,.68, Kemiringan (roll) : -2.28
2026-05-21 09:38:30,.68, Kemiringan (roll) : -2.28
2026-05-21 09:38:30,.68, Kemiringan (roll) : -2.28
2026-05-21 09:38:30,.68, Kemiringan (roll) : -2.28
2026-05-21 09:38:30,.68, Kemiringan (roll) : -2.28
2026-05-21 09:38:30,.68, Kemiringan (roll) : -2.28
2026-05-21 09:38:30,.68, Kemiringan (roll) : -2.28
2026-05-21 09:38:30,.68, Kemiringan (roll) : -2.28
2026-05-21 09:38:30,.68, Kemiringan (roll) : -2.28
2026-05-21 09:38:30,.68, Kemiringan (roll) : -2.28
2026-05-21 09:38:30,.68, Kemiringan (roll) : -2.28
2026-05-21 09:38:30,.68, Kemiringan (roll) : -2.28
2026-05-21 09:38:30,.68, Kemiringan (roll) : -2.28
2026-05-21 09:38:30,.68, Kemiringan (roll) : -2.28
2026-05-21 09:38:30,.68, Kemiringan (roll) : -2.28
2026-05-21 09:38:30,.68, Kemiringan (roll) : -2.28
2026-05-21 09:38:30,.68, Kemiringan (roll) : -2.28
2026-05-21 09:38:30,.68, Kemiringan (roll) : -2.28
2026-05-21 09:38:30,.68, Kemiringan (roll) : -2.28
2026-05-21 09:38:30,.68, Kemiringan (roll) : -2.28
2026-05-21 09:38:30,.68, Kemiringan (roll) : -2.28
2026-05-21 09:38:30,.68, Kemiringan (roll) : -2.28
2026-05-21 09:38:30,.68, Kemiringan (roll) : -2.28
2026-05-21 09:38:30,.68, Kemiringan (roll) : -2.28
2026-05-21 09:38:30,.68, Kemiringan (roll) : -2.28
2026-05-21 09:38:30,.68, Kemiringan (roll) : -2.28
2026-05-21 09:38:30,.68, Kemiringan (roll) : -2.28
2026-05-21 09:38:30,.68, Kemiringan (roll) : -2.28
2026-05-21 09:38:30,.68, Kemiringan (roll) : -2.28
2026-05-21 09:38:30,.68, Kemiringan (roll) : -2.28
2026-05-21 09:38:30,.68, Kemiringan (roll) : -2.28
2026-05-21 09:38:30,.68, Kemiringan (roll) : -2.28
2026-05-21 09:38:30,.68, Kemiringan (roll) : -2.28
2026-05-21 09:38:30,.68, Kemiringan (roll) : -2.28
2026-05-21 09:38:30,.68, Kemiringan (roll) : -2.28
2026-05-21 09:38:30,.68, Kemiringan (roll) : -2.28
2026-05-21 09:38:30,.68, Kemiringan (roll) : -2.28
2026-05-21 09:38:30,.68, Kemiringan (roll) : -2.28
2026-05-21 09:38:30,.68, Kemiringan (roll) : -2.28
2026-05-21 09:38:30,.68, Kemiringan (roll) : -2.28
2026-05-21 09:38:30,.68, Kemiringan (roll) : -2.28
2026-05-21 09:38:30,.68, Kemiringan (roll) : -2.28
2026-05-21 09:38:30,.68, Kemiringan (roll) : -2.28
2026-05-21 09:38:30,.68, Kemiringan (roll) : -2.28
2026-05-21 09:38:30,.68, Kemiringan (roll) : -2.28
2026-05-21 09:38:30,.68, Kemiringan (roll) : -2.28
2026-05-21 09:38:30,.68, Kemiringan (roll) : -2.28
2026-05-21 09:38:30,.68, Kemiringan (roll) : -2.28
2026-05-21 09:38:30,.68, Kemiringan (roll) : -2.28
2026-05-21 09:38:30,.68, Kemiringan (roll) : -2.28
2026-05-21 09:38:30,.68, Kemiringan (roll) : -2.28
2026-05-21 09:38:30,.68, Kemiringan (roll) : -2.28
2026-05-21 09:38:30,.68, Kemiringan (roll) : -2.28
2026-05-21 09:38:30,.68, Kemiringan (roll) : -2.28
2026-05-21 09:38:30,.68, Kemiringan (roll) : -2.28
2026-05-21 09:38:30,.68, Kemiringan (roll) : -2.28
2026-05-21 09:38:30,.68, Kemiringan (roll) : -2.28
2026-05-21 09:38:30,.68, Kemiringan (roll) : -2.28
2026-05-21 09:38:30,.68, Kemiringan (roll) : -2.28
2026-05-21 09:38:30,.68, Kemiringan (roll) : -2.28
2026-05-21 09:38:30,.68, Kemiringan (roll) : -2.28
2026-05-21 09:38:30,.68, Kemiringan (roll) : -2.28
2026-05-21 09:38:30,.68, Kemiringan (roll) : -2.28
2026-05-21 09:38:30,.68, Kemiringan (roll) : -2.28
2026-05-21 09:38:30,.68, Kemiringan (roll) : -2.28
2026-05-21 09:38:30,.68, Kemiringan (roll) : -2.28
2026-05-21 09:38:30,.68, Kemiringan (roll) : -2.28
2026-05-21 09:38:30,.68, Kemiringan (roll) : -2.28
2026-05-21 09:38:30,.68, Kemiringan (roll) : -2.28
2026-05-21 09:38:30,.68, Kemiringan (roll) : -2.28
2026-05-21 09:38:30,.68, Kemiringan (roll) : -2.28
2026-05-21 09:38:30,.68, Kemiringan (roll) : -2.28
2026-05-21 09:38:30,.68, Kemiringan (roll) : -2.28
2026-05-21 09:38:30,.68, Kemiringan (roll) : -2.28
2026-05-21 09:38:30,.68, Kemiringan (roll) : -2.28
2026-05-21 09:38:30,.68, Kemiringan (roll) : -2.28
2026-05-21 09:38:30,.68, Kemiringan (roll) : -2.28
2026-05-21 09:38:30,.68, Kemiringan (roll) : -2.28
2026-05-21 09:38:30,.68, Kemiringan (roll) : -2.28
2026-05-21 09:38:30,.68, Kemiringan (roll) : -2.28
2026-05-21 09:38:30,.68, Kemiringan (roll) : -2.28
2026-05-21 09:38:30,.68, Kemiringan (roll) : -2.28
2026-05-21 09:38:30,.68, Kemiringan (roll) : -2.28
2026-05-21 09:38:30,.68, Kemiringan (roll) : -2.28
2026-05-21 09:38:30,.68, Kemiringan (roll) : -2.28
2026-05-21 09:38:30,.68, Kemiringan (roll) : -2.28
2026-05-21 09:38:30,.68, Kemiringan (roll) : -2.28
2026-05-21 09:38:30,.68, Kemiringan (roll) : -2.28
2026-05-21 09:38:30,.68, Kemiringan (roll) : -2.28
2026-05-21 09:38:30,.68, Kemiringan (roll) : -2.28
2026-05-21 09:38:30,.68, Kemiringan (roll) : -2.28
2026-05-21 09:38:30,.68, Kemiringan (roll) : -2.28
2026-05-21 09:38:30,.68, Kemiringan (roll) : -2.28
2026-05-21 09:38:30,.68, Kemiringan (roll) : -2.28
2026-05-21 09:38:30,.68, Kemiringan (roll) : -2.28
2026-05-21 09:38:30,.68, Kemiringan (roll) : -2.28
2026-05-21 09:38:30,.68, Kemiringan (roll) : -2.28
2026-05-21 09:38:30,.68, Kemiringan (roll) : -2.28
2026-05-21 09:38:30,.68, Kemiringan (roll) : -2.28
2026-05-21 09:38:30,.68, Kemiringan (roll) : -2.28
2026-05-21 09:38:30,.68, Kemiringan (roll) : -2.28
2026-05-21 09:38:30,.68, Kemiringan (roll) : -2.28
2026-05-21 09:38:30,.68, Kemiringan (roll) : -2.28
2026-05-21 09:38:30,.68, Kemiringan (roll) : -2.28
2026-05-21 09:38:30,.68, Kemiringan (roll) : -2.28
2026-05-21 09:38:30,.68, Kemiringan (roll) : -2.28
2026-05-21 09:38:30,.68, Kemiringan (roll) : -2.28
2026-05-21 09:38:30,.68, Kemiringan (roll) : -2.28
2026-05-21 09:38:30,.68, Kemiringan (roll) : -2.28
2026-05-21 09:38:30,.68, Kemiringan (roll) : -2.28
2026-05-21 09:38:30,.68, Kemiringan (roll) : -2.28
2026-05-21 09:38:30,.68, Kemiringan (roll) : -2.28
2026-05-21 09:38:30,.68, Kemiringan (roll) : -2.28
2026-05-21 09:38:30,.68, Kemiringan (roll) : -2.28
2026-05-21 09:38:30,.68, Kemiringan (roll) : -2.28
2026-05-21 09:38:30,.68, Kemiringan (roll) : -2.28
2026-05-21 09:38:30,.68, Kemiringan (roll) : -2.28
2026-05-21 09:38:30,.68, Kemiringan (roll) : -2.28
2026-05-21 09:38:30,.68, Kemiringan (roll) : -2.28
2026-05-21 09:38:30,.68, Kemiringan (roll) : -2.28
2026-05-21 09:38:30,.68, Kemiringan (roll) : -2.28
2026-05-21 09:38:30,.68, Kemiringan (roll) : -2.28
2026-05-21 09:38:30,.68, Kemiringan (roll) : -2.28
2026-05-21 09:38:30,.68, Kemiringan (roll) : -2.28
2026-05-21 09:38:30,.68, Kemiringan (roll) : -2.28
2026-05-21 09:38:30,.68, Kemiringan (roll) : -2.28
2026-05-21 09:38:30,2027.46, Kemiringan (pitch) : 0.80, Kemiringan (roll) : -2.28
2026-05-21 09:38:30,.80, Kemiringan (roll) : -2.28
2026-05-21 09:38:30,.80, Kemiringan (roll) : -2.28
2026-05-21 09:38:30,.80, Kemiringan (roll) : -2.28
2026-05-21 09:38:30,.80, Kemiringan (roll) : -2.28
2026-05-21 09:38:30,.80, Kemiringan (roll) : -2.28
2026-05-21 09:38:30,.80, Kemiringan (roll) : -2.28
2026-05-21 09:38:30,.80, Kemiringan (roll) : -2.28
2026-05-21 09:38:30,.80, Kemiringan (roll) : -2.28
2026-05-21 09:38:30,.80, Kemiringan (roll) : -2.28
2026-05-21 09:38:30,.80, Kemiringan (roll) : -2.28
2026-05-21 09:38:30,.80, Kemiringan (roll) : -2.28
2026-05-21 09:38:30,.80, Kemiringan (roll) : -2.28
2026-05-21 09:38:30,.80, Kemiringan (roll) : -2.28
2026-05-21 09:38:30,.80, Kemiringan (roll) : -2.28
2026-05-21 09:38:30,.80, Kemiringan (roll) : -2.28
2026-05-21 09:38:30,.80, Kemiringan (roll) : -2.28
2026-05-21 09:38:30,.80, Kemiringan (roll) : -2.28
2026-05-21 09:38:30,.80, Kemiringan (roll) : -2.28
2026-05-21 09:38:30,.80, Kemiringan (roll) : -2.28
2026-05-21 09:38:30,.80, Kemiringan (roll) : -2.28
2026-05-21 09:38:30,.80, Kemiringan (roll) : -2.28
2026-05-21 09:38:30,.80, Kemiringan (roll) : -2.28
2026-05-21 09:38:30,.80, Kemiringan (roll) : -2.28
2026-05-21 09:38:30,.80, Kemiringan (roll) : -2.28
2026-05-21 09:38:30,.80, Kemiringan (roll) : -2.28
2026-05-21 09:38:30,.80, Kemiringan (roll) : -2.28
2026-05-21 09:38:30,.80, Kemiringan (roll) : -2.28
2026-05-21 09:38:30,.80, Kemiringan (roll) : -2.28
2026-05-21 09:38:30,.80, Kemiringan (roll) : -2.28
2026-05-21 09:38:30,.80, Kemiringan (roll) : -2.28
2026-05-21 09:38:30,.80, Kemiringan (roll) : -2.28
2026-05-21 09:38:30,.80, Kemiringan (roll) : -2.28
2026-05-21 09:38:30,.80, Kemiringan (roll) : -2.28
2026-05-21 09:38:30,.80, Kemiringan (roll) : -2.28
2026-05-21 09:38:30,.80, Kemiringan (roll) : -2.28
2026-05-21 09:38:30,.80, Kemiringan (roll) : -2.28
2026-05-21 09:38:30,.80, Kemiringan (roll) : -2.28
2026-05-21 09:38:30,.80, Kemiringan (roll) : -2.28
2026-05-21 09:38:30,.80, Kemiringan (roll) : -2.28
2026-05-21 09:38:30,.80, Kemiringan (roll) : -2.28
2026-05-21 09:38:30,.80, Kemiringan (roll) : -2.28
2026-05-21 09:38:30,.80, Kemiringan (roll) : -2.28
2026-05-21 09:38:30,.80, Kemiringan (roll) : -2.28
2026-05-21 09:38:30,.80, Kemiringan (roll) : -2.28
2026-05-21 09:38:30,.80, Kemiringan (roll) : -2.28
2026-05-21 09:38:30,.80, Kemiringan (roll) : -2.28
2026-05-21 09:38:30,.80, Kemiringan (roll) : -2.28
2026-05-21 09:38:30,.80, Kemiringan (roll) : -2.28
2026-05-21 09:38:30,.80, Kemiringan (roll) : -2.28
2026-05-21 09:38:30,.80, Kemiringan (roll) : -2.28
2026-05-21 09:38:30,.80, Kemiringan (roll) : -2.28
2026-05-21 09:38:30,.80, Kemiringan (roll) : -2.28
2026-05-21 09:38:30,.80, Kemiringan (roll) : -2.28
2026-05-21 09:38:30,.80, Kemiringan (roll) : -2.28
2026-05-21 09:38:30,.80, Kemiringan (roll) : -2.28
2026-05-21 09:38:30,.80, Kemiringan (roll) : -2.28
2026-05-21 09:38:30,.80, Kemiringan (roll) : -2.28
2026-05-21 09:38:30,.80, Kemiringan (roll) : -2.28
2026-05-21 09:38:30,.80, Kemiringan (roll) : -2.28
2026-05-21 09:38:30,.80, Kemiringan (roll) : -2.28
2026-05-21 09:38:30,.80, Kemiringan (roll) : -2.28
2026-05-21 09:38:30,.80, Kemiringan (roll) : -2.28
2026-05-21 09:38:30,.80, Kemiringan (roll) : -2.28
2026-05-21 09:38:30,.80, Kemiringan (roll) : -2.28
2026-05-21 09:38:30,.80, Kemiringan (roll) : -2.28
2026-05-21 09:38:30,.80, Kemiringan (roll) : -2.28
2026-05-21 09:38:30,.80, Kemiringan (roll) : -2.28
2026-05-21 09:38:30,.80, Kemiringan (roll) : -2.28
2026-05-21 09:38:30,.80, Kemiringan (roll) : -2.28
2026-05-21 09:38:30,.80, Kemiringan (roll) : -2.28
2026-05-21 09:38:30,.80, Kemiringan (roll) : -2.28
2026-05-21 09:38:30,.80, Kemiringan (roll) : -2.28
2026-05-21 09:38:30,.80, Kemiringan (roll) : -2.28
2026-05-21 09:38:30,.80, Kemiringan (roll) : -2.28
2026-05-21 09:38:30,.80, Kemiringan (roll) : -2.28
2026-05-21 09:38:30,.80, Kemiringan (roll) : -2.28
2026-05-21 09:38:30,.80, Kemiringan (roll) : -2.28
2026-05-21 09:38:30,.80, Kemiringan (roll) : -2.28
2026-05-21 09:38:30,.80, Kemiringan (roll) : -2.28
2026-05-21 09:38:30,.80, Kemiringan (roll) : -2.28
2026-05-21 09:38:30,.80, Kemiringan (roll) : -2.28
2026-05-21 09:38:30,.80, Kemiringan (roll) : -2.28
2026-05-21 09:38:30,.80, Kemiringan (roll) : -2.28
2026-05-21 09:38:30,.80, Kemiringan (roll) : -2.28
2026-05-21 09:38:30,.80, Kemiringan (roll) : -2.28
2026-05-21 09:38:30,.80, Kemiringan (roll) : -2.28
2026-05-21 09:38:30,.80, Kemiringan (roll) : -2.28
2026-05-21 09:38:30,.80, Kemiringan (roll) : -2.28
2026-05-21 09:38:30,.80, Kemiringan (roll) : -2.28
2026-05-21 09:38:30,.80, Kemiringan (roll) : -2.28
2026-05-21 09:38:30,.80, Kemiringan (roll) : -2.28
2026-05-21 09:38:30,.80, Kemiringan (roll) : -2.28
2026-05-21 09:38:30,.80, Kemiringan (roll) : -2.28
2026-05-21 09:38:30,.80, Kemiringan (roll) : -2.28
2026-05-21 09:38:30,.80, Kemiringan (roll) : -2.28
2026-05-21 09:38:30,.80, Kemiringan (roll) : -2.28
2026-05-21 09:38:30,.80, Kemiringan (roll) : -2.28
2026-05-21 09:38:30,.80, Kemiringan (roll) : -2.28
2026-05-21 09:38:30,.80, Kemiringan (roll) : -2.28
2026-05-21 09:38:30,.80, Kemiringan (roll) : -2.28
2026-05-21 09:38:30,.80, Kemiringan (roll) : -2.28
2026-05-21 09:38:30,.80, Kemiringan (roll) : -2.28
2026-05-21 09:38:30,.80, Kemiringan (roll) : -2.28
2026-05-21 09:38:30,.80, Kemiringan (roll) : -2.28
2026-05-21 09:38:30,.80, Kemiringan (roll) : -2.28
2026-05-21 09:38:30,.80, Kemiringan (roll) : -2.28
2026-05-21 09:38:30,.80, Kemiringan (roll) : -2.28
2026-05-21 09:38:30,.80, Kemiringan (roll) : -2.28
2026-05-21 09:38:30,.80, Kemiringan (roll) : -2.28
2026-05-21 09:38:30,.80, Kemiringan (roll) : -2.28
2026-05-21 09:38:30,.80, Kemiringan (roll) : -2.28
2026-05-21 09:38:30,.80, Kemiringan (roll) : -2.28
2026-05-21 09:38:30,.80, Kemiringan (roll) : -2.28
2026-05-21 09:38:30,.80, Kemiringan (roll) : -2.28
2026-05-21 09:38:30,.80, Kemiringan (roll) : -2.28
2026-05-21 09:38:30,.80, Kemiringan (roll) : -2.28
2026-05-21 09:38:30,.80, Kemiringan (roll) : -2.28
2026-05-21 09:38:30,.80, Kemiringan (roll) : -2.28
2026-05-21 09:38:30,.80, Kemiringan (roll) : -2.28
2026-05-21 09:38:30,.80, Kemiringan (roll) : -2.28
2026-05-21 09:38:30,.80, Kemiringan (roll) : -2.28
2026-05-21 09:38:30,.80, Kemiringan (roll) : -2.28
2026-05-21 09:38:30,.80, Kemiringan (roll) : -2.28
2026-05-21 09:38:30,.80, Kemiringan (roll) : -2.28
2026-05-21 09:38:30,.80, Kemiringan (roll) : -2.28
2026-05-21 09:38:30,.80, Kemiringan (roll) : -2.28
2026-05-21 09:38:30,.80, Kemiringan (roll) : -2.28
2026-05-21 09:38:30,.80, Kemiringan (roll) : -2.28
2026-05-21 09:38:30,.80, Kemiringan (roll) : -2.28
2026-05-21 09:38:30,.80, Kemiringan (roll) : -2.28
2026-05-21 09:38:30,.80, Kemiringan (roll) : -2.28
2026-05-21 09:38:30,.80, Kemiringan (roll) : -2.28
2026-05-21 09:38:30,.80, Kemiringan (roll) : -2.28
2026-05-21 09:38:30,.80, Kemiringan (roll) : -2.28
2026-05-21 09:38:30,.80, Kemiringan (roll) : -2.28
2026-05-21 09:38:30,.80, Kemiringan (roll) : -2.28
2026-05-21 09:38:30,.80, Kemiringan (roll) : -2.28
2026-05-21 09:38:30,.80, Kemiringan (roll) : -2.28
2026-05-21 09:38:30,.80, Kemiringan (roll) : -2.28
2026-05-21 09:38:30,.80, Kemiringan (roll) : -2.28
2026-05-21 09:38:30,.80, Kemiringan (roll) : -2.28
2026-05-21 09:38:30,.80, Kemiringan (roll) : -2.28
2026-05-21 09:38:30,.80, Kemiringan (roll) : -2.28
2026-05-21 09:38:30,.80, Kemiringan (roll) : -2.28
2026-05-21 09:38:30,.80, Kemiringan (roll) : -2.28
2026-05-21 09:38:30,.80, Kemiringan (roll) : -2.28
2026-05-21 09:38:30,.80, Kemiringan (roll) : -2.28
2026-05-21 09:38:30,.80, Kemiringan (roll) : -2.28
2026-05-21 09:38:30,.80, Kemiringan (roll) : -2.28
2026-05-21 09:38:30,.80, Kemiringan (roll) : -2.28
2026-05-21 09:38:30,.80, Kemiringan (roll) : -2.28
2026-05-21 09:38:30,.80, Kemiringan (roll) : -2.28
2026-05-21 09:38:30,.80, Kemiringan (roll) : -2.28
2026-05-21 09:38:30,.80, Kemiringan (roll) : -2.28
2026-05-21 09:38:30,.80, Kemiringan (roll) : -2.28
2026-05-21 09:38:30,.80, Kemiringan (roll) : -2.28
2026-05-21 09:38:30,.80, Kemiringan (roll) : -2.28
2026-05-21 09:38:30,.80, Kemiringan (roll) : -2.28
2026-05-21 09:38:30,.80, Kemiringan (roll) : -2.28
2026-05-21 09:38:30,.80, Kemiringan (roll) : -2.28
2026-05-21 09:38:30,.80, Kemiringan (roll) : -2.28
2026-05-21 09:38:30,.80, Kemiringan (roll) : -2.28
2026-05-21 09:38:30,.80, Kemiringan (roll) : -2.28
2026-05-21 09:38:30,.80, Kemiringan (roll) : -2.28
2026-05-21 09:38:30,.80, Kemiringan (roll) : -2.28
2026-05-21 09:38:30,.80, Kemiringan (roll) : -2.28
2026-05-21 09:38:30,.80, Kemiringan (roll) : -2.28
2026-05-21 09:38:30,.80, Kemiringan (roll) : -2.28
2026-05-21 09:38:30,.80, Kemiringan (roll) : -2.28
2026-05-21 09:38:30,.80, Kemiringan (roll) : -2.28
2026-05-21 09:38:30,.80, Kemiringan (roll) : -2.28
2026-05-21 09:38:30,.80, Kemiringan (roll) : -2.28
2026-05-21 09:38:30,.80, Kemiringan (roll) : -2.28
2026-05-21 09:38:30,.80, Kemiringan (roll) : -2.28
2026-05-21 09:38:30,.80, Kemiringan (roll) : -2.28
2026-05-21 09:38:30,.80, Kemiringan (roll) : -2.28
2026-05-21 09:38:30,.80, Kemiringan (roll) : -2.28
2026-05-21 09:38:30,.80, Kemiringan (roll) : -2.28
2026-05-21 09:38:30,.80, Kemiringan (roll) : -2.28
2026-05-21 09:38:30,.80, Kemiringan (roll) : -2.28
2026-05-21 09:38:30,.80, Kemiringan (roll) : -2.28
2026-05-21 09:38:30,.80, Kemiringan (roll) : -2.28
2026-05-21 09:38:30,.80, Kemiringan (roll) : -2.28
2026-05-21 09:38:30,.80, Kemiringan (roll) : -2.28
2026-05-21 09:38:30,.80, Kemiringan (roll) : -2.28
2026-05-21 09:38:30,.80, Kemiringan (roll) : -2.28
2026-05-21 09:38:30,.80, Kemiringan (roll) : -2.28
2026-05-21 09:38:30,.80, Kemiringan (roll) : -2.28
2026-05-21 09:38:30,.80, Kemiringan (roll) : -2.28
2026-05-21 09:38:30,.80, Kemiringan (roll) : -2.28
2026-05-21 09:38:30,.80, Kemiringan (roll) : -2.28
2026-05-21 09:38:30,.80, Kemiringan (roll) : -2.28
2026-05-21 09:38:30,.80, Kemiringan (roll) : -2.28
2026-05-21 09:38:30,.80, Kemiringan (roll) : -2.28
2026-05-21 09:38:30,.80, Kemiringan (roll) : -2.28
2026-05-21 09:38:30,.80, Kemiringan (roll) : -2.28
2026-05-21 09:38:30,.80, Kemiringan (roll) : -2.28
2026-05-21 09:38:30,.80, Kemiringan (roll) : -2.28
2026-05-21 09:38:30,.80, Kemiringan (roll) : -2.28
2026-05-21 09:38:30,.80, Kemiringan (roll) : -2.28
2026-05-21 09:38:30,.80, Kemiringan (roll) : -2.28
2026-05-21 09:38:30,.80, Kemiringan (roll) : -2.28
2026-05-21 09:38:30,.80, Kemiringan (roll) : -2.28
2026-05-21 09:38:30,.80, Kemiringan (roll) : -2.28
2026-05-21 09:38:30,.80, Kemiringan (roll) : -2.28
2026-05-21 09:38:30,.80, Kemiringan (roll) : -2.28
2026-05-21 09:38:30,.80, Kemiringan (roll) : -2.28
2026-05-21 09:38:30,.80, Kemiringan (roll) : -2.28
2026-05-21 09:38:30,.80, Kemiringan (roll) : -2.28
2026-05-21 09:38:30,.80, Kemiringan (roll) : -2.28
2026-05-21 09:38:30,.80, Kemiringan (roll) : -2.28
2026-05-21 09:38:30,.80, Kemiringan (roll) : -2.28
2026-05-21 09:38:30,.80, Kemiringan (roll) : -2.28
2026-05-21 09:38:30,.80, Kemiringan (roll) : -2.28
2026-05-21 09:38:30,.80, Kemiringan (roll) : -2.28
2026-05-21 09:38:30,.80, Kemiringan (roll) : -2.28
2026-05-21 09:38:30,.80, Kemiringan (roll) : -2.28
2026-05-21 09:38:30,.80, Kemiringan (roll) : -2.28
2026-05-21 09:38:30,.80, Kemiringan (roll) : -2.28
2026-05-21 09:38:30,.80, Kemiringan (roll) : -2.28
2026-05-21 09:38:30,.80, Kemiringan (roll) : -2.28
2026-05-21 09:38:30,.80, Kemiringan (roll) : -2.28
2026-05-21 09:38:30,.80, Kemiringan (roll) : -2.28
2026-05-21 09:38:30,.80, Kemiringan (roll) : -2.28
2026-05-21 09:38:30,.80, Kemiringan (roll) : -2.28
2026-05-21 09:38:30,.80, Kemiringan (roll) : -2.28
2026-05-21 09:38:30,.80, Kemiringan (roll) : -2.28
2026-05-21 09:38:30,.80, Kemiringan (roll) : -2.28
2026-05-21 09:38:30,.80, Kemiringan (roll) : -2.28
2026-05-21 09:38:30,.80, Kemiringan (roll) : -2.28
2026-05-21 09:38:30,.80, Kemiringan (roll) : -2.28
2026-05-21 09:38:30,.80, Kemiringan (roll) : -2.28
2026-05-21 09:38:30,.80, Kemiringan (roll) : -2.28
2026-05-21 09:38:30,.80, Kemiringan (roll) : -2.28
2026-05-21 09:38:30,.80, Kemiringan (roll) : -2.28
2026-05-21 09:38:30,.80, Kemiringan (roll) : -2.28
2026-05-21 09:38:30,.80, Kemiringan (roll) : -2.28
2026-05-21 09:38:30,.80, Kemiringan (roll) : -2.28
2026-05-21 09:38:30,.80, Kemiringan (roll) : -2.28
2026-05-21 09:38:30,.80, Kemiringan (roll) : -2.28
2026-05-21 09:38:30,.80, Kemiringan (roll) : -2.28
2026-05-21 09:38:30,.80, Kemiringan (roll) : -2.28
2026-05-21 09:38:30,.80, Kemiringan (roll) : -2.28
2026-05-21 09:38:30,.80, Kemiringan (roll) : -2.28
2026-05-21 09:38:30,.80, Kemiringan (roll) : -2.28
2026-05-21 09:38:30,.80, Kemiringan (roll) : -2.28
2026-05-21 09:38:30,.80, Kemiringan (roll) : -2.28
2026-05-21 09:38:30,.80, Kemiringan (roll) : -2.28
2026-05-21 09:38:30,.80, Kemiringan (roll) : -2.28
2026-05-21 09:38:30,.80, Kemiringan (roll) : -2.28
2026-05-21 09:38:30,.80, Kemiringan (roll) : -2.28
2026-05-21 09:38:30,.80, Kemiringan (roll) : -2.28
2026-05-21 09:38:30,.80, Kemiringan (roll) : -2.28
2026-05-21 09:38:30,.80, Kemiringan (roll) : -2.28
2026-05-21 09:38:30,.80, Kemiringan (roll) : -2.28
2026-05-21 09:38:30,.80, Kemiringan (roll) : -2.28
2026-05-21 09:38:30,.80, Kemiringan (roll) : -2.28
2026-05-21 09:38:30,.80, Kemiringan (roll) : -2.28
2026-05-21 09:38:30,.80, Kemiringan (roll) : -2.28
2026-05-21 09:38:30,.80, Kemiringan (roll) : -2.28
2026-05-21 09:38:30,.80, Kemiringan (roll) : -2.28
2026-05-21 09:38:30,.80, Kemiringan (roll) : -2.28
2026-05-21 09:38:30,.80, Kemiringan (roll) : -2.28
2026-05-21 09:38:30,.80, Kemiringan (roll) : -2.28
2026-05-21 09:38:30,.80, Kemiringan (roll) : -2.28
2026-05-21 09:38:30,.80, Kemiringan (roll) : -2.28
2026-05-21 09:38:30,.80, Kemiringan (roll) : -2.28
2026-05-21 09:38:30,.80, Kemiringan (roll) : -2.28
2026-05-21 09:38:30,.80, Kemiringan (roll) : -2.28
2026-05-21 09:38:30,.80, Kemiringan (roll) : -2.28
2026-05-21 09:38:30,.80, Kemiringan (roll) : -2.28
2026-05-21 09:38:30,.80, Kemiringan (roll) : -2.28
2026-05-21 09:38:30,.80, Kemiringan (roll) : -2.28
2026-05-21 09:38:30,.80, Kemiringan (roll) : -2.28
2026-05-21 09:38:30,.80, Kemiringan (roll) : -2.28
2026-05-21 09:38:30,.80, Kemiringan (roll) : -2.28
2026-05-21 09:38:30,.80, Kemiringan (roll) : -2.28
2026-05-21 09:38:30,.80, Kemiringan (roll) : -2.28
2026-05-21 09:38:30,.80, Kemiringan (roll) : -2.28
2026-05-21 09:38:30,.80, Kemiringan (roll) : -2.28
2026-05-21 09:38:30,.80, Kemiringan (roll) : -2.28
2026-05-21 09:38:30,.80, Kemiringan (roll) : -2.28
2026-05-21 09:38:30,.80, Kemiringan (roll) : -2.28
2026-05-21 09:38:30,.80, Kemiringan (roll) : -2.28
2026-05-21 09:38:30,.80, Kemiringan (roll) : -2.28
2026-05-21 09:38:30,.80, Kemiringan (roll) : -2.28
2026-05-21 09:38:30,.80, Kemiringan (roll) : -2.28
2026-05-21 09:38:30,.80, Kemiringan (roll) : -2.28
2026-05-21 09:38:30,.80, Kemiringan (roll) : -2.28
2026-05-21 09:38:30,.80, Kemiringan (roll) : -2.28
2026-05-21 09:38:30,.80, Kemiringan (roll) : -2.28
2026-05-21 09:38:30,.80, Kemiringan (roll) : -2.28
2026-05-21 09:38:30,.80, Kemiringan (roll) : -2.28
2026-05-21 09:38:30,.80, Kemiringan (roll) : -2.28
2026-05-21 09:38:30,.80, Kemiringan (roll) : -2.28
2026-05-21 09:38:30,.80, Kemiringan (roll) : -2.28
2026-05-21 09:38:30,.80, Kemiringan (roll) : -2.28
2026-05-21 09:38:30,.80, Kemiringan (roll) : -2.28
2026-05-21 09:38:30,.80, Kemiringan (roll) : -2.28
2026-05-21 09:38:30,.80, Kemiringan (roll) : -2.28
2026-05-21 09:38:30,.80, Kemiringan (roll) : -2.28
2026-05-21 09:38:30,.80, Kemiringan (roll) : -2.28
2026-05-21 09:38:30,.80, Kemiringan (roll) : -2.28
2026-05-21 09:38:30,.80, Kemiringan (roll) : -2.28
2026-05-21 09:38:30,.80, Kemiringan (roll) : -2.28
2026-05-21 09:38:30,.80, Kemiringan (roll) : -2.28
2026-05-21 09:38:30,.80, Kemiringan (roll) : -2.28
2026-05-21 09:38:30,.80, Kemiringan (roll) : -2.28
2026-05-21 09:38:30,.80, Kemiringan (roll) : -2.28
2026-05-21 09:38:30,.80, Kemiringan (roll) : -2.28
2026-05-21 09:38:30,.80, Kemiringan (roll) : -2.28
2026-05-21 09:38:30,.80, Kemiringan (roll) : -2.28
2026-05-21 09:38:30,.80, Kemiringan (roll) : -2.28
2026-05-21 09:38:30,.80, Kemiringan (roll) : -2.28
2026-05-21 09:38:30,.80, Kemiringan (roll) : -2.28
2026-05-21 09:38:30,.80, Kemiringan (roll) : -2.28
2026-05-21 09:38:30,.80, Kemiringan (roll) : -2.28
2026-05-21 09:38:30,.80, Kemiringan (roll) : -2.28
2026-05-21 09:38:30,.80, Kemiringan (roll) : -2.28
2026-05-21 09:38:30,.80, Kemiringan (roll) : -2.28
2026-05-21 09:38:30,.80, Kemiringan (roll) : -2.28
2026-05-21 09:38:30,.80, Kemiringan (roll) : -2.28
2026-05-21 09:38:30,.80, Kemiringan (roll) : -2.28
2026-05-21 09:38:30,.80, Kemiringan (roll) : -2.28
2026-05-21 09:38:30,.80, Kemiringan (roll) : -2.28
2026-05-21 09:38:30,.80, Kemiringan (roll) : -2.28
2026-05-21 09:38:30,.80, Kemiringan (roll) : -2.28
2026-05-21 09:38:30,.80, Kemiringan (roll) : -2.28
2026-05-21 09:38:30,.80, Kemiringan (roll) : -2.28
2026-05-21 09:38:30,.80, Kemiringan (roll) : -2.28
2026-05-21 09:38:30,.80, Kemiringan (roll) : -2.28
2026-05-21 09:38:30,.80, Kemiringan (roll) : -2.28
2026-05-21 09:38:30,.80, Kemiringan (roll) : -2.28
2026-05-21 09:38:30,.80, Kemiringan (roll) : -2.28
2026-05-21 09:38:30,.80, Kemiringan (roll) : -2.28
2026-05-21 09:38:30,.80, Kemiringan (roll) : -2.28
2026-05-21 09:38:30,.80, Kemiringan (roll) : -2.28
2026-05-21 09:38:30,.80, Kemiringan (roll) : -2.28
2026-05-21 09:38:30,.80, Kemiringan (roll) : -2.28
2026-05-21 09:38:30,.80, Kemiringan (roll) : -2.28
2026-05-21 09:38:30,.80, Kemiringan (roll) : -2.28
2026-05-21 09:38:30,.80, Kemiringan (roll) : -2.28
2026-05-21 09:38:30,.80, Kemiringan (roll) : -2.28
2026-05-21 09:38:30,.80, Kemiringan (roll) : -2.28
2026-05-21 09:38:30,.80, Kemiringan (roll) : -2.28
2026-05-21 09:38:30,.80, Kemiringan (roll) : -2.28
2026-05-21 09:38:30,.80, Kemiringan (roll) : -2.28
2026-05-21 09:38:30,.80, Kemiringan (roll) : -2.28
2026-05-21 09:38:30,.80, Kemiringan (roll) : -2.28
2026-05-21 09:38:30,.80, Kemiringan (roll) : -2.28
2026-05-21 09:38:30,.80, Kemiringan (roll) : -2.28
2026-05-21 09:38:30,.80, Kemiringan (roll) : -2.28
2026-05-21 09:38:30,.80, Kemiringan (roll) : -2.28
2026-05-21 09:38:30,.80, Kemiringan (roll) : -2.28
2026-05-21 09:38:30,.80, Kemiringan (roll) : -2.28
2026-05-21 09:38:30,.80, Kemiringan (roll) : -2.28
2026-05-21 09:38:30,.80, Kemiringan (roll) : -2.28
2026-05-21 09:38:30,.80, Kemiringan (roll) : -2.28
2026-05-21 09:38:30,.80, Kemiringan (roll) : -2.28
2026-05-21 09:38:30,.80, Kemiringan (roll) : -2.28
2026-05-21 09:38:30,.80, Kemiringan (roll) : -2.28
2026-05-21 09:38:30,.80, Kemiringan (roll) : -2.28
2026-05-21 09:38:30,.80, Kemiringan (roll) : -2.28
2026-05-21 09:38:30,.80, Kemiringan (roll) : -2.28
2026-05-21 09:38:30,.80, Kemiringan (roll) : -2.28
2026-05-21 09:38:30,.80, Kemiringan (roll) : -2.28
2026-05-21 09:38:30,.80, Kemiringan (roll) : -2.28
2026-05-21 09:38:30,.80, Kemiringan (roll) : -2.28
2026-05-21 09:38:30,.80, Kemiringan (roll) : -2.28
2026-05-21 09:38:30,.80, Kemiringan (roll) : -2.28
2026-05-21 09:38:30,.80, Kemiringan (roll) : -2.28
2026-05-21 09:38:30,.80, Kemiringan (roll) : -2.28
2026-05-21 09:38:30,.80, Kemiringan (roll) : -2.28
2026-05-21 09:38:30,.80, Kemiringan (roll) : -2.28
2026-05-21 09:38:30,.80, Kemiringan (roll) : -2.28
2026-05-21 09:38:30,.80, Kemiringan (roll) : -2.28
2026-05-21 09:38:30,.80, Kemiringan (roll) : -2.28
2026-05-21 09:38:30,.80, Kemiringan (roll) : -2.28
2026-05-21 09:38:30,.80, Kemiringan (roll) : -2.28
2026-05-21 09:38:30,.80, Kemiringan (roll) : -2.28
2026-05-21 09:38:30,.80, Kemiringan (roll) : -2.28
2026-05-21 09:38:30,.80, Kemiringan (roll) : -2.28
2026-05-21 09:38:30,.80, Kemiringan (roll) : -2.28
2026-05-21 09:38:30,.80, Kemiringan (roll) : -2.28
2026-05-21 09:38:30,.80, Kemiringan (roll) : -2.28
2026-05-21 09:38:30,.80, Kemiringan (roll) : -2.28
2026-05-21 09:38:30,.80, Kemiringan (roll) : -2.28
2026-05-21 09:38:30,.80, Kemiringan (roll) : -2.28
2026-05-21 09:38:30,.80, Kemiringan (roll) : -2.28
2026-05-21 09:38:30,.80, Kemiringan (roll) : -2.28
2026-05-21 09:38:30,.80, Kemiringan (roll) : -2.28
2026-05-21 09:38:30,.80, Kemiringan (roll) : -2.28
2026-05-21 09:38:30,.80, Kemiringan (roll) : -2.28
2026-05-21 09:38:30,.80, Kemiringan (roll) : -2.28
2026-05-21 09:38:30,.80, Kemiringan (roll) : -2.28
2026-05-21 09:38:30,.80, Kemiringan (roll) : -2.28
2026-05-21 09:38:30,.80, Kemiringan (roll) : -2.28
2026-05-21 09:38:30,.80, Kemiringan (roll) : -2.28
2026-05-21 09:38:30,.80, Kemiringan (roll) : -2.28
2026-05-21 09:38:30,.80, Kemiringan (roll) : -2.28
2026-05-21 09:38:30,.80, Kemiringan (roll) : -2.28
2026-05-21 09:38:30,.80, Kemiringan (roll) : -2.28
2026-05-21 09:38:30,.80, Kemiringan (roll) : -2.28
2026-05-21 09:38:30,.80, Kemiringan (roll) : -2.28
2026-05-21 09:38:30,.80, Kemiringan (roll) : -2.28
2026-05-21 09:38:30,.80, Kemiringan (roll) : -2.28
2026-05-21 09:38:30,.80, Kemiringan (roll) : -2.28
2026-05-21 09:38:30,.80, Kemiringan (roll) : -2.28
2026-05-21 09:38:30,.80, Kemiringan (roll) : -2.28
2026-05-21 09:38:30,.80, Kemiringan (roll) : -2.28
2026-05-21 09:38:30,.80, Kemiringan (roll) : -2.28
2026-05-21 09:38:30,.80, Kemiringan (roll) : -2.28
2026-05-21 09:38:30,.80, Kemiringan (roll) : -2.28
2026-05-21 09:38:30,.80, Kemiringan (roll) : -2.28
2026-05-21 09:38:30,.80, Kemiringan (roll) : -2.28
2026-05-21 09:38:30,.80, Kemiringan (roll) : -2.28
2026-05-21 09:38:30,.80, Kemiringan (roll) : -2.28
2026-05-21 09:38:30,.80, Kemiringan (roll) : -2.28
2026-05-21 09:38:30,.80, Kemiringan (roll) : -2.28
2026-05-21 09:38:30,.80, Kemiringan (roll) : -2.28
2026-05-21 09:38:30,.80, Kemiringan (roll) : -2.28
2026-05-21 09:38:30,.80, Kemiringan (roll) : -2.28
2026-05-21 09:38:30,.80, Kemiringan (roll) : -2.28
2026-05-21 09:38:30,.80, Kemiringan (roll) : -2.28
2026-05-21 09:38:30,.80, Kemiringan (roll) : -2.28
2026-05-21 09:38:30,.80, Kemiringan (roll) : -2.28
2026-05-21 09:38:30,.80, Kemiringan (roll) : -2.28
2026-05-21 09:38:30,.80, Kemiringan (roll) : -2.28
2026-05-21 09:38:30,.80, Kemiringan (roll) : -2.28
2026-05-21 09:38:30,.80, Kemiringan (roll) : -2.28
2026-05-21 09:38:30,.80, Kemiringan (roll) : -2.28
2026-05-21 09:38:30,.80, Kemiringan (roll) : -2.28
2026-05-21 09:38:30,.80, Kemiringan (roll) : -2.28
2026-05-21 09:38:30,.80, Kemiringan (roll) : -2.28
2026-05-21 09:38:30,.80, Kemiringan (roll) : -2.28
2026-05-21 09:38:30,.80, Kemiringan (roll) : -2.28
2026-05-21 09:38:30,.80, Kemiringan (roll) : -2.28
2026-05-21 09:38:30,.80, Kemiringan (roll) : -2.28
2026-05-21 09:38:30,.80, Kemiringan (roll) : -2.28
2026-05-21 09:38:30,.80, Kemiringan (roll) : -2.28
2026-05-21 09:38:30,.80, Kemiringan (roll) : -2.28
2026-05-21 09:38:30,.80, Kemiringan (roll) : -2.28
2026-05-21 09:38:30,.80, Kemiringan (roll) : -2.28
2026-05-21 09:38:30,.80, Kemiringan (roll) : -2.28
2026-05-21 09:38:30,.80, Kemiringan (roll) : -2.28
2026-05-21 09:38:30,.80, Kemiringan (roll) : -2.28
2026-05-21 09:38:30,.80, Kemiringan (roll) : -2.28
2026-05-21 09:38:30,.80, Kemiringan (roll) : -2.28
2026-05-21 09:38:30,.80, Kemiringan (roll) : -2.28
2026-05-21 09:38:30,.80, Kemiringan (roll) : -2.28
2026-05-21 09:38:30,.80, Kemiringan (roll) : -2.28
2026-05-21 09:38:30,.80, Kemiringan (roll) : -2.28
2026-05-21 09:38:30,.80, Kemiringan (roll) : -2.28
2026-05-21 09:38:30,.80, Kemiringan (roll) : -2.28
2026-05-21 09:38:30,.80, Kemiringan (roll) : -2.28
2026-05-21 09:38:30,.80, Kemiringan (roll) : -2.28
2026-05-21 09:38:30,.80, Kemiringan (roll) : -2.28
2026-05-21 09:38:30,.80, Kemiringan (roll) : -2.28
2026-05-21 09:38:30,.80, Kemiringan (roll) : -2.28
2026-05-21 09:38:30,.80, Kemiringan (roll) : -2.28
2026-05-21 09:38:30,.80, Kemiringan (roll) : -2.28
2026-05-21 09:38:30,.80, Kemiringan (roll) : -2.28
2026-05-21 09:38:30,.80, Kemiringan (roll) : -2.28
2026-05-21 09:38:30,.80, Kemiringan (roll) : -2.28
2026-05-21 09:38:30,.80, Kemiringan (roll) : -2.28
2026-05-21 09:38:30,.80, Kemiringan (roll) : -2.28
2026-05-21 09:38:30,.80, Kemiringan (roll) : -2.28
2026-05-21 09:38:30,.80, Kemiringan (roll) : -2.28
2026-05-21 09:38:30,.80, Kemiringan (roll) : -2.28
2026-05-21 09:38:30,.80, Kemiringan (roll) : -2.28
2026-05-21 09:38:30,.80, Kemiringan (roll) : -2.28
2026-05-21 09:38:30,.80, Kemiringan (roll) : -2.28
2026-05-21 09:38:30,.80, Kemiringan (roll) : -2.28
2026-05-21 09:38:30,.80, Kemiringan (roll) : -2.28
2026-05-21 09:38:30,.80, Kemiringan (roll) : -2.28
2026-05-21 09:38:30,.80, Kemiringan (roll) : -2.28
2026-05-21 09:38:30,.80, Kemiringan (roll) : -2.28
2026-05-21 09:38:30,.80, Kemiringan (roll) : -2.28
2026-05-21 09:38:30,.80, Kemiringan (roll) : -2.28
2026-05-21 09:38:30,.80, Kemiringan (roll) : -2.28
2026-05-21 09:38:30,.80, Kemiringan (roll) : -2.28
2026-05-21 09:38:30,.80, Kemiringan (roll) : -2.28
2026-05-21 09:38:30,.80, Kemiringan (roll) : -2.28
2026-05-21 09:38:30,.80, Kemiringan (roll) : -2.28
2026-05-21 09:38:30,.80, Kemiringan (roll) : -2.28
2026-05-21 09:38:30,.80, Kemiringan (roll) : -2.28
2026-05-21 09:38:30,.80, Kemiringan (roll) : -2.28
2026-05-21 09:38:30,.80, Kemiringan (roll) : -2.28
2026-05-21 09:38:30,.80, Kemiringan (roll) : -2.28
2026-05-21 09:38:30,.80, Kemiringan (roll) : -2.28
2026-05-21 09:38:30,.80, Kemiringan (roll) : -2.28
2026-05-21 09:38:30,.80, Kemiringan (roll) : -2.28
2026-05-21 09:38:30,.80, Kemiringan (roll) : -2.28
2026-05-21 09:38:30,.80, Kemiringan (roll) : -2.28
2026-05-21 09:38:30,.80, Kemiringan (roll) : -2.28
2026-05-21 09:38:30,.80, Kemiringan (roll) : -2.28
2026-05-21 09:38:30,.80, Kemiringan (roll) : -2.28
2026-05-21 09:38:30,.80, Kemiringan (roll) : -2.28
2026-05-21 09:38:30,.80, Kemiringan (roll) : -2.28
2026-05-21 09:38:30,.80, Kemiringan (roll) : -2.28
2026-05-21 09:38:30,.80, Kemiringan (roll) : -2.28
2026-05-21 09:38:30,.80, Kemiringan (roll) : -2.28
2026-05-21 09:38:30,.80, Kemiringan (roll) : -2.28
2026-05-21 09:38:30,.80, Kemiringan (roll) : -2.28
2026-05-21 09:38:30,.80, Kemiringan (roll) : -2.28
2026-05-21 09:38:30,.80, Kemiringan (roll) : -2.28
2026-05-21 09:38:30,.80, Kemiringan (roll) : -2.28
2026-05-21 09:38:30,.80, Kemiringan (roll) : -2.28
2026-05-21 09:38:30,.80, Kemiringan (roll) : -2.28
2026-05-21 09:38:30,.80, Kemiringan (roll) : -2.28
2026-05-21 09:38:30,.80, Kemiringan (roll) : -2.28
2026-05-21 09:38:30,.80, Kemiringan (roll) : -2.28
2026-05-21 09:38:30,.80, Kemiringan (roll) : -2.28
2026-05-21 09:38:30,.80, Kemiringan (roll) : -2.28
2026-05-21 09:38:30,.80, Kemiringan (roll) : -2.28
2026-05-21 09:38:30,.80, Kemiringan (roll) : -2.28
2026-05-21 09:38:30,.80, Kemiringan (roll) : -2.28
2026-05-21 09:38:30,.80, Kemiringan (roll) : -2.28
2026-05-21 09:38:30,.80, Kemiringan (roll) : -2.28
2026-05-21 09:38:30,.80, Kemiringan (roll) : -2.28
2026-05-21 09:38:30,.80, Kemiringan (roll) : -2.28
2026-05-21 09:38:30,.80, Kemiringan (roll) : -2.28
2026-05-21 09:38:30,.80, Kemiringan (roll) : -2.28
2026-05-21 09:38:30,.80, Kemiringan (roll) : -2.28
2026-05-21 09:38:30,.80, Kemiringan (roll) : -2.28
2026-05-21 09:38:30,.80, Kemiringan (roll) : -2.28
2026-05-21 09:38:30,.80, Kemiringan (roll) : -2.28
2026-05-21 09:38:30,.80, Kemiringan (roll) : -2.28
2026-05-21 09:38:30,.80, Kemiringan (roll) : -2.28
2026-05-21 09:38:30,.80, Kemiringan (roll) : -2.28
2026-05-21 09:38:30,.80, Kemiringan (roll) : -2.28
2026-05-21 09:38:30,.80, Kemiringan (roll) : -2.28
2026-05-21 09:38:30,.80, Kemiringan (roll) : -2.28
2026-05-21 09:38:30,.80, Kemiringan (roll) : -2.28
2026-05-21 09:38:30,.80, Kemiringan (roll) : -2.28
2026-05-21 09:38:30,.80, Kemiringan (roll) : -2.28
2026-05-21 09:38:30,.80, Kemiringan (roll) : -2.28
2026-05-21 09:38:30,.80, Kemiringan (roll) : -2.28
2026-05-21 09:38:30,.80, Kemiringan (roll) : -2.28
2026-05-21 09:38:30,.80, Kemiringan (roll) : -2.28
2026-05-21 09:38:30,.80, Kemiringan (roll) : -2.28
2026-05-21 09:38:30,.80, Kemiringan (roll) : -2.28
2026-05-21 09:38:30,.80, Kemiringan (roll) : -2.28
2026-05-21 09:38:30,.80, Kemiringan (roll) : -2.28
2026-05-21 09:38:30,.80, Kemiringan (roll) : -2.28
2026-05-21 09:38:30,.80, Kemiringan (roll) : -2.28
2026-05-21 09:38:30,.80, Kemiringan (roll) : -2.28
2026-05-21 09:38:30,.80, Kemiringan (roll) : -2.28
2026-05-21 09:38:30,.80, Kemiringan (roll) : -2.28
2026-05-21 09:38:30,.80, Kemiringan (roll) : -2.28
2026-05-21 09:38:30,.80, Kemiringan (roll) : -2.28
2026-05-21 09:38:30,.80, Kemiringan (roll) : -2.28
2026-05-21 09:38:30,.80, Kemiringan (roll) : -2.28
2026-05-21 09:38:30,.80, Kemiringan (roll) : -2.28
2026-05-21 09:38:30,.80, Kemiringan (roll) : -2.28
2026-05-21 09:38:30,.80, Kemiringan (roll) : -2.28
2026-05-21 09:38:30,.80, Kemiringan (roll) : -2.28
2026-05-21 09:38:30,.80, Kemiringan (roll) : -2.28
2026-05-21 09:38:30,.80, Kemiringan (roll) : -2.28
2026-05-21 09:38:30,.80, Kemiringan (roll) : -2.28
2026-05-21 09:38:30,.80, Kemiringan (roll) : -2.28
2026-05-21 09:38:30,.80, Kemiringan (roll) : -2.28
2026-05-21 09:38:30,.80, Kemiringan (roll) : -2.28
2026-05-21 09:38:30,.80, Kemiringan (roll) : -2.28
2026-05-21 09:38:30,.80, Kemiringan (roll) : -2.28
2026-05-21 09:38:30,.80, Kemiringan (roll) : -2.28
2026-05-21 09:38:30,.80, Kemiringan (roll) : -2.28
2026-05-21 09:38:30,.80, Kemiringan (roll) : -2.28
2026-05-21 09:38:30,.80, Kemiringan (roll) : -2.28
2026-05-21 09:38:30,.80, Kemiringan (roll) : -2.28
2026-05-21 09:38:30,.80, Kemiringan (roll) : -2.28
2026-05-21 09:38:30,.80, Kemiringan (roll) : -2.28
2026-05-21 09:38:30,.80, Kemiringan (roll) : -2.28
2026-05-21 09:38:30,.80, Kemiringan (roll) : -2.28
2026-05-21 09:38:30,.80, Kemiringan (roll) : -2.28
2026-05-21 09:38:30,.80, Kemiringan (roll) : -2.28
2026-05-21 09:38:30,.80, Kemiringan (roll) : -2.28
2026-05-21 09:38:30,.80, Kemiringan (roll) : -2.28
2026-05-21 09:38:30,.80, Kemiringan (roll) : -2.28
2026-05-21 09:38:30,.80, Kemiringan (roll) : -2.28
2026-05-21 09:38:30,.80, Kemiringan (roll) : -2.28
2026-05-21 09:38:30,.80, Kemiringan (roll) : -2.28
2026-05-21 09:38:30,.80, Kemiringan (roll) : -2.28
2026-05-21 09:38:30,.80, Kemiringan (roll) : -2.28
2026-05-21 09:38:30,.80, Kemiringan (roll) : -2.28
2026-05-21 09:38:30,.80, Kemiringan (roll) : -2.28
2026-05-21 09:38:30,.80, Kemiringan (roll) : -2.28
2026-05-21 09:38:30,.80, Kemiringan (roll) : -2.28
2026-05-21 09:38:30,.80, Kemiringan (roll) : -2.28
2026-05-21 09:38:30,.80, Kemiringan (roll) : -2.28
2026-05-21 09:38:30,.80, Kemiringan (roll) : -2.28
2026-05-21 09:38:30,.80, Kemiringan (roll) : -2.28
2026-05-21 09:38:30,.80, Kemiringan (roll) : -2.28
2026-05-21 09:38:30,.80, Kemiringan (roll) : -2.28
2026-05-21 09:38:30,.80, Kemiringan (roll) : -2.28
2026-05-21 09:38:30,.80, Kemiringan (roll) : -2.28
2026-05-21 09:38:30,.80, Kemiringan (roll) : -2.28
2026-05-21 09:38:30,.80, Kemiringan (roll) : -2.28
2026-05-21 09:38:30,.80, Kemiringan (roll) : -2.28
2026-05-21 09:38:30,.80, Kemiringan (roll) : -2.28
2026-05-21 09:38:30,.80, Kemiringan (roll) : -2.28
2026-05-21 09:38:30,.80, Kemiringan (roll) : -2.28
2026-05-21 09:38:30,.80, Kemiringan (roll) : -2.28
2026-05-21 09:38:30,.80, Kemiringan (roll) : -2.28
2026-05-21 09:38:30,.80, Kemiringan (roll) : -2.28
2026-05-21 09:38:30,.80, Kemiringan (roll) : -2.28
2026-05-21 09:38:30,.80, Kemiringan (roll) : -2.28
2026-05-21 09:38:30,.80, Kemiringan (roll) : -2.28
2026-05-21 09:38:30,.80, Kemiringan (roll) : -2.28
2026-05-21 09:38:30,.80, Kemiringan (roll) : -2.28
2026-05-21 09:38:30,.80, Kemiringan (roll) : -2.28
2026-05-21 09:38:30,.80, Kemiringan (roll) : -2.28
2026-05-21 09:38:30,.80, Kemiringan (roll) : -2.28
2026-05-21 09:38:30,.80, Kemiringan (roll) : -2.28
2026-05-21 09:38:30,.80, Kemiringan (roll) : -2.28
2026-05-21 09:38:30,.80, Kemiringan (roll) : -2.28
2026-05-21 09:38:30,.80, Kemiringan (roll) : -2.28
2026-05-21 09:38:30,.80, Kemiringan (roll) : -2.28
2026-05-21 09:38:30,.80, Kemiringan (roll) : -2.28
2026-05-21 09:38:30,.80, Kemiringan (roll) : -2.28
2026-05-21 09:38:30,.80, Kemiringan (roll) : -2.28
2026-05-21 09:38:30,.80, Kemiringan (roll) : -2.28
2026-05-21 09:38:30,.80, Kemiringan (roll) : -2.28
2026-05-21 09:38:30,.80, Kemiringan (roll) : -2.28
2026-05-21 09:38:30,.80, Kemiringan (roll) : -2.28
2026-05-21 09:38:30,.80, Kemiringan (roll) : -2.28
2026-05-21 09:38:30,.80, Kemiringan (roll) : -2.28
2026-05-21 09:38:30,.80, Kemiringan (roll) : -2.28
2026-05-21 09:38:30,.80, Kemiringan (roll) : -2.28
2026-05-21 09:38:30,.80, Kemiringan (roll) : -2.28
2026-05-21 09:38:30,.80, Kemiringan (roll) : -2.28
2026-05-21 09:38:30,.80, Kemiringan (roll) : -2.28
2026-05-21 09:38:30,.80, Kemiringan (roll) : -2.28
2026-05-21 09:38:30,.80, Kemiringan (roll) : -2.28
2026-05-21 09:38:30,.80, Kemiringan (roll) : -2.28
2026-05-21 09:38:30,.80, Kemiringan (roll) : -2.28
2026-05-21 09:38:30,.80, Kemiringan (roll) : -2.28
2026-05-21 09:38:30,.80, Kemiringan (roll) : -2.28
2026-05-21 09:38:30,.80, Kemiringan (roll) : -2.28
2026-05-21 09:38:30,.80, Kemiringan (roll) : -2.28
2026-05-21 09:38:30,.80, Kemiringan (roll) : -2.28
2026-05-21 09:38:30,.80, Kemiringan (roll) : -2.28
2026-05-21 09:38:30,.80, Kemiringan (roll) : -2.28
2026-05-21 09:38:30,.80, Kemiringan (roll) : -2.28
2026-05-21 09:38:30,.80, Kemiringan (roll) : -2.28
2026-05-21 09:38:30,.80, Kemiringan (roll) : -2.28
2026-05-21 09:38:30,.80, Kemiringan (roll) : -2.28
2026-05-21 09:38:30,.80, Kemiringan (roll) : -2.28
2026-05-21 09:38:30,.80, Kemiringan (roll) : -2.28
2026-05-21 09:38:30,.80, Kemiringan (roll) : -2.28
2026-05-21 09:38:30,.80, Kemiringan (roll) : -2.28
2026-05-21 09:38:30,.80, Kemiringan (roll) : -2.28
2026-05-21 09:38:30,.80, Kemiringan (roll) : -2.28
2026-05-21 09:38:30,.80, Kemiringan (roll) : -2.28
2026-05-21 09:38:30,.80, Kemiringan (roll) : -2.28
2026-05-21 09:38:30,.80, Kemiringan (roll) : -2.28
2026-05-21 09:38:30,.80, Kemiringan (roll) : -2.28
2026-05-21 09:38:30,.80, Kemiringan (roll) : -2.28
2026-05-21 09:38:30,.80, Kemiringan (roll) : -2.28
2026-05-21 09:38:30,.80, Kemiringan (roll) : -2.28
2026-05-21 09:38:30,.80, Kemiringan (roll) : -2.28
2026-05-21 09:38:30,.80, Kemiringan (roll) : -2.28
2026-05-21 09:38:30,.80, Kemiringan (roll) : -2.28
2026-05-21 09:38:30,.80, Kemiringan (roll) : -2.28
2026-05-21 09:38:30,.80, Kemiringan (roll) : -2.28
2026-05-21 09:38:30,.80, Kemiringan (roll) : -2.28
2026-05-21 09:38:30,.80, Kemiringan (roll) : -2.28
2026-05-21 09:38:30,.80, Kemiringan (roll) : -2.28
2026-05-21 09:38:30,.80, Kemiringan (roll) : -2.28
2026-05-21 09:38:30,.80, Kemiringan (roll) : -2.28
2026-05-21 09:38:30,.80, Kemiringan (roll) : -2.28
2026-05-21 09:38:30,.80, Kemiringan (roll) : -2.28
2026-05-21 09:38:30,.80, Kemiringan (roll) : -2.28
2026-05-21 09:38:30,.80, Kemiringan (roll) : -2.28
2026-05-21 09:38:30,.80, Kemiringan (roll) : -2.28
2026-05-21 09:38:30,.80, Kemiringan (roll) : -2.28
2026-05-21 09:38:30,.80, Kemiringan (roll) : -2.28
2026-05-21 09:38:30,.80, Kemiringan (roll) : -2.28
2026-05-21 09:38:30,.80, Kemiringan (roll) : -2.28
2026-05-21 09:38:30,.80, Kemiringan (roll) : -2.28
2026-05-21 09:38:30,.80, Kemiringan (roll) : -2.28
2026-05-21 09:38:30,.80, Kemiringan (roll) : -2.28
2026-05-21 09:38:30,.80, Kemiringan (roll) : -2.28
2026-05-21 09:38:30,.80, Kemiringan (roll) : -2.28
2026-05-21 09:38:30,.80, Kemiringan (roll) : -2.28
2026-05-21 09:38:30,.80, Kemiringan (roll) : -2.28
2026-05-21 09:38:30,.80, Kemiringan (roll) : -2.28
2026-05-21 09:38:30,.80, Kemiringan (roll) : -2.28
2026-05-21 09:38:30,.80, Kemiringan (roll) : -2.28
2026-05-21 09:38:30,.80, Kemiringan (roll) : -2.28
2026-05-21 09:38:30,.80, Kemiringan (roll) : -2.28
2026-05-21 09:38:30,.80, Kemiringan (roll) : -2.28
2026-05-21 09:38:30,.80, Kemiringan (roll) : -2.28
2026-05-21 09:38:30,.80, Kemiringan (roll) : -2.28
2026-05-21 09:38:30,.80, Kemiringan (roll) : -2.28
2026-05-21 09:38:30,.80, Kemiringan (roll) : -2.28
2026-05-21 09:38:30,.80, Kemiringan (roll) : -2.28
2026-05-21 09:38:30,.80, Kemiringan (roll) : -2.28
2026-05-21 09:38:30,.80, Kemiringan (roll) : -2.28
2026-05-21 09:38:30,.80, Kemiringan (roll) : -2.28
2026-05-21 09:38:30,.80, Kemiringan (roll) : -2.28
2026-05-21 09:38:30,.80, Kemiringan (roll) : -2.28
2026-05-21 09:38:30,.80, Kemiringan (roll) : -2.28
2026-05-21 09:38:30,.80, Kemiringan (roll) : -2.28
2026-05-21 09:38:30,.80, Kemiringan (roll) : -2.28
2026-05-21 09:38:30,.80, Kemiringan (roll) : -2.28
2026-05-21 09:38:30,.80, Kemiringan (roll) : -2.28
2026-05-21 09:38:30,.80, Kemiringan (roll) : -2.28
2026-05-21 09:38:30,.80, Kemiringan (roll) : -2.28
2026-05-21 09:38:30,.80, Kemiringan (roll) : -2.28
2026-05-21 09:38:30,.80, Kemiringan (roll) : -2.28
2026-05-21 09:38:30,.80, Kemiringan (roll) : -2.28
2026-05-21 09:38:30,.80, Kemiringan (roll) : -2.28
2026-05-21 09:38:30,.80, Kemiringan (roll) : -2.28
2026-05-21 09:38:30,.80, Kemiringan (roll) : -2.28
2026-05-21 09:38:30,.80, Kemiringan (roll) : -2.28
2026-05-21 09:38:30,.80, Kemiringan (roll) : -2.28
2026-05-21 09:38:30,.80, Kemiringan (roll) : -2.28
2026-05-21 09:38:30,.80, Kemiringan (roll) : -2.28
2026-05-21 09:38:30,.80, Kemiringan (roll) : -2.28
2026-05-21 09:38:30,.80, Kemiringan (roll) : -2.28
2026-05-21 09:38:30,.80, Kemiringan (roll) : -2.28
2026-05-21 09:38:30,.80, Kemiringan (roll) : -2.28
2026-05-21 09:38:30,.80, Kemiringan (roll) : -2.28
2026-05-21 09:38:30,.80, Kemiringan (roll) : -2.28
2026-05-21 09:38:30,.80, Kemiringan (roll) : -2.28
2026-05-21 09:38:30,.80, Kemiringan (roll) : -2.28
2026-05-21 09:38:30,.80, Kemiringan (roll) : -2.28
2026-05-21 09:38:30,.80, Kemiringan (roll) : -2.28
2026-05-21 09:38:30,.80, Kemiringan (roll) : -2.28
2026-05-21 09:38:30,.80, Kemiringan (roll) : -2.28
2026-05-21 09:38:30,.80, Kemiringan (roll) : -2.28
2026-05-21 09:38:30,.80, Kemiringan (roll) : -2.28
2026-05-21 09:38:30,.80, Kemiringan (roll) : -2.28
2026-05-21 09:38:30,.80, Kemiringan (roll) : -2.28
2026-05-21 09:38:30,.80, Kemiringan (roll) : -2.28
2026-05-21 09:38:30,.80, Kemiringan (roll) : -2.28
2026-05-21 09:38:30,.80, Kemiringan (roll) : -2.28
2026-05-21 09:38:30,.80, Kemiringan (roll) : -2.28
2026-05-21 09:38:30,.80, Kemiringan (roll) : -2.28
2026-05-21 09:38:30,.80, Kemiringan (roll) : -2.28
2026-05-21 09:38:30,.80, Kemiringan (roll) : -2.28
2026-05-21 09:38:30,.80, Kemiringan (roll) : -2.28
2026-05-21 09:38:30,.80, Kemiringan (roll) : -2.28
2026-05-21 09:38:30,.80, Kemiringan (roll) : -2.28
2026-05-21 09:38:30,.80, Kemiringan (roll) : -2.28
2026-05-21 09:38:30,.80, Kemiringan (roll) : -2.28
2026-05-21 09:38:30,.80, Kemiringan (roll) : -2.28
2026-05-21 09:38:30,.80, Kemiringan (roll) : -2.28
2026-05-21 09:38:30,.80, Kemiringan (roll) : -2.28
2026-05-21 09:38:30,.80, Kemiringan (roll) : -2.28
2026-05-21 09:38:30,.80, Kemiringan (roll) : -2.28
2026-05-21 09:38:30,.80, Kemiringan (roll) : -2.28
2026-05-21 09:38:30,.80, Kemiringan (roll) : -2.28
2026-05-21 09:38:30,.80, Kemiringan (roll) : -2.28
2026-05-21 09:38:30,.80, Kemiringan (roll) : -2.28
2026-05-21 09:38:30,.80, Kemiringan (roll) : -2.28
2026-05-21 09:38:30,.80, Kemiringan (roll) : -2.28
2026-05-21 09:38:30,.80, Kemiringan (roll) : -2.28
2026-05-21 09:38:30,.80, Kemiringan (roll) : -2.28
2026-05-21 09:38:30,.80, Kemiringan (roll) : -2.28
2026-05-21 09:38:30,.80, Kemiringan (roll) : -2.28
2026-05-21 09:38:30,.80, Kemiringan (roll) : -2.28
2026-05-21 09:38:30,.80, Kemiringan (roll) : -2.28
2026-05-21 09:38:30,.80, Kemiringan (roll) : -2.28
2026-05-21 09:38:30,.80, Kemiringan (roll) : -2.28
2026-05-21 09:38:30,.80, Kemiringan (roll) : -2.28
2026-05-21 09:38:30,.80, Kemiringan (roll) : -2.28
2026-05-21 09:38:30,.80, Kemiringan (roll) : -2.28
2026-05-21 09:38:30,.80, Kemiringan (roll) : -2.28
2026-05-21 09:38:30,.80, Kemiringan (roll) : -2.28
2026-05-21 09:38:30,.80, Kemiringan (roll) : -2.28
2026-05-21 09:38:30,.80, Kemiringan (roll) : -2.28
2026-05-21 09:38:30,.80, Kemiringan (roll) : -2.28
2026-05-21 09:38:30,.80, Kemiringan (roll) : -2.28
2026-05-21 09:38:30,.80, Kemiringan (roll) : -2.28
2026-05-21 09:38:30,.80, Kemiringan (roll) : -2.28
2026-05-21 09:38:30,.80, Kemiringan (roll) : -2.28
2026-05-21 09:38:30,.80, Kemiringan (roll) : -2.28
2026-05-21 09:38:30,.80, Kemiringan (roll) : -2.28
2026-05-21 09:38:30,.80, Kemiringan (roll) : -2.28
2026-05-21 09:38:30,.80, Kemiringan (roll) : -2.28
2026-05-21 09:38:30,.80, Kemiringan (roll) : -2.28
2026-05-21 09:38:30,.80, Kemiringan (roll) : -2.28
2026-05-21 09:38:30,.80, Kemiringan (roll) : -2.28
2026-05-21 09:38:30,.80, Kemiringan (roll) : -2.28
2026-05-21 09:38:30,.80, Kemiringan (roll) : -2.28
2026-05-21 09:38:30,.80, Kemiringan (roll) : -2.28
2026-05-21 09:38:30,.80, Kemiringan (roll) : -2.28
2026-05-21 09:38:30,.80, Kemiringan (roll) : -2.28
2026-05-21 09:38:30,.80, Kemiringan (roll) : -2.28
2026-05-21 09:38:30,.80, Kemiringan (roll) : -2.28
2026-05-21 09:38:30,.80, Kemiringan (roll) : -2.28
2026-05-21 09:38:30,.80, Kemiringan (roll) : -2.28
2026-05-21 09:38:30,.80, Kemiringan (roll) : -2.28
2026-05-21 09:38:30,.80, Kemiringan (roll) : -2.28
2026-05-21 09:38:30,.80, Kemiringan (roll) : -2.28
2026-05-21 09:38:30,.80, Kemiringan (roll) : -2.28
2026-05-21 09:38:30,.80, Kemiringan (roll) : -2.28
2026-05-21 09:38:30,.80, Kemiringan (roll) : -2.28
2026-05-21 09:38:30,.80, Kemiringan (roll) : -2.28
2026-05-21 09:38:30,.80, Kemiringan (roll) : -2.28
2026-05-21 09:38:30,.80, Kemiringan (roll) : -2.28
2026-05-21 09:38:30,.80, Kemiringan (roll) : -2.28
2026-05-21 09:38:30,.80, Kemiringan (roll) : -2.28
2026-05-21 09:38:30,.80, Kemiringan (roll) : -2.28
2026-05-21 09:38:30,.80, Kemiringan (roll) : -2.28
2026-05-21 09:38:30,.80, Kemiringan (roll) : -2.28
2026-05-21 09:38:30,.80, Kemiringan (roll) : -2.28
2026-05-21 09:38:30,.80, Kemiringan (roll) : -2.28
2026-05-21 09:38:30,.80, Kemiringan (roll) : -2.28
2026-05-21 09:38:30,.80, Kemiringan (roll) : -2.28
2026-05-21 09:38:30,.80, Kemiringan (roll) : -2.28
2026-05-21 09:38:30,.80, Kemiringan (roll) : -2.28
2026-05-21 09:38:30,.80, Kemiringan (roll) : -2.28
2026-05-21 09:38:30,.80, Kemiringan (roll) : -2.28
2026-05-21 09:38:30,.80, Kemiringan (roll) : -2.28
2026-05-21 09:38:30,.80, Kemiringan (roll) : -2.28
2026-05-21 09:38:30,.80, Kemiringan (roll) : -2.28
2026-05-21 09:38:30,.80, Kemiringan (roll) : -2.28
2026-05-21 09:38:30,.80, Kemiringan (roll) : -2.28
2026-05-21 09:38:30,.80, Kemiringan (roll) : -2.28
2026-05-21 09:38:30,.80, Kemiringan (roll) : -2.28
2026-05-21 09:38:30,.80, Kemiringan (roll) : -2.28
2026-05-21 09:38:30,.80, Kemiringan (roll) : -2.28
2026-05-21 09:38:30,.80, Kemiringan (roll) : -2.28
2026-05-21 09:38:30,.80, Kemiringan (roll) : -2.28
2026-05-21 09:38:30,.80, Kemiringan (roll) : -2.28
2026-05-21 09:38:30,.80, Kemiringan (roll) : -2.28
2026-05-21 09:38:30,.80, Kemiringan (roll) : -2.28
2026-05-21 09:38:30,.80, Kemiringan (roll) : -2.28
2026-05-21 09:38:30,.80, Kemiringan (roll) : -2.28
2026-05-21 09:38:30,.80, Kemiringan (roll) : -2.28
2026-05-21 09:38:30,.80, Kemiringan (roll) : -2.28
2026-05-21 09:38:30,.80, Kemiringan (roll) : -2.28
2026-05-21 09:38:30,.80, Kemiringan (roll) : -2.28
2026-05-21 09:38:30,.80, Kemiringan (roll) : -2.28
2026-05-21 09:38:30,.80, Kemiringan (roll) : -2.28
2026-05-21 09:38:30,.80, Kemiringan (roll) : -2.28
2026-05-21 09:38:30,.80, Kemiringan (roll) : -2.28
2026-05-21 09:38:30,.80, Kemiringan (roll) : -2.28
2026-05-21 09:38:30,.80, Kemiringan (roll) : -2.28
2026-05-21 09:38:30,.80, Kemiringan (roll) : -2.28
2026-05-21 09:38:30,.80, Kemiringan (roll) : -2.28
2026-05-21 09:38:30,.80, Kemiringan (roll) : -2.28
2026-05-21 09:38:30,.80, Kemiringan (roll) : -2.28
2026-05-21 09:38:30,.80, Kemiringan (roll) : -2.28
2026-05-21 09:38:30,.80, Kemiringan (roll) : -2.28
2026-05-21 09:38:30,.80, Kemiringan (roll) : -2.28
2026-05-21 09:38:30,.80, Kemiringan (roll) : -2.28
2026-05-21 09:38:30,.80, Kemiringan (roll) : -2.28
2026-05-21 09:38:30,.80, Kemiringan (roll) : -2.28
2026-05-21 09:38:30,.80, Kemiringan (roll) : -2.28
2026-05-21 09:38:30,.80, Kemiringan (roll) : -2.28
2026-05-21 09:38:30,.80, Kemiringan (roll) : -2.28
2026-05-21 09:38:30,.80, Kemiringan (roll) : -2.28
2026-05-21 09:38:30,.80, Kemiringan (roll) : -2.28
2026-05-21 09:38:30,.80, Kemiringan (roll) : -2.28
2026-05-21 09:38:30,.80, Kemiringan (roll) : -2.28
2026-05-21 09:38:30,.80, Kemiringan (roll) : -2.28
2026-05-21 09:38:30,.80, Kemiringan (roll) : -2.28
2026-05-21 09:38:30,.80, Kemiringan (roll) : -2.28
2026-05-21 09:38:30,.80, Kemiringan (roll) : -2.28
2026-05-21 09:38:30,.80, Kemiringan (roll) : -2.28
2026-05-21 09:38:30,.80, Kemiringan (roll) : -2.28
2026-05-21 09:38:30,.80, Kemiringan (roll) : -2.28
2026-05-21 09:38:30,.80, Kemiringan (roll) : -2.28
2026-05-21 09:38:30,.80, Kemiringan (roll) : -2.28
2026-05-21 09:38:30,.80, Kemiringan (roll) : -2.28
2026-05-21 09:38:30,.80, Kemiringan (roll) : -2.28
2026-05-21 09:38:30,.80, Kemiringan (roll) : -2.28
2026-05-21 09:38:30,.80, Kemiringan (roll) : -2.28
2026-05-21 09:38:30,.80, Kemiringan (roll) : -2.28
2026-05-21 09:38:30,.80, Kemiringan (roll) : -2.28
2026-05-21 09:38:30,.80, Kemiringan (roll) : -2.28
2026-05-21 09:38:30,.80, Kemiringan (roll) : -2.28
2026-05-21 09:38:30,.80, Kemiringan (roll) : -2.28
2026-05-21 09:38:30,.80, Kemiringan (roll) : -2.28
2026-05-21 09:38:30,.80, Kemiringan (roll) : -2.28
2026-05-21 09:38:30,.80, Kemiringan (roll) : -2.28
2026-05-21 09:38:30,.80, Kemiringan (roll) : -2.28
2026-05-21 09:38:30,.80, Kemiringan (roll) : -2.28
2026-05-21 09:38:30,.80, Kemiringan (roll) : -2.28
2026-05-21 09:38:30,.80, Kemiringan (roll) : -2.28
2026-05-21 09:38:30,.80, Kemiringan (roll) : -2.28
2026-05-21 09:38:30,.80, Kemiringan (roll) : -2.28
2026-05-21 09:38:30,.80, Kemiringan (roll) : -2.28
2026-05-21 09:38:30,.80, Kemiringan (roll) : -2.28
2026-05-21 09:38:30,.80, Kemiringan (roll) : -2.28
2026-05-21 09:38:30,.80, Kemiringan (roll) : -2.28
2026-05-21 09:38:30,.80, Kemiringan (roll) : -2.28
2026-05-21 09:38:30,.80, Kemiringan (roll) : -2.28
2026-05-21 09:38:30,.80, Kemiringan (roll) : -2.28
2026-05-21 09:38:30,.80, Kemiringan (roll) : -2.28
2026-05-21 09:38:30,.80, Kemiringan (roll) : -2.28
2026-05-21 09:38:30,.80, Kemiringan (roll) : -2.28
2026-05-21 09:38:30,.80, Kemiringan (roll) : -2.28
2026-05-21 09:38:30,.80, Kemiringan (roll) : -2.28
2026-05-21 09:38:30,.80, Kemiringan (roll) : -2.28
2026-05-21 09:38:30,.80, Kemiringan (roll) : -2.28
2026-05-21 09:38:30,.80, Kemiringan (roll) : -2.28
2026-05-21 09:38:30,.80, Kemiringan (roll) : -2.28
2026-05-21 09:38:30,.80, Kemiringan (roll) : -2.28
2026-05-21 09:38:30,.80, Kemiringan (roll) : -2.28
2026-05-21 09:38:30,.80, Kemiringan (roll) : -2.28
2026-05-21 09:38:30,.80, Kemiringan (roll) : -2.28
2026-05-21 09:38:30,.80, Kemiringan (roll) : -2.28
2026-05-21 09:38:30,.80, Kemiringan (roll) : -2.28
2026-05-21 09:38:30,.80, Kemiringan (roll) : -2.28
2026-05-21 09:38:30,.80, Kemiringan (roll) : -2.28
2026-05-21 09:38:30,.80, Kemiringan (roll) : -2.28
2026-05-21 09:38:30,.80, Kemiringan (roll) : -2.28
2026-05-21 09:38:30,.80, Kemiringan (roll) : -2.28
2026-05-21 09:38:30,.80, Kemiringan (roll) : -2.28
2026-05-21 09:38:30,.80, Kemiringan (roll) : -2.28
2026-05-21 09:38:30,.80, Kemiringan (roll) : -2.28
2026-05-21 09:38:30,.80, Kemiringan (roll) : -2.28
2026-05-21 09:38:30,.80, Kemiringan (roll) : -2.28
2026-05-21 09:38:30,.80, Kemiringan (roll) : -2.28
2026-05-21 09:38:30,.80, Kemiringan (roll) : -2.28
2026-05-21 09:38:30,.80, Kemiringan (roll) : -2.28
2026-05-21 09:38:30,.80, Kemiringan (roll) : -2.28
2026-05-21 09:38:30,.80, Kemiringan (roll) : -2.28
2026-05-21 09:38:30,.80, Kemiringan (roll) : -2.28
2026-05-21 09:38:30,.80, Kemiringan (roll) : -2.28
2026-05-21 09:38:30,.80, Kemiringan (roll) : -2.28
2026-05-21 09:38:30,.80, Kemiringan (roll) : -2.28
2026-05-21 09:38:30,.80, Kemiringan (roll) : -2.28
2026-05-21 09:38:30,.80, Kemiringan (roll) : -2.28
2026-05-21 09:38:30,.80, Kemiringan (roll) : -2.28
2026-05-21 09:38:30,.80, Kemiringan (roll) : -2.28
2026-05-21 09:38:30,.80, Kemiringan (roll) : -2.28
2026-05-21 09:38:30,.80, Kemiringan (roll) : -2.28
2026-05-21 09:38:30,.80, Kemiringan (roll) : -2.28
2026-05-21 09:38:30,.80, Kemiringan (roll) : -2.28
2026-05-21 09:38:30,.80, Kemiringan (roll) : -2.28
2026-05-21 09:38:30,.80, Kemiringan (roll) : -2.28
2026-05-21 09:38:30,.80, Kemiringan (roll) : -2.28
2026-05-21 09:38:30,.80, Kemiringan (roll) : -2.28
2026-05-21 09:38:30,.80, Kemiringan (roll) : -2.28
2026-05-21 09:38:30,.80, Kemiringan (roll) : -2.28
2026-05-21 09:38:30,.80, Kemiringan (roll) : -2.28
2026-05-21 09:38:30,.80, Kemiringan (roll) : -2.28
2026-05-21 09:38:30,.80, Kemiringan (roll) : -2.28
2026-05-21 09:38:30,.80, Kemiringan (roll) : -2.28
2026-05-21 09:38:30,.80, Kemiringan (roll) : -2.28
2026-05-21 09:38:30,.80, Kemiringan (roll) : -2.28
2026-05-21 09:38:30,.80, Kemiringan (roll) : -2.28
2026-05-21 09:38:30,.80, Kemiringan (roll) : -2.28
2026-05-21 09:38:30,.80, Kemiringan (roll) : -2.28
2026-05-21 09:38:30,.80, Kemiringan (roll) : -2.28
2026-05-21 09:38:30,.80, Kemiringan (roll) : -2.28
2026-05-21 09:38:30,.80, Kemiringan (roll) : -2.28
2026-05-21 09:38:30,.80, Kemiringan (roll) : -2.28
2026-05-21 09:38:30,.80, Kemiringan (roll) : -2.28
2026-05-21 09:38:30,.80, Kemiringan (roll) : -2.28
2026-05-21 09:38:30,.80, Kemiringan (roll) : -2.28
2026-05-21 09:38:30,.80, Kemiringan (roll) : -2.28
2026-05-21 09:38:30,.80, Kemiringan (roll) : -2.28
2026-05-21 09:38:30,.80, Kemiringan (roll) : -2.28
2026-05-21 09:38:30,.80, Kemiringan (roll) : -2.28
2026-05-21 09:38:30,.80, Kemiringan (roll) : -2.28
2026-05-21 09:38:30,.80, Kemiringan (roll) : -2.28
2026-05-21 09:38:30,.80, Kemiringan (roll) : -2.28
2026-05-21 09:38:30,.80, Kemiringan (roll) : -2.28
2026-05-21 09:38:30,.80, Kemiringan (roll) : -2.28
2026-05-21 09:38:30,.80, Kemiringan (roll) : -2.28
2026-05-21 09:38:30,.80, Kemiringan (roll) : -2.28
2026-05-21 09:38:30,.80, Kemiringan (roll) : -2.28
2026-05-21 09:38:30,.80, Kemiringan (roll) : -2.28
2026-05-21 09:38:30,.80, Kemiringan (roll) : -2.28
2026-05-21 09:38:30,.80, Kemiringan (roll) : -2.28
2026-05-21 09:38:30,.80, Kemiringan (roll) : -2.28
2026-05-21 09:38:30,.80, Kemiringan (roll) : -2.28
2026-05-21 09:38:30,.80, Kemiringan (roll) : -2.28
2026-05-21 09:38:30,.80, Kemiringan (roll) : -2.28
2026-05-21 09:38:30,.80, Kemiringan (roll) : -2.28
2026-05-21 09:38:30,.80, Kemiringan (roll) : -2.28
2026-05-21 09:38:30,.80, Kemiringan (roll) : -2.28
2026-05-21 09:38:30,.80, Kemiringan (roll) : -2.28
2026-05-21 09:38:30,.80, Kemiringan (roll) : -2.28
2026-05-21 09:38:30,.80, Kemiringan (roll) : -2.28
2026-05-21 09:38:30,.80, Kemiringan (roll) : -2.28
2026-05-21 09:38:30,.80, Kemiringan (roll) : -2.28
2026-05-21 09:38:30,.80, Kemiringan (roll) : -2.28
2026-05-21 09:38:30,.80, Kemiringan (roll) : -2.28
2026-05-21 09:38:30,.80, Kemiringan (roll) : -2.28
2026-05-21 09:38:30,.80, Kemiringan (roll) : -2.28
2026-05-21 09:38:30,.80, Kemiringan (roll) : -2.28
2026-05-21 09:38:30,.80, Kemiringan (roll) : -2.28
2026-05-21 09:38:30,.80, Kemiringan (roll) : -2.28
2026-05-21 09:38:30,.80, Kemiringan (roll) : -2.28
2026-05-21 09:38:30,.80, Kemiringan (roll) : -2.28
2026-05-21 09:38:30,.80, Kemiringan (roll) : -2.28
2026-05-21 09:38:30,.80, Kemiringan (roll) : -2.28
2026-05-21 09:38:30,.80, Kemiringan (roll) : -2.28
2026-05-21 09:38:30,.80, Kemiringan (roll) : -2.28
2026-05-21 09:38:30,.80, Kemiringan (roll) : -2.28
2026-05-21 09:38:30,.80, Kemiringan (roll) : -2.28
2026-05-21 09:38:30,.80, Kemiringan (roll) : -2.28
2026-05-21 09:38:30,.80, Kemiringan (roll) : -2.28
2026-05-21 09:38:30,.80, Kemiringan (roll) : -2.28
2026-05-21 09:38:30,.80, Kemiringan (roll) : -2.28
2026-05-21 09:38:30,.80, Kemiringan (roll) : -2.28
2026-05-21 09:38:30,.80, Kemiringan (roll) : -2.28
2026-05-21 09:38:30,.80, Kemiringan (roll) : -2.28
2026-05-21 09:38:30,.80, Kemiringan (roll) : -2.28
2026-05-21 09:38:30,.80, Kemiringan (roll) : -2.28
2026-05-21 09:38:30,.80, Kemiringan (roll) : -2.28
2026-05-21 09:38:30,.80, Kemiringan (roll) : -2.28
2026-05-21 09:38:30,.80, Kemiringan (roll) : -2.28
2026-05-21 09:38:30,.80, Kemiringan (roll) : -2.28
2026-05-21 09:38:30,.80, Kemiringan (roll) : -2.28
2026-05-21 09:38:30,.80, Kemiringan (roll) : -2.28
2026-05-21 09:38:30,.80, Kemiringan (roll) : -2.28
2026-05-21 09:38:30,.80, Kemiringan (roll) : -2.28
2026-05-21 09:38:30,.80, Kemiringan (roll) : -2.28
2026-05-21 09:38:30,.80, Kemiringan (roll) : -2.28
2026-05-21 09:38:30,.80, Kemiringan (roll) : -2.28
2026-05-21 09:38:30,.80, Kemiringan (roll) : -2.28
2026-05-21 09:38:30,.80, Kemiringan (roll) : -2.28
2026-05-21 09:38:30,.80, Kemiringan (roll) : -2.28
2026-05-21 09:38:30,.80, Kemiringan (roll) : -2.28
2026-05-21 09:38:30,.80, Kemiringan (roll) : -2.28
2026-05-21 09:38:30,.80, Kemiringan (roll) : -2.28
2026-05-21 09:38:30,.80, Kemiringan (roll) : -2.28
2026-05-21 09:38:30,.80, Kemiringan (roll) : -2.28
2026-05-21 09:38:30,.80, Kemiringan (roll) : -2.28
2026-05-21 09:38:30,.80, Kemiringan (roll) : -2.28
2026-05-21 09:38:30,.80, Kemiringan (roll) : -2.28
2026-05-21 09:38:30,.80, Kemiringan (roll) : -2.28
2026-05-21 09:38:30,.80, Kemiringan (roll) : -2.28
2026-05-21 09:38:30,.80, Kemiringan (roll) : -2.28
2026-05-21 09:38:30,.80, Kemiringan (roll) : -2.28
2026-05-21 09:38:30,.80, Kemiringan (roll) : -2.28
2026-05-21 09:38:30,.80, Kemiringan (roll) : -2.28
2026-05-21 09:38:30,.80, Kemiringan (roll) : -2.28
2026-05-21 09:38:30,.80, Kemiringan (roll) : -2.28
2026-05-21 09:38:30,.80, Kemiringan (roll) : -2.28
2026-05-21 09:38:30,.80, Kemiringan (roll) : -2.28
2026-05-21 09:38:30,.80, Kemiringan (roll) : -2.28
2026-05-21 09:38:30,.80, Kemiringan (roll) : -2.28
2026-05-21 09:38:30,.80, Kemiringan (roll) : -2.28
2026-05-21 09:38:30,.80, Kemiringan (roll) : -2.28
2026-05-21 09:38:30,.80, Kemiringan (roll) : -2.28
2026-05-21 09:38:30,.80, Kemiringan (roll) : -2.28
2026-05-21 09:38:30,.80, Kemiringan (roll) : -2.28
2026-05-21 09:38:30,.80, Kemiringan (roll) : -2.28
2026-05-21 09:38:30,.80, Kemiringan (roll) : -2.28
2026-05-21 09:38:30,.80, Kemiringan (roll) : -2.28
2026-05-21 09:38:30,.80, Kemiringan (roll) : -2.28
2026-05-21 09:38:30,.80, Kemiringan (roll) : -2.28
2026-05-21 09:38:30,.80, Kemiringan (roll) : -2.28
2026-05-21 09:38:30,.80, Kemiringan (roll) : -2.28
2026-05-21 09:38:30,.80, Kemiringan (roll) : -2.28
2026-05-21 09:38:30,.80, Kemiringan (roll) : -2.28
2026-05-21 09:38:30,.80, Kemiringan (roll) : -2.28
2026-05-21 09:38:30,.80, Kemiringan (roll) : -2.28
2026-05-21 09:38:30,.80, Kemiringan (roll) : -2.28
2026-05-21 09:38:30,.80, Kemiringan (roll) : -2.28
2026-05-21 09:38:30,.80, Kemiringan (roll) : -2.28
2026-05-21 09:38:30,.80, Kemiringan (roll) : -2.28
2026-05-21 09:38:30,.80, Kemiringan (roll) : -2.28
2026-05-21 09:38:30,.80, Kemiringan (roll) : -2.28
2026-05-21 09:38:30,.80, Kemiringan (roll) : -2.28
2026-05-21 09:38:30,.80, Kemiringan (roll) : -2.28
2026-05-21 09:38:30,.80, Kemiringan (roll) : -2.28
2026-05-21 09:38:30,.80, Kemiringan (roll) : -2.28
2026-05-21 09:38:30,.80, Kemiringan (roll) : -2.28
2026-05-21 09:38:30,.80, Kemiringan (roll) : -2.28
2026-05-21 09:38:30,.80, Kemiringan (roll) : -2.28
2026-05-21 09:38:30,.80, Kemiringan (roll) : -2.28
2026-05-21 09:38:30,.80, Kemiringan (roll) : -2.28
2026-05-21 09:38:30,.80, Kemiringan (roll) : -2.28
2026-05-21 09:38:30,.80, Kemiringan (roll) : -2.28
2026-05-21 09:38:30,.80, Kemiringan (roll) : -2.28
2026-05-21 09:38:30,.80, Kemiringan (roll) : -2.28
2026-05-21 09:38:30,.80, Kemiringan (roll) : -2.28
2026-05-21 09:38:30,.80, Kemiringan (roll) : -2.28
2026-05-21 09:38:30,.80, Kemiringan (roll) : -2.28
2026-05-21 09:38:30,.80, Kemiringan (roll) : -2.28
2026-05-21 09:38:30,.80, Kemiringan (roll) : -2.28
2026-05-21 09:38:30,.80, Kemiringan (roll) : -2.28
2026-05-21 09:38:30,.80, Kemiringan (roll) : -2.28
2026-05-21 09:38:30,.80, Kemiringan (roll) : -2.28
2026-05-21 09:38:30,.80, Kemiringan (roll) : -2.28
2026-05-21 09:38:30,.80, Kemiringan (roll) : -2.28
2026-05-21 09:38:30,.80, Kemiringan (roll) : -2.28
2026-05-21 09:38:30,.80, Kemiringan (roll) : -2.28
2026-05-21 09:38:30,.80, Kemiringan (roll) : -2.28
2026-05-21 09:38:30,.80, Kemiringan (roll) : -2.28
2026-05-21 09:38:30,.80, Kemiringan (roll) : -2.28
2026-05-21 09:38:30,.80, Kemiringan (roll) : -2.28
2026-05-21 09:38:30,.80, Kemiringan (roll) : -2.28
2026-05-21 09:38:30,.80, Kemiringan (roll) : -2.28
2026-05-21 09:38:30,.80, Kemiringan (roll) : -2.28
2026-05-21 09:38:30,.80, Kemiringan (roll) : -2.28
2026-05-21 09:38:30,.80, Kemiringan (roll) : -2.28
2026-05-21 09:38:30,.80, Kemiringan (roll) : -2.28
2026-05-21 09:38:30,.80, Kemiringan (roll) : -2.28
2026-05-21 09:38:30,.80, Kemiringan (roll) : -2.28
2026-05-21 09:38:30,.80, Kemiringan (roll) : -2.28
2026-05-21 09:38:30,.80, Kemiringan (roll) : -2.28
2026-05-21 09:38:30,.80, Kemiringan (roll) : -2.28
2026-05-21 09:38:30,.80, Kemiringan (roll) : -2.28
2026-05-21 09:38:30,.80, Kemiringan (roll) : -2.28
2026-05-21 09:38:30,.80, Kemiringan (roll) : -2.28
2026-05-21 09:38:30,.80, Kemiringan (roll) : -2.28
2026-05-21 09:38:30,.80, Kemiringan (roll) : -2.28
2026-05-21 09:38:30,.80, Kemiringan (roll) : -2.28
2026-05-21 09:38:30,.80, Kemiringan (roll) : -2.28
2026-05-21 09:38:30,.80, Kemiringan (roll) : -2.28
2026-05-21 09:38:30,.80, Kemiringan (roll) : -2.28
2026-05-21 09:38:30,.80, Kemiringan (roll) : -2.28
2026-05-21 09:38:30,.80, Kemiringan (roll) : -2.28
2026-05-21 09:38:30,.80, Kemiringan (roll) : -2.28
2026-05-21 09:38:30,.80, Kemiringan (roll) : -2.28
2026-05-21 09:38:30,.80, Kemiringan (roll) : -2.28
2026-05-21 09:38:30,.80, Kemiringan (roll) : -2.28
2026-05-21 09:38:30,.80, Kemiringan (roll) : -2.28
2026-05-21 09:38:30,.80, Kemiringan (roll) : -2.28
2026-05-21 09:38:30,.80, Kemiringan (roll) : -2.28
2026-05-21 09:38:30,.80, Kemiringan (roll) : -2.28
2026-05-21 09:38:30,.80, Kemiringan (roll) : -2.28
2026-05-21 09:38:30,.80, Kemiringan (roll) : -2.28
2026-05-21 09:38:30,.80, Kemiringan (roll) : -2.28
2026-05-21 09:38:30,.80, Kemiringan (roll) : -2.28
2026-05-21 09:38:30,.80, Kemiringan (roll) : -2.28
2026-05-21 09:38:30,.80, Kemiringan (roll) : -2.28
2026-05-21 09:38:30,.80, Kemiringan (roll) : -2.28
2026-05-21 09:38:30,.80, Kemiringan (roll) : -2.28
2026-05-21 09:38:30,.80, Kemiringan (roll) : -2.28
2026-05-21 09:38:30,.80, Kemiringan (roll) : -2.28
2026-05-21 09:38:30,.80, Kemiringan (roll) : -2.28
2026-05-21 09:38:30,.80, Kemiringan (roll) : -2.28
2026-05-21 09:38:30,.80, Kemiringan (roll) : -2.28
2026-05-21 09:38:30,.80, Kemiringan (roll) : -2.28
2026-05-21 09:38:30,.80, Kemiringan (roll) : -2.28
2026-05-21 09:38:30,.80, Kemiringan (roll) : -2.28
2026-05-21 09:38:30,.80, Kemiringan (roll) : -2.28
2026-05-21 09:38:30,.80, Kemiringan (roll) : -2.28
2026-05-21 09:38:30,.80, Kemiringan (roll) : -2.28
2026-05-21 09:38:30,.80, Kemiringan (roll) : -2.28
2026-05-21 09:38:30,.80, Kemiringan (roll) : -2.28
2026-05-21 09:38:30,.80, Kemiringan (roll) : -2.28
2026-05-21 09:38:30,.80, Kemiringan (roll) : -2.28
2026-05-21 09:38:30,.80, Kemiringan (roll) : -2.28
2026-05-21 09:38:30,.80, Kemiringan (roll) : -2.28
2026-05-21 09:38:30,.80, Kemiringan (roll) : -2.28
2026-05-21 09:38:30,.80, Kemiringan (roll) : -2.28
2026-05-21 09:38:30,.80, Kemiringan (roll) : -2.28
2026-05-21 09:38:30,.80, Kemiringan (roll) : -2.28
2026-05-21 09:38:30,.80, Kemiringan (roll) : -2.28
2026-05-21 09:38:30,.80, Kemiringan (roll) : -2.28
2026-05-21 09:38:30,.80, Kemiringan (roll) : -2.28
2026-05-21 09:38:30,.80, Kemiringan (roll) : -2.28
2026-05-21 09:38:30,.80, Kemiringan (roll) : -2.28
2026-05-21 09:38:30,.80, Kemiringan (roll) : -2.28
2026-05-21 09:38:30,.80, Kemiringan (roll) : -2.28
2026-05-21 09:38:30,.80, Kemiringan (roll) : -2.28
2026-05-21 09:38:30,.80, Kemiringan (roll) : -2.28
2026-05-21 09:38:30,.80, Kemiringan (roll) : -2.28
2026-05-21 09:38:30,.80, Kemiringan (roll) : -2.28
2026-05-21 09:38:30,.80, Kemiringan (roll) : -2.28
2026-05-21 09:38:30,.80, Kemiringan (roll) : -2.28
2026-05-21 09:38:30,.80, Kemiringan (roll) : -2.28
2026-05-21 09:38:30,.80, Kemiringan (roll) : -2.28
2026-05-21 09:38:30,.80, Kemiringan (roll) : -2.28
2026-05-21 09:38:30,.80, Kemiringan (roll) : -2.28
2026-05-21 09:38:30,.80, Kemiringan (roll) : -2.28
2026-05-21 09:38:30,.80, Kemiringan (roll) : -2.28
2026-05-21 09:38:30,.80, Kemiringan (roll) : -2.28
2026-05-21 09:38:30,.80, Kemiringan (roll) : -2.28
2026-05-21 09:38:30,.80, Kemiringan (roll) : -2.28
2026-05-21 09:38:30,.80, Kemiringan (roll) : -2.28
2026-05-21 09:38:30,.80, Kemiringan (roll) : -2.28
2026-05-21 09:38:30,.80, Kemiringan (roll) : -2.28
2026-05-21 09:38:30,.80, Kemiringan (roll) : -2.28
2026-05-21 09:38:30,.80, Kemiringan (roll) : -2.28
2026-05-21 09:38:30,.80, Kemiringan (roll) : -2.28
2026-05-21 09:38:30,.80, Kemiringan (roll) : -2.28
2026-05-21 09:38:30,.80, Kemiringan (roll) : -2.28
2026-05-21 09:38:30,.80, Kemiringan (roll) : -2.28
2026-05-21 09:38:30,.80, Kemiringan (roll) : -2.28
2026-05-21 09:38:30,.80, Kemiringan (roll) : -2.28
2026-05-21 09:38:30,.80, Kemiringan (roll) : -2.28
2026-05-21 09:38:30,.80, Kemiringan (roll) : -2.28
2026-05-21 09:38:30,.80, Kemiringan (roll) : -2.28
2026-05-21 09:38:30,.80, Kemiringan (roll) : -2.28
2026-05-21 09:38:30,.80, Kemiringan (roll) : -2.28
2026-05-21 09:38:30,.80, Kemiringan (roll) : -2.28
2026-05-21 09:38:30,.80, Kemiringan (roll) : -2.28
2026-05-21 09:38:30,.80, Kemiringan (roll) : -2.28
2026-05-21 09:38:30,.80, Kemiringan (roll) : -2.28
2026-05-21 09:38:30,.80, Kemiringan (roll) : -2.28
2026-05-21 09:38:30,.80, Kemiringan (roll) : -2.28
2026-05-21 09:38:30,.80, Kemiringan (roll) : -2.28
2026-05-21 09:38:30,.80, Kemiringan (roll) : -2.28
2026-05-21 09:38:30,.80, Kemiringan (roll) : -2.28
2026-05-21 09:38:30,.80, Kemiringan (roll) : -2.28
2026-05-21 09:38:30,.80, Kemiringan (roll) : -2.28
2026-05-21 09:38:30,.80, Kemiringan (roll) : -2.28
2026-05-21 09:38:30,.80, Kemiringan (roll) : -2.28
2026-05-21 09:38:30,.80, Kemiringan (roll) : -2.28
2026-05-21 09:38:30,.80, Kemiringan (roll) : -2.28
2026-05-21 09:38:30,.80, Kemiringan (roll) : -2.28
2026-05-21 09:38:30,.80, Kemiringan (roll) : -2.28
2026-05-21 09:38:30,.80, Kemiringan (roll) : -2.28
2026-05-21 09:38:30,.80, Kemiringan (roll) : -2.28
2026-05-21 09:38:30,.80, Kemiringan (roll) : -2.28
2026-05-21 09:38:30,.80, Kemiringan (roll) : -2.28
2026-05-21 09:38:30,.80, Kemiringan (roll) : -2.28
2026-05-21 09:38:30,.80, Kemiringan (roll) : -2.28
2026-05-21 09:38:30,.80, Kemiringan (roll) : -2.28
2026-05-21 09:38:30,.80, Kemiringan (roll) : -2.28
2026-05-21 09:38:30,.80, Kemiringan (roll) : -2.28
2026-05-21 09:38:30,.80, Kemiringan (roll) : -2.28
2026-05-21 09:38:30,.80, Kemiringan (roll) : -2.28
2026-05-21 09:38:30,.80, Kemiringan (roll) : -2.28
2026-05-21 09:38:30,.80, Kemiringan (roll) : -2.28
2026-05-21 09:38:30,.80, Kemiringan (roll) : -2.28
2026-05-21 09:38:30,.80, Kemiringan (roll) : -2.28
2026-05-21 09:38:30,.80, Kemiringan (roll) : -2.28
2026-05-21 09:38:30,.80, Kemiringan (roll) : -2.28
2026-05-21 09:38:30,.80, Kemiringan (roll) : -2.28
2026-05-21 09:38:30,.80, Kemiringan (roll) : -2.28
2026-05-21 09:38:30,.80, Kemiringan (roll) : -2.28
2026-05-21 09:38:30,.80, Kemiringan (roll) : -2.28
2026-05-21 09:38:30,.80, Kemiringan (roll) : -2.28
2026-05-21 09:38:30,.80, Kemiringan (roll) : -2.28
2026-05-21 09:38:30,.80, Kemiringan (roll) : -2.28
2026-05-21 09:38:30,.80, Kemiringan (roll) : -2.28
2026-05-21 09:38:30,.80, Kemiringan (roll) : -2.28
2026-05-21 09:38:30,.80, Kemiringan (roll) : -2.28
2026-05-21 09:38:30,.80, Kemiringan (roll) : -2.28
2026-05-21 09:38:30,.80, Kemiringan (roll) : -2.28
2026-05-21 09:38:30,.80, Kemiringan (roll) : -2.28
2026-05-21 09:38:30,.80, Kemiringan (roll) : -2.28
2026-05-21 09:38:30,.80, Kemiringan (roll) : -2.28
2026-05-21 09:38:30,.80, Kemiringan (roll) : -2.28
2026-05-21 09:38:30,.80, Kemiringan (roll) : -2.28
2026-05-21 09:38:30,.80, Kemiringan (roll) : -2.28
2026-05-21 09:38:30,.80, Kemiringan (roll) : -2.28
2026-05-21 09:38:30,.80, Kemiringan (roll) : -2.28
2026-05-21 09:38:30,.80, Kemiringan (roll) : -2.28
2026-05-21 09:38:30,.80, Kemiringan (roll) : -2.28
2026-05-21 09:38:30,.80, Kemiringan (roll) : -2.28
2026-05-21 09:38:30,.80, Kemiringan (roll) : -2.28
2026-05-21 09:38:30,.80, Kemiringan (roll) : -2.28
2026-05-21 09:38:30,.80, Kemiringan (roll) : -2.28
2026-05-21 09:38:30,.80, Kemiringan (roll) : -2.28
2026-05-21 09:38:30,.80, Kemiringan (roll) : -2.28
2026-05-21 09:38:30,.80, Kemiringan (roll) : -2.28
2026-05-21 09:38:30,.80, Kemiringan (roll) : -2.28
2026-05-21 09:38:30,.80, Kemiringan (roll) : -2.28
2026-05-21 09:38:30,.80, Kemiringan (roll) : -2.28
2026-05-21 09:38:30,.80, Kemiringan (roll) : -2.28
2026-05-21 09:38:30,.80, Kemiringan (roll) : -2.28
2026-05-21 09:38:30,.80, Kemiringan (roll) : -2.28
2026-05-21 09:38:30,.80, Kemiringan (roll) : -2.28
2026-05-21 09:38:30,.80, Kemiringan (roll) : -2.28
2026-05-21 09:38:30,.80, Kemiringan (roll) : -2.28
2026-05-21 09:38:30,.80, Kemiringan (roll) : -2.28
2026-05-21 09:38:30,.80, Kemiringan (roll) : -2.28
2026-05-21 09:38:30,.80, Kemiringan (roll) : -2.28
2026-05-21 09:38:30,.80, Kemiringan (roll) : -2.28
2026-05-21 09:38:30,.80, Kemiringan (roll) : -2.28
2026-05-21 09:38:30,.80, Kemiringan (roll) : -2.28
2026-05-21 09:38:30,.80, Kemiringan (roll) : -2.28
2026-05-21 09:38:30,.80, Kemiringan (roll) : -2.28
2026-05-21 09:38:30,.80, Kemiringan (roll) : -2.28
2026-05-21 09:38:30,.80, Kemiringan (roll) : -2.28
2026-05-21 09:38:30,.80, Kemiringan (roll) : -2.28
2026-05-21 09:38:30,.80, Kemiringan (roll) : -2.28
2026-05-21 09:38:30,.80, Kemiringan (roll) : -2.28
2026-05-21 09:38:30,.80, Kemiringan (roll) : -2.28
2026-05-21 09:38:30,.80, Kemiringan (roll) : -2.28
2026-05-21 09:38:30,.80, Kemiringan (roll) : -2.28
2026-05-21 09:38:30,.80, Kemiringan (roll) : -2.28
2026-05-21 09:38:30,.80, Kemiringan (roll) : -2.28
2026-05-21 09:38:30,.80, Kemiringan (roll) : -2.28
2026-05-21 09:38:30,.80, Kemiringan (roll) : -2.28
2026-05-21 09:38:30,.80, Kemiringan (roll) : -2.28
2026-05-21 09:38:30,.80, Kemiringan (roll) : -2.28
2026-05-21 09:38:30,.80, Kemiringan (roll) : -2.28
2026-05-21 09:38:30,.80, Kemiringan (roll) : -2.28
2026-05-21 09:38:30,.80, Kemiringan (roll) : -2.28
2026-05-21 09:38:30,.80, Kemiringan (roll) : -2.28
2026-05-21 09:38:30,.80, Kemiringan (roll) : -2.28
2026-05-21 09:38:30,.80, Kemiringan (roll) : -2.28
2026-05-21 09:38:30,.80, Kemiringan (roll) : -2.28
2026-05-21 09:38:30,.80, Kemiringan (roll) : -2.28
2026-05-21 09:38:30,.80, Kemiringan (roll) : -2.28
2026-05-21 09:38:30,.80, Kemiringan (roll) : -2.28
2026-05-21 09:38:30,.80, Kemiringan (roll) : -2.28
2026-05-21 09:38:30,.80, Kemiringan (roll) : -2.28
2026-05-21 09:38:30,.80, Kemiringan (roll) : -2.28
2026-05-21 09:38:30,.80, Kemiringan (roll) : -2.28
2026-05-21 09:38:30,.80, Kemiringan (roll) : -2.28
2026-05-21 09:38:30,.80, Kemiringan (roll) : -2.28
2026-05-21 09:38:30,.80, Kemiringan (roll) : -2.28
2026-05-21 09:38:30,.80, Kemiringan (roll) : -2.28
2026-05-21 09:38:30,.80, Kemiringan (roll) : -2.28
2026-05-21 09:38:30,.80, Kemiringan (roll) : -2.28
2026-05-21 09:38:30,.80, Kemiringan (roll) : -2.28
2026-05-21 09:38:30,.80, Kemiringan (roll) : -2.28
2026-05-21 09:38:30,.80, Kemiringan (roll) : -2.28
2026-05-21 09:38:30,.80, Kemiringan (roll) : -2.28
2026-05-21 09:38:30,.80, Kemiringan (roll) : -2.28
2026-05-21 09:38:30,.80, Kemiringan (roll) : -2.28
2026-05-21 09:38:30,.80, Kemiringan (roll) : -2.28
2026-05-21 09:38:30,.80, Kemiringan (roll) : -2.28
2026-05-21 09:38:30,.80, Kemiringan (roll) : -2.28
2026-05-21 09:38:30,.80, Kemiringan (roll) : -2.28
2026-05-21 09:38:30,.80, Kemiringan (roll) : -2.28
2026-05-21 09:38:30,.80, Kemiringan (roll) : -2.28
2026-05-21 09:38:30,.80, Kemiringan (roll) : -2.28
2026-05-21 09:38:30,.80, Kemiringan (roll) : -2.28
2026-05-21 09:38:30,.80, Kemiringan (roll) : -2.28
2026-05-21 09:38:30,.80, Kemiringan (roll) : -2.28
2026-05-21 09:38:30,.80, Kemiringan (roll) : -2.28
2026-05-21 09:38:30,.80, Kemiringan (roll) : -2.28
2026-05-21 09:38:30,.80, Kemiringan (roll) : -2.28
2026-05-21 09:38:30,.80, Kemiringan (roll) : -2.28
2026-05-21 09:38:30,.80, Kemiringan (roll) : -2.28
2026-05-21 09:38:30,.80, Kemiringan (roll) : -2.28
2026-05-21 09:38:30,.80, Kemiringan (roll) : -2.28
2026-05-21 09:38:30,.80, Kemiringan (roll) : -2.28
2026-05-21 09:38:30,.80, Kemiringan (roll) : -2.28
2026-05-21 09:38:30,.80, Kemiringan (roll) : -2.28
2026-05-21 09:38:30,.80, Kemiringan (roll) : -2.28
2026-05-21 09:38:30,.80, Kemiringan (roll) : -2.28
2026-05-21 09:38:30,.80, Kemiringan (roll) : -2.28
2026-05-21 09:38:30,.80, Kemiringan (roll) : -2.28
2026-05-21 09:38:30,.80, Kemiringan (roll) : -2.28
2026-05-21 09:38:30,.80, Kemiringan (roll) : -2.28
2026-05-21 09:38:30,.80, Kemiringan (roll) : -2.28
2026-05-21 09:38:30,.80, Kemiringan (roll) : -2.28
2026-05-21 09:38:30,.80, Kemiringan (roll) : -2.28
2026-05-21 09:38:30,.80, Kemiringan (roll) : -2.28
2026-05-21 09:38:30,.80, Kemiringan (roll) : -2.28
2026-05-21 09:38:30,.80, Kemiringan (roll) : -2.28
2026-05-21 09:38:30,.80, Kemiringan (roll) : -2.28
2026-05-21 09:38:30,.80, Kemiringan (roll) : -2.28
2026-05-21 09:38:30,.80, Kemiringan (roll) : -2.28
2026-05-21 09:38:30,.80, Kemiringan (roll) : -2.28
2026-05-21 09:38:30,.80, Kemiringan (roll) : -2.28
2026-05-21 09:38:30,.80, Kemiringan (roll) : -2.28
2026-05-21 09:38:30,.80, Kemiringan (roll) : -2.28
2026-05-21 09:38:30,.80, Kemiringan (roll) : -2.28
2026-05-21 09:38:30,.80, Kemiringan (roll) : -2.28
2026-05-21 09:38:30,.80, Kemiringan (roll) : -2.28
2026-05-21 09:38:30,.80, Kemiringan (roll) : -2.28
2026-05-21 09:38:30,.80, Kemiringan (roll) : -2.28
2026-05-21 09:38:30,.80, Kemiringan (roll) : -2.28
2026-05-21 09:38:30,.80, Kemiringan (roll) : -2.28
2026-05-21 09:38:30,.80, Kemiringan (roll) : -2.28
2026-05-21 09:38:30,.80, Kemiringan (roll) : -2.28
2026-05-21 09:38:30,.80, Kemiringan (roll) : -2.28
2026-05-21 09:38:30,.80, Kemiringan (roll) : -2.28
2026-05-21 09:38:30,.80, Kemiringan (roll) : -2.28
2026-05-21 09:38:30,.80, Kemiringan (roll) : -2.28
2026-05-21 09:38:30,.80, Kemiringan (roll) : -2.28
2026-05-21 09:38:30,.80, Kemiringan (roll) : -2.28
2026-05-21 09:38:30,.80, Kemiringan (roll) : -2.28
2026-05-21 09:38:30,.80, Kemiringan (roll) : -2.28
2026-05-21 09:38:30,.80, Kemiringan (roll) : -2.28
2026-05-21 09:38:30,.80, Kemiringan (roll) : -2.28
2026-05-21 09:38:30,.80, Kemiringan (roll) : -2.28
2026-05-21 09:38:30,.80, Kemiringan (roll) : -2.28
2026-05-21 09:38:30,.80, Kemiringan (roll) : -2.28
2026-05-21 09:38:30,.80, Kemiringan (roll) : -2.28
2026-05-21 09:38:30,.80, Kemiringan (roll) : -2.28
2026-05-21 09:38:30,.80, Kemiringan (roll) : -2.28
2026-05-21 09:38:30,.80, Kemiringan (roll) : -2.28
2026-05-21 09:38:30,.80, Kemiringan (roll) : -2.28
2026-05-21 09:38:30,.80, Kemiringan (roll) : -2.28
2026-05-21 09:38:30,.80, Kemiringan (roll) : -2.28
2026-05-21 09:38:30,.80, Kemiringan (roll) : -2.28
2026-05-21 09:38:30,.80, Kemiringan (roll) : -2.28
2026-05-21 09:38:30,.80, Kemiringan (roll) : -2.28
2026-05-21 09:38:30,.80, Kemiringan (roll) : -2.28
2026-05-21 09:38:30,.80, Kemiringan (roll) : -2.28
2026-05-21 09:38:30,.80, Kemiringan (roll) : -2.28
2026-05-21 09:38:30,.80, Kemiringan (roll) : -2.28
2026-05-21 09:38:30,.80, Kemiringan (roll) : -2.28
2026-05-21 09:38:30,.80, Kemiringan (roll) : -2.28
2026-05-21 09:38:30,.80, Kemiringan (roll) : -2.28
2026-05-21 09:38:30,.80, Kemiringan (roll) : -2.28
2026-05-21 09:38:30,.80, Kemiringan (roll) : -2.28
2026-05-21 09:38:30,.80, Kemiringan (roll) : -2.28
2026-05-21 09:38:30,.80, Kemiringan (roll) : -2.28
2026-05-21 09:38:30,.80, Kemiringan (roll) : -2.28
2026-05-21 09:38:30,.80, Kemiringan (roll) : -2.28
2026-05-21 09:38:30,.80, Kemiringan (roll) : -2.28
2026-05-21 09:38:30,.80, Kemiringan (roll) : -2.28
2026-05-21 09:38:30,.80, Kemiringan (roll) : -2.28
2026-05-21 09:38:30,.80, Kemiringan (roll) : -2.28
2026-05-21 09:38:30,.80, Kemiringan (roll) : -2.28
2026-05-21 09:38:30,.80, Kemiringan (roll) : -2.28
2026-05-21 09:38:30,.80, Kemiringan (roll) : -2.28
2026-05-21 09:38:30,.80, Kemiringan (roll) : -2.28
2026-05-21 09:38:30,.80, Kemiringan (roll) : -2.28
2026-05-21 09:38:30,.80, Kemiringan (roll) : -2.28
2026-05-21 09:38:30,.80, Kemiringan (roll) : -2.28
2026-05-21 09:38:30,.80, Kemiringan (roll) : -2.28
2026-05-21 09:38:30,.80, Kemiringan (roll) : -2.28
2026-05-21 09:38:30,.80, Kemiringan (roll) : -2.28
2026-05-21 09:38:30,.80, Kemiringan (roll) : -2.28
2026-05-21 09:38:30,.80, Kemiringan (roll) : -2.28
2026-05-21 09:38:30,.80, Kemiringan (roll) : -2.28
2026-05-21 09:38:30,.80, Kemiringan (roll) : -2.28
2026-05-21 09:38:30,.80, Kemiringan (roll) : -2.28
2026-05-21 09:38:30,.80, Kemiringan (roll) : -2.28
2026-05-21 09:38:30,.80, Kemiringan (roll) : -2.28
2026-05-21 09:38:30,.80, Kemiringan (roll) : -2.28
2026-05-21 09:38:30,.80, Kemiringan (roll) : -2.28
2026-05-21 09:38:30,.80, Kemiringan (roll) : -2.28
2026-05-21 09:38:30,.80, Kemiringan (roll) : -2.28
2026-05-21 09:38:30,.80, Kemiringan (roll) : -2.28
2026-05-21 09:38:30,.80, Kemiringan (roll) : -2.28
2026-05-21 09:38:30,.80, Kemiringan (roll) : -2.28
2026-05-21 09:38:30,.80, Kemiringan (roll) : -2.28
2026-05-21 09:38:30,.80, Kemiringan (roll) : -2.28
2026-05-21 09:38:30,.80, Kemiringan (roll) : -2.28
2026-05-21 09:38:30,.80, Kemiringan (roll) : -2.28
2026-05-21 09:38:30,.80, Kemiringan (roll) : -2.28
2026-05-21 09:38:30,.80, Kemiringan (roll) : -2.28
2026-05-21 09:38:30,.80, Kemiringan (roll) : -2.28
2026-05-21 09:38:30,.80, Kemiringan (roll) : -2.28
2026-05-21 09:38:30,.80, Kemiringan (roll) : -2.28
2026-05-21 09:38:30,.80, Kemiringan (roll) : -2.28
2026-05-21 09:38:30,.80, Kemiringan (roll) : -2.28
2026-05-21 09:38:30,.80, Kemiringan (roll) : -2.28
2026-05-21 09:38:30,.80, Kemiringan (roll) : -2.28
2026-05-21 09:38:30,.80, Kemiringan (roll) : -2.28
2026-05-21 09:38:30,.80, Kemiringan (roll) : -2.28
2026-05-21 09:38:30,.80, Kemiringan (roll) : -2.28
2026-05-21 09:38:30,.80, Kemiringan (roll) : -2.28
2026-05-21 09:38:30,.80, Kemiringan (roll) : -2.28
2026-05-21 09:38:30,.80, Kemiringan (roll) : -2.28
2026-05-21 09:38:30,.80, Kemiringan (roll) : -2.28
2026-05-21 09:38:30,.80, Kemiringan (roll) : -2.28
2026-05-21 09:38:30,.80, Kemiringan (roll) : -2.28
2026-05-21 09:38:30,.80, Kemiringan (roll) : -2.28
2026-05-21 09:38:30,.80, Kemiringan (roll) : -2.28
2026-05-21 09:38:30,.80, Kemiringan (roll) : -2.28
2026-05-21 09:38:30,.80, Kemiringan (roll) : -2.28
2026-05-21 09:38:30,.80, Kemiringan (roll) : -2.28
2026-05-21 09:38:30,.80, Kemiringan (roll) : -2.28
2026-05-21 09:38:30,.80, Kemiringan (roll) : -2.28
2026-05-21 09:38:30,.80, Kemiringan (roll) : -2.28
2026-05-21 09:38:30,.80, Kemiringan (roll) : -2.28
2026-05-21 09:38:30,.80, Kemiringan (roll) : -2.28
2026-05-21 09:38:30,.80, Kemiringan (roll) : -2.28
2026-05-21 09:38:30,.80, Kemiringan (roll) : -2.28
2026-05-21 09:38:30,.80, Kemiringan (roll) : -2.28
2026-05-21 09:38:30,.80, Kemiringan (roll) : -2.28
2026-05-21 09:38:30,.80, Kemiringan (roll) : -2.28
2026-05-21 09:38:30,.80, Kemiringan (roll) : -2.28
2026-05-21 09:38:30,.80, Kemiringan (roll) : -2.28
2026-05-21 09:38:30,.80, Kemiringan (roll) : -2.28
2026-05-21 09:38:30,.80, Kemiringan (roll) : -2.28
2026-05-21 09:38:30,.80, Kemiringan (roll) : -2.28
2026-05-21 09:38:30,.80, Kemiringan (roll) : -2.28
2026-05-21 09:38:30,.80, Kemiringan (roll) : -2.28
2026-05-21 09:38:30,.80, Kemiringan (roll) : -2.28
2026-05-21 09:38:30,.80, Kemiringan (roll) : -2.28
2026-05-21 09:38:30,.80, Kemiringan (roll) : -2.28
2026-05-21 09:38:30,.80, Kemiringan (roll) : -2.28
2026-05-21 09:38:30,.80, Kemiringan (roll) : -2.28
2026-05-21 09:38:30,.80, Kemiringan (roll) : -2.28
2026-05-21 09:38:30,.80, Kemiringan (roll) : -2.28
2026-05-21 09:38:30,.80, Kemiringan (roll) : -2.28
2026-05-21 09:38:30,.80, Kemiringan (roll) : -2.28
2026-05-21 09:38:30,.80, Kemiringan (roll) : -2.28
2026-05-21 09:38:30,.80, Kemiringan (roll) : -2.28
2026-05-21 09:38:30,.80, Kemiringan (roll) : -2.28
2026-05-21 09:38:30,.80, Kemiringan (roll) : -2.28
2026-05-21 09:38:30,.80, Kemiringan (roll) : -2.28
2026-05-21 09:38:30,.80, Kemiringan (roll) : -2.28
2026-05-21 09:38:30,.80, Kemiringan (roll) : -2.28
2026-05-21 09:38:30,.80, Kemiringan (roll) : -2.28
2026-05-21 09:38:30,.80, Kemiringan (roll) : -2.28
2026-05-21 09:38:30,.80, Kemiringan (roll) : -2.28
2026-05-21 09:38:30,.80, Kemiringan (roll) : -2.28
2026-05-21 09:38:30,.80, Kemiringan (roll) : -2.28
2026-05-21 09:38:30,.80, Kemiringan (roll) : -2.28
2026-05-21 09:38:30,.80, Kemiringan (roll) : -2.28
2026-05-21 09:38:30,.80, Kemiringan (roll) : -2.28
2026-05-21 09:38:30,.80, Kemiringan (roll) : -2.28
2026-05-21 09:38:30,.80, Kemiringan (roll) : -2.28
2026-05-21 09:38:30,.80, Kemiringan (roll) : -2.28
2026-05-21 09:38:30,.80, Kemiringan (roll) : -2.28
2026-05-21 09:38:30,.80, Kemiringan (roll) : -2.28
2026-05-21 09:38:30,.80, Kemiringan (roll) : -2.28
2026-05-21 09:38:30,.80, Kemiringan (roll) : -2.28
2026-05-21 09:38:30,.80, Kemiringan (roll) : -2.28
2026-05-21 09:38:30,.80, Kemiringan (roll) : -2.28
2026-05-21 09:38:30,.80, Kemiringan (roll) : -2.28
2026-05-21 09:38:30,.80, Kemiringan (roll) : -2.28
2026-05-21 09:38:30,.80, Kemiringan (roll) : -2.28
2026-05-21 09:38:30,.80, Kemiringan (roll) : -2.28
2026-05-21 09:38:30,.80, Kemiringan (roll) : -2.28
2026-05-21 09:38:30,.80, Kemiringan (roll) : -2.28
2026-05-21 09:38:30,.80, Kemiringan (roll) : -2.28
2026-05-21 09:38:30,.80, Kemiringan (roll) : -2.28
2026-05-21 09:38:30,.80, Kemiringan (roll) : -2.28
2026-05-21 09:38:30,.80, Kemiringan (roll) : -2.28
2026-05-21 09:38:30,.80, Kemiringan (roll) : -2.28
2026-05-21 09:38:30,.80, Kemiringan (roll) : -2.28
2026-05-21 09:38:30,.80, Kemiringan (roll) : -2.28
2026-05-21 09:38:30,.80, Kemiringan (roll) : -2.28
2026-05-21 09:38:30,.80, Kemiringan (roll) : -2.28
2026-05-21 09:38:30,.80, Kemiringan (roll) : -2.28
2026-05-21 09:38:30,.80, Kemiringan (roll) : -2.28
2026-05-21 09:38:30,.80, Kemiringan (roll) : -2.28
2026-05-21 09:38:30,.80, Kemiringan (roll) : -2.28
2026-05-21 09:38:30,.80, Kemiringan (roll) : -2.28
2026-05-21 09:38:30,.80, Kemiringan (roll) : -2.28
2026-05-21 09:38:30,.80, Kemiringan (roll) : -2.28
2026-05-21 09:38:30,.80, Kemiringan (roll) : -2.28
2026-05-21 09:38:30,.80, Kemiringan (roll) : -2.28
2026-05-21 09:38:30,.80, Kemiringan (roll) : -2.28
2026-05-21 09:38:30,.80, Kemiringan (roll) : -2.28
2026-05-21 09:38:30,.80, Kemiringan (roll) : -2.28
2026-05-21 09:38:30,.80, Kemiringan (roll) : -2.28
2026-05-21 09:38:30,.80, Kemiringan (roll) : -2.28
2026-05-21 09:38:30,.80, Kemiringan (roll) : -2.28
2026-05-21 09:38:30,.80, Kemiringan (roll) : -2.28
2026-05-21 09:38:30,.80, Kemiringan (roll) : -2.28
2026-05-21 09:38:30,.80, Kemiringan (roll) : -2.28
2026-05-21 09:38:30,.80, Kemiringan (roll) : -2.28
2026-05-21 09:38:30,.80, Kemiringan (roll) : -2.28
2026-05-21 09:38:30,.80, Kemiringan (roll) : -2.28
2026-05-21 09:38:30,.80, Kemiringan (roll) : -2.28
2026-05-21 09:38:30,.80, Kemiringan (roll) : -2.28
2026-05-21 09:38:30,.80, Kemiringan (roll) : -2.28
2026-05-21 09:38:30,.80, Kemiringan (roll) : -2.28
2026-05-21 09:38:30,.80, Kemiringan (roll) : -2.28
2026-05-21 09:38:30,.80, Kemiringan (roll) : -2.28
2026-05-21 09:38:30,.80, Kemiringan (roll) : -2.28
2026-05-21 09:38:30,.80, Kemiringan (roll) : -2.28
2026-05-21 09:38:30,.80, Kemiringan (roll) : -2.28
2026-05-21 09:38:30,.80, Kemiringan (roll) : -2.28
2026-05-21 09:38:30,.80, Kemiringan (roll) : -2.28
2026-05-21 09:38:30,.80, Kemiringan (roll) : -2.28
2026-05-21 09:38:30,.80, Kemiringan (roll) : -2.28
2026-05-21 09:38:30,.80, Kemiringan (roll) : -2.28
2026-05-21 09:38:30,.80, Kemiringan (roll) : -2.28
2026-05-21 09:38:30,.80, Kemiringan (roll) : -2.28
2026-05-21 09:38:30,.80, Kemiringan (roll) : -2.28
2026-05-21 09:38:30,.80, Kemiringan (roll) : -2.28
2026-05-21 09:38:30,.80, Kemiringan (roll) : -2.28
2026-05-21 09:38:30,.80, Kemiringan (roll) : -2.28
2026-05-21 09:38:30,.80, Kemiringan (roll) : -2.28
2026-05-21 09:38:30,.80, Kemiringan (roll) : -2.28
2026-05-21 09:38:30,.80, Kemiringan (roll) : -2.28
2026-05-21 09:38:30,.80, Kemiringan (roll) : -2.28
2026-05-21 09:38:30,.80, Kemiringan (roll) : -2.28
2026-05-21 09:38:30,.80, Kemiringan (roll) : -2.28
2026-05-21 09:38:30,.80, Kemiringan (roll) : -2.28
2026-05-21 09:38:30,.80, Kemiringan (roll) : -2.28
2026-05-21 09:38:30,.80, Kemiringan (roll) : -2.28
2026-05-21 09:38:30,.80, Kemiringan (roll) : -2.28
2026-05-21 09:38:30,.80, Kemiringan (roll) : -2.28
2026-05-21 09:38:30,.80, Kemiringan (roll) : -2.28
2026-05-21 09:38:30,.80, Kemiringan (roll) : -2.28
2026-05-21 09:38:30,.80, Kemiringan (roll) : -2.28
2026-05-21 09:38:30,.80, Kemiringan (roll) : -2.28
2026-05-21 09:38:30,.80, Kemiringan (roll) : -2.28
2026-05-21 09:38:30,.80, Kemiringan (roll) : -2.28
2026-05-21 09:38:30,.80, Kemiringan (roll) : -2.28
2026-05-21 09:38:30,.80, Kemiringan (roll) : -2.28
2026-05-21 09:38:30,.80, Kemiringan (roll) : -2.28
2026-05-21 09:38:30,.80, Kemiringan (roll) : -2.28
2026-05-21 09:38:30,.80, Kemiringan (roll) : -2.28
2026-05-21 09:38:30,.80, Kemiringan (roll) : -2.28
2026-05-21 09:38:30,.80, Kemiringan (roll) : -2.28
2026-05-21 09:38:30,.80, Kemiringan (roll) : -2.28
2026-05-21 09:38:30,.80, Kemiringan (roll) : -2.28
2026-05-21 09:38:30,.80, Kemiringan (roll) : -2.28
2026-05-21 09:38:30,.80, Kemiringan (roll) : -2.28
2026-05-21 09:38:30,.80, Kemiringan (roll) : -2.28
2026-05-21 09:38:30,.80, Kemiringan (roll) : -2.28
2026-05-21 09:38:30,.80, Kemiringan (roll) : -2.28
2026-05-21 09:38:30,.80, Kemiringan (roll) : -2.28
2026-05-21 09:38:30,.80, Kemiringan (roll) : -2.28
2026-05-21 09:38:30,.80, Kemiringan (roll) : -2.28
2026-05-21 09:38:30,.80, Kemiringan (roll) : -2.28
2026-05-21 09:38:30,.80, Kemiringan (roll) : -2.28
2026-05-21 09:38:30,.80, Kemiringan (roll) : -2.28
2026-05-21 09:38:30,.80, Kemiringan (roll) : -2.28
2026-05-21 09:38:30,.80, Kemiringan (roll) : -2.28
2026-05-21 09:38:30,.80, Kemiringan (roll) : -2.28
2026-05-21 09:38:30,.80, Kemiringan (roll) : -2.28
2026-05-21 09:38:30,.80, Kemiringan (roll) : -2.28
2026-05-21 09:38:30,.80, Kemiringan (roll) : -2.28
2026-05-21 09:38:30,.80, Kemiringan (roll) : -2.28
2026-05-21 09:38:30,.80, Kemiringan (roll) : -2.28
2026-05-21 09:38:30,.80, Kemiringan (roll) : -2.28
2026-05-21 09:38:30,.80, Kemiringan (roll) : -2.28
2026-05-21 09:38:30,.80, Kemiringan (roll) : -2.28
2026-05-21 09:38:30,.80, Kemiringan (roll) : -2.28
2026-05-21 09:38:30,.80, Kemiringan (roll) : -2.28
2026-05-21 09:38:30,.80, Kemiringan (roll) : -2.28
2026-05-21 09:38:30,.80, Kemiringan (roll) : -2.28
2026-05-21 09:38:30,.80, Kemiringan (roll) : -2.28
2026-05-21 09:38:30,.80, Kemiringan (roll) : -2.28
2026-05-21 09:38:30,.80, Kemiringan (roll) : -2.28
2026-05-21 09:38:30,.80, Kemiringan (roll) : -2.28
2026-05-21 09:38:30,.80, Kemiringan (roll) : -2.28
2026-05-21 09:38:30,.80, Kemiringan (roll) : -2.28
2026-05-21 09:38:30,.80, Kemiringan (roll) : -2.28
2026-05-21 09:38:30,.80, Kemiringan (roll) : -2.28
2026-05-21 09:38:30,.80, Kemiringan (roll) : -2.28
2026-05-21 09:38:30,.80, Kemiringan (roll) : -2.28
2026-05-21 09:38:30,.80, Kemiringan (roll) : -2.28
2026-05-21 09:38:30,.80, Kemiringan (roll) : -2.28
2026-05-21 09:38:30,.80, Kemiringan (roll) : -2.28
2026-05-21 09:38:30,.80, Kemiringan (roll) : -2.28
2026-05-21 09:38:30,.80, Kemiringan (roll) : -2.28
2026-05-21 09:38:30,.80, Kemiringan (roll) : -2.28
2026-05-21 09:38:30,.80, Kemiringan (roll) : -2.28
2026-05-21 09:38:30,.80, Kemiringan (roll) : -2.28
2026-05-21 09:38:30,.80, Kemiringan (roll) : -2.28
2026-05-21 09:38:30,.80, Kemiringan (roll) : -2.28
2026-05-21 09:38:30,.80, Kemiringan (roll) : -2.28
2026-05-21 09:38:30,.80, Kemiringan (roll) : -2.28
2026-05-21 09:38:30,.80, Kemiringan (roll) : -2.28
2026-05-21 09:38:30,.80, Kemiringan (roll) : -2.28
2026-05-21 09:38:30,.80, Kemiringan (roll) : -2.28
2026-05-21 09:38:30,.80, Kemiringan (roll) : -2.28
2026-05-21 09:38:30,.80, Kemiringan (roll) : -2.28
2026-05-21 09:38:30,.80, Kemiringan (roll) : -2.28
2026-05-21 09:38:30,.80, Kemiringan (roll) : -2.28
2026-05-21 09:38:30,.80, Kemiringan (roll) : -2.28
2026-05-21 09:38:30,.80, Kemiringan (roll) : -2.28
2026-05-21 09:38:30,.80, Kemiringan (roll) : -2.28
2026-05-21 09:38:30,.80, Kemiringan (roll) : -2.28
2026-05-21 09:38:30,.80, Kemiringan (roll) : -2.28
2026-05-21 09:38:30,.80, Kemiringan (roll) : -2.28
2026-05-21 09:38:30,.80, Kemiringan (roll) : -2.28
2026-05-21 09:38:30,.80, Kemiringan (roll) : -2.28
2026-05-21 09:38:30,.80, Kemiringan (roll) : -2.28
2026-05-21 09:38:30,.80, Kemiringan (roll) : -2.28
2026-05-21 09:38:30,.80, Kemiringan (roll) : -2.28
2026-05-21 09:38:30,.80, Kemiringan (roll) : -2.28
2026-05-21 09:38:30,.80, Kemiringan (roll) : -2.28
2026-05-21 09:38:30,.80, Kemiringan (roll) : -2.28
2026-05-21 09:38:30,.80, Kemiringan (roll) : -2.28
2026-05-21 09:38:30,.80, Kemiringan (roll) : -2.28
2026-05-21 09:38:30,.80, Kemiringan (roll) : -2.28
2026-05-21 09:38:30,.80, Kemiringan (roll) : -2.28
2026-05-21 09:38:30,.80, Kemiringan (roll) : -2.28
2026-05-21 09:38:30,.80, Kemiringan (roll) : -2.28
2026-05-21 09:38:30,.80, Kemiringan (roll) : -2.28
2026-05-21 09:38:30,.80, Kemiringan (roll) : -2.28
2026-05-21 09:38:30,.80, Kemiringan (roll) : -2.28
2026-05-21 09:38:30,.80, Kemiringan (roll) : -2.28
2026-05-21 09:38:30,.80, Kemiringan (roll) : -2.28
2026-05-21 09:38:30,.80, Kemiringan (roll) : -2.28
2026-05-21 09:38:30,.80, Kemiringan (roll) : -2.28
2026-05-21 09:38:30,.80, Kemiringan (roll) : -2.28
2026-05-21 09:38:30,.80, Kemiringan (roll) : -2.28
2026-05-21 09:38:30,.80, Kemiringan (roll) : -2.28
2026-05-21 09:38:30,.80, Kemiringan (roll) : -2.28
2026-05-21 09:38:30,.80, Kemiringan (roll) : -2.28
2026-05-21 09:38:30,.80, Kemiringan (roll) : -2.28
2026-05-21 09:38:30,.80, Kemiringan (roll) : -2.28
2026-05-21 09:38:30,.80, Kemiringan (roll) : -2.28
2026-05-21 09:38:30,.80, Kemiringan (roll) : -2.28
2026-05-21 09:38:30,.80, Kemiringan (roll) : -2.28
2026-05-21 09:38:30,.80, Kemiringan (roll) : -2.28
2026-05-21 09:38:30,.80, Kemiringan (roll) : -2.28
2026-05-21 09:38:30,.80, Kemiringan (roll) : -2.28
2026-05-21 09:38:30,.80, Kemiringan (roll) : -2.28
2026-05-21 09:38:30,.80, Kemiringan (roll) : -2.28
2026-05-21 09:38:30,.80, Kemiringan (roll) : -2.28
2026-05-21 09:38:30,.80, Kemiringan (roll) : -2.28
2026-05-21 09:38:30,.80, Kemiringan (roll) : -2.28
2026-05-21 09:38:30,.80, Kemiringan (roll) : -2.28
2026-05-21 09:38:30,.80, Kemiringan (roll) : -2.28
2026-05-21 09:38:30,.80, Kemiringan (roll) : -2.28
2026-05-21 09:38:30,.80, Kemiringan (roll) : -2.28
2026-05-21 09:38:30,.80, Kemiringan (roll) : -2.28
2026-05-21 09:38:30,.80, Kemiringan (roll) : -2.28
2026-05-21 09:38:30,.80, Kemiringan (roll) : -2.28
2026-05-21 09:38:30,.80, Kemiringan (roll) : -2.28
2026-05-21 09:38:30,.80, Kemiringan (roll) : -2.28
2026-05-21 09:38:30,.80, Kemiringan (roll) : -2.28
2026-05-21 09:38:30,.80, Kemiringan (roll) : -2.28
2026-05-21 09:38:30,.80, Kemiringan (roll) : -2.28
2026-05-21 09:38:30,.80, Kemiringan (roll) : -2.28
2026-05-21 09:38:30,.80, Kemiringan (roll) : -2.28
2026-05-21 09:38:30,.80, Kemiringan (roll) : -2.28
2026-05-21 09:38:30,.80, Kemiringan (roll) : -2.28
2026-05-21 09:38:30,.80, Kemiringan (roll) : -2.28
2026-05-21 09:38:30,.80, Kemiringan (roll) : -2.28
2026-05-21 09:38:30,.80, Kemiringan (roll) : -2.28
2026-05-21 09:38:30,.80, Kemiringan (roll) : -2.28
2026-05-21 09:38:30,.80, Kemiringan (roll) : -2.28
2026-05-21 09:38:30,.80, Kemiringan (roll) : -2.28
2026-05-21 09:38:30,.80, Kemiringan (roll) : -2.28
2026-05-21 09:38:30,.80, Kemiringan (roll) : -2.28
2026-05-21 09:38:30,.80, Kemiringan (roll) : -2.28
2026-05-21 09:38:30,.80, Kemiringan (roll) : -2.28
2026-05-21 09:38:30,.80, Kemiringan (roll) : -2.28
2026-05-21 09:38:30,.80, Kemiringan (roll) : -2.28
2026-05-21 09:38:30,.80, Kemiringan (roll) : -2.28
2026-05-21 09:38:30,.80, Kemiringan (roll) : -2.28
2026-05-21 09:38:30,.80, Kemiringan (roll) : -2.28
2026-05-21 09:38:30,.80, Kemiringan (roll) : -2.28
2026-05-21 09:38:30,.80, Kemiringan (roll) : -2.28
2026-05-21 09:38:30,.80, Kemiringan (roll) : -2.28
2026-05-21 09:38:30,.80, Kemiringan (roll) : -2.28
2026-05-21 09:38:30,.80, Kemiringan (roll) : -2.28
2026-05-21 09:38:30,.80, Kemiringan (roll) : -2.28
2026-05-21 09:38:30,.80, Kemiringan (roll) : -2.28
2026-05-21 09:38:30,.80, Kemiringan (roll) : -2.28
2026-05-21 09:38:30,.80, Kemiringan (roll) : -2.28
2026-05-21 09:38:30,.80, Kemiringan (roll) : -2.28
2026-05-21 09:38:30,.80, Kemiringan (roll) : -2.28
2026-05-21 09:38:30,.80, Kemiringan (roll) : -2.28
2026-05-21 09:38:30,.80, Kemiringan (roll) : -2.28
2026-05-21 09:38:30,.80, Kemiringan (roll) : -2.28
2026-05-21 09:38:30,.80, Kemiringan (roll) : -2.28
2026-05-21 09:38:30,.80, Kemiringan (roll) : -2.28
2026-05-21 09:38:30,.80, Kemiringan (roll) : -2.28
2026-05-21 09:38:30,.80, Kemiringan (roll) : -2.28
2026-05-21 09:38:30,.80, Kemiringan (roll) : -2.28
2026-05-21 09:38:30,.80, Kemiringan (roll) : -2.28
2026-05-21 09:38:30,.80, Kemiringan (roll) : -2.28
2026-05-21 09:38:30,.80, Kemiringan (roll) : -2.28
2026-05-21 09:38:30,.80, Kemiringan (roll) : -2.28
2026-05-21 09:38:30,.80, Kemiringan (roll) : -2.28
2026-05-21 09:38:30,.80, Kemiringan (roll) : -2.28
2026-05-21 09:38:30,.80, Kemiringan (roll) : -2.28
2026-05-21 09:38:30,.80, Kemiringan (roll) : -2.28
2026-05-21 09:38:30,.80, Kemiringan (roll) : -2.28
2026-05-21 09:38:30,.80, Kemiringan (roll) : -2.28
2026-05-21 09:38:30,.80, Kemiringan (roll) : -2.28
2026-05-21 09:38:30,.80, Kemiringan (roll) : -2.28
2026-05-21 09:38:30,.80, Kemiringan (roll) : -2.28
2026-05-21 09:38:30,.80, Kemiringan (roll) : -2.28
2026-05-21 09:38:30,.80, Kemiringan (roll) : -2.28
2026-05-21 09:38:30,.80, Kemiringan (roll) : -2.28
2026-05-21 09:38:30,.80, Kemiringan (roll) : -2.28
2026-05-21 09:38:30,.80, Kemiringan (roll) : -2.28
2026-05-21 09:38:30,.80, Kemiringan (roll) : -2.28
2026-05-21 09:38:30,.80, Kemiringan (roll) : -2.28
2026-05-21 09:38:30,.80, Kemiringan (roll) : -2.28
2026-05-21 09:38:30,.80, Kemiringan (roll) : -2.28
2026-05-21 09:38:30,.80, Kemiringan (roll) : -2.28
2026-05-21 09:38:30,.80, Kemiringan (roll) : -2.28
2026-05-21 09:38:30,.80, Kemiringan (roll) : -2.28
2026-05-21 09:38:30,.80, Kemiringan (roll) : -2.28
2026-05-21 09:38:30,.80, Kemiringan (roll) : -2.28
2026-05-21 09:38:30,.80, Kemiringan (roll) : -2.28
2026-05-21 09:38:30,.80, Kemiringan (roll) : -2.28
2026-05-21 09:38:30,.80, Kemiringan (roll) : -2.28
2026-05-21 09:38:30,.80, Kemiringan (roll) : -2.28
2026-05-21 09:38:30,.80, Kemiringan (roll) : -2.28
2026-05-21 09:38:30,.80, Kemiringan (roll) : -2.28
2026-05-21 09:38:30,.80, Kemiringan (roll) : -2.28
2026-05-21 09:38:30,.80, Kemiringan (roll) : -2.28
2026-05-21 09:38:30,.80, Kemiringan (roll) : -2.28
2026-05-21 09:38:30,.80, Kemiringan (roll) : -2.28
2026-05-21 09:38:30,.80, Kemiringan (roll) : -2.28
2026-05-21 09:38:30,.80, Kemiringan (roll) : -2.28
2026-05-21 09:38:30,.80, Kemiringan (roll) : -2.28
2026-05-21 09:38:30,.80, Kemiringan (roll) : -2.28
2026-05-21 09:38:30,.80, Kemiringan (roll) : -2.28
2026-05-21 09:38:30,.80, Kemiringan (roll) : -2.28
2026-05-21 09:38:30,.80, Kemiringan (roll) : -2.28
2026-05-21 09:38:30,.80, Kemiringan (roll) : -2.28
2026-05-21 09:38:30,.80, Kemiringan (roll) : -2.28
2026-05-21 09:38:30,.80, Kemiringan (roll) : -2.28
2026-05-21 09:38:30,.80, Kemiringan (roll) : -2.28
2026-05-21 09:38:30,.80, Kemiringan (roll) : -2.28
2026-05-21 09:38:30,.80, Kemiringan (roll) : -2.28
2026-05-21 09:38:30,.80, Kemiringan (roll) : -2.28
2026-05-21 09:38:30,.80, Kemiringan (roll) : -2.28
2026-05-21 09:38:30,.80, Kemiringan (roll) : -2.28
2026-05-21 09:38:30,.80, Kemiringan (roll) : -2.28
2026-05-21 09:38:30,.80, Kemiringan (roll) : -2.28
2026-05-21 09:38:30,.80, Kemiringan (roll) : -2.28
2026-05-21 09:38:30,.80, Kemiringan (roll) : -2.28
2026-05-21 09:38:30,.80, Kemiringan (roll) : -2.28
2026-05-21 09:38:30,.80, Kemiringan (roll) : -2.28
2026-05-21 09:38:30,.80, Kemiringan (roll) : -2.28
2026-05-21 09:38:30,.80, Kemiringan (roll) : -2.28
2026-05-21 09:38:30,.80, Kemiringan (roll) : -2.28
2026-05-21 09:38:30,.80, Kemiringan (roll) : -2.28
2026-05-21 09:38:30,.80, Kemiringan (roll) : -2.28
2026-05-21 09:38:30,.80, Kemiringan (roll) : -2.28
2026-05-21 09:38:30,.80, Kemiringan (roll) : -2.28
2026-05-21 09:38:30,.80, Kemiringan (roll) : -2.28
2026-05-21 09:38:30,.80, Kemiringan (roll) : -2.28
2026-05-21 09:38:30,.80, Kemiringan (roll) : -2.28
2026-05-21 09:38:30,.80, Kemiringan (roll) : -2.28
2026-05-21 09:38:30,.80, Kemiringan (roll) : -2.28
2026-05-21 09:38:30,.80, Kemiringan (roll) : -2.28
2026-05-21 09:38:30,.80, Kemiringan (roll) : -2.28
2026-05-21 09:38:30,.80, Kemiringan (roll) : -2.28
2026-05-21 09:38:30,.80, Kemiringan (roll) : -2.28
2026-05-21 09:38:30,.80, Kemiringan (roll) : -2.28
2026-05-21 09:38:30,.80, Kemiringan (roll) : -2.28
2026-05-21 09:38:30,.80, Kemiringan (roll) : -2.28
2026-05-21 09:38:30,.80, Kemiringan (roll) : -2.28
2026-05-21 09:38:30,.80, Kemiringan (roll) : -2.28
2026-05-21 09:38:30,.80, Kemiringan (roll) : -2.28
2026-05-21 09:38:30,.80, Kemiringan (roll) : -2.28
2026-05-21 09:38:30,.80, Kemiringan (roll) : -2.28
2026-05-21 09:38:30,.80, Kemiringan (roll) : -2.28
2026-05-21 09:38:30,.80, Kemiringan (roll) : -2.28
2026-05-21 09:38:30,.80, Kemiringan (roll) : -2.28
2026-05-21 09:38:30,.80, Kemiringan (roll) : -2.28
2026-05-21 09:38:30,.80, Kemiringan (roll) : -2.28
2026-05-21 09:38:30,.80, Kemiringan (roll) : -2.28
2026-05-21 09:38:30,.80, Kemiringan (roll) : -2.28
2026-05-21 09:38:30,.80, Kemiringan (roll) : -2.28
2026-05-21 09:38:30,.80, Kemiringan (roll) : -2.28
2026-05-21 09:38:30,.80, Kemiringan (roll) : -2.28
2026-05-21 09:38:30,.80, Kemiringan (roll) : -2.28
2026-05-21 09:38:30,.80, Kemiringan (roll) : -2.28
2026-05-21 09:38:30,.80, Kemiringan (roll) : -2.28
2026-05-21 09:38:30,.80, Kemiringan (roll) : -2.28
2026-05-21 09:38:30,.80, Kemiringan (roll) : -2.28
2026-05-21 09:38:30,.80, Kemiringan (roll) : -2.28
2026-05-21 09:38:30,.80, Kemiringan (roll) : -2.28
2026-05-21 09:38:30,.80, Kemiringan (roll) : -2.28
2026-05-21 09:38:30,.80, Kemiringan (roll) : -2.28
2026-05-21 09:38:30,.80, Kemiringan (roll) : -2.28
2026-05-21 09:38:30,.80, Kemiringan (roll) : -2.28
2026-05-21 09:38:30,.80, Kemiringan (roll) : -2.28
2026-05-21 09:38:30,.80, Kemiringan (roll) : -2.28
2026-05-21 09:38:30,.80, Kemiringan (roll) : -2.28
2026-05-21 09:38:30,.80, Kemiringan (roll) : -2.28
2026-05-21 09:38:30,.80, Kemiringan (roll) : -2.28
2026-05-21 09:38:30,.80, Kemiringan (roll) : -2.28
2026-05-21 09:38:30,.80, Kemiringan (roll) : -2.28
2026-05-21 09:38:30,.80, Kemiringan (roll) : -2.28
2026-05-21 09:38:30,.80, Kemiringan (roll) : -2.28
2026-05-21 09:38:30,.80, Kemiringan (roll) : -2.28
2026-05-21 09:38:30,.80, Kemiringan (roll) : -2.28
2026-05-21 09:38:30,.80, Kemiringan (roll) : -2.28
2026-05-21 09:38:30,.80, Kemiringan (roll) : -2.28
2026-05-21 09:38:30,.80, Kemiringan (roll) : -2.28
2026-05-21 09:38:30,.80, Kemiringan (roll) : -2.28
2026-05-21 09:38:30,.80, Kemiringan (roll) : -2.28
2026-05-21 09:38:30,.80, Kemiringan (roll) : -2.28
2026-05-21 09:38:30,.80, Kemiringan (roll) : -2.28
2026-05-21 09:38:30,.80, Kemiringan (roll) : -2.28
2026-05-21 09:38:30,.80, Kemiringan (roll) : -2.28
2026-05-21 09:38:30,.80, Kemiringan (roll) : -2.28
2026-05-21 09:38:30,.80, Kemiringan (roll) : -2.28
2026-05-21 09:38:30,.80, Kemiringan (roll) : -2.28
2026-05-21 09:38:30,.80, Kemiringan (roll) : -2.28
2026-05-21 09:38:30,.80, Kemiringan (roll) : -2.28
2026-05-21 09:38:30,.80, Kemiringan (roll) : -2.28
2026-05-21 09:38:30,.80, Kemiringan (roll) : -2.28
2026-05-21 09:38:30,.80, Kemiringan (roll) : -2.28
2026-05-21 09:38:30,.80, Kemiringan (roll) : -2.28
2026-05-21 09:38:30,.80, Kemiringan (roll) : -2.28
2026-05-21 09:38:30,.80, Kemiringan (roll) : -2.28
2026-05-21 09:38:30,.80, Kemiringan (roll) : -2.28
2026-05-21 09:38:30,.80, Kemiringan (roll) : -2.28
2026-05-21 09:38:30,.80, Kemiringan (roll) : -2.28
2026-05-21 09:38:30,.80, Kemiringan (roll) : -2.28
2026-05-21 09:38:30,.80, Kemiringan (roll) : -2.28
2026-05-21 09:38:30,.80, Kemiringan (roll) : -2.28
2026-05-21 09:38:30,.80, Kemiringan (roll) : -2.28
2026-05-21 09:38:30,.80, Kemiringan (roll) : -2.28
2026-05-21 09:38:30,.80, Kemiringan (roll) : -2.28
2026-05-21 09:38:30,.80, Kemiringan (roll) : -2.28
2026-05-21 09:38:30,.80, Kemiringan (roll) : -2.28
2026-05-21 09:38:30,.80, Kemiringan (roll) : -2.28
2026-05-21 09:38:30,.80, Kemiringan (roll) : -2.28
2026-05-21 09:38:30,.80, Kemiringan (roll) : -2.28
2026-05-21 09:38:30,.80, Kemiringan (roll) : -2.28
2026-05-21 09:38:30,.80, Kemiringan (roll) : -2.28
2026-05-21 09:38:30,.80, Kemiringan (roll) : -2.28
2026-05-21 09:38:30,.80, Kemiringan (roll) : -2.28
2026-05-21 09:38:30,.80, Kemiringan (roll) : -2.28
2026-05-21 09:38:30,.80, Kemiringan (roll) : -2.28
2026-05-21 09:38:30,.80, Kemiringan (roll) : -2.28
2026-05-21 09:38:30,.80, Kemiringan (roll) : -2.28
2026-05-21 09:38:30,.80, Kemiringan (roll) : -2.28
2026-05-21 09:38:30,.80, Kemiringan (roll) : -2.28
2026-05-21 09:38:30,.80, Kemiringan (roll) : -2.28
2026-05-21 09:38:30,.80, Kemiringan (roll) : -2.28
2026-05-21 09:38:30,.80, Kemiringan (roll) : -2.28
2026-05-21 09:38:30,.80, Kemiringan (roll) : -2.28
2026-05-21 09:38:30,.80, Kemiringan (roll) : -2.28
2026-05-21 09:38:30,.80, Kemiringan (roll) : -2.28
2026-05-21 09:38:30,.80, Kemiringan (roll) : -2.28
2026-05-21 09:38:30,.80, Kemiringan (roll) : -2.28
2026-05-21 09:38:30,.80, Kemiringan (roll) : -2.28
2026-05-21 09:38:30,.80, Kemiringan (roll) : -2.28
2026-05-21 09:38:30,.80, Kemiringan (roll) : -2.28
2026-05-21 09:38:30,.80, Kemiringan (roll) : -2.28
2026-05-21 09:38:30,.80, Kemiringan (roll) : -2.28
2026-05-21 09:38:30,.80, Kemiringan (roll) : -2.28
2026-05-21 09:38:30,.80, Kemiringan (roll) : -2.28
2026-05-21 09:38:30,.80, Kemiringan (roll) : -2.28
2026-05-21 09:38:30,.80, Kemiringan (roll) : -2.28
2026-05-21 09:38:30,.80, Kemiringan (roll) : -2.28
2026-05-21 09:38:30,.80, Kemiringan (roll) : -2.28
2026-05-21 09:38:30,.80, Kemiringan (roll) : -2.28
2026-05-21 09:38:30,.80, Kemiringan (roll) : -2.28
2026-05-21 09:38:30,.80, Kemiringan (roll) : -2.28
2026-05-21 09:38:30,.80, Kemiringan (roll) : -2.28
2026-05-21 09:38:30,.80, Kemiringan (roll) : -2.28
2026-05-21 09:38:30,.80, Kemiringan (roll) : -2.28
2026-05-21 09:38:30,.80, Kemiringan (roll) : -2.28
2026-05-21 09:38:30,.80, Kemiringan (roll) : -2.28
2026-05-21 09:38:30,.80, Kemiringan (roll) : -2.28
2026-05-21 09:38:30,.80, Kemiringan (roll) : -2.28
2026-05-21 09:38:30,.80, Kemiringan (roll) : -2.28
2026-05-21 09:38:30,.80, Kemiringan (roll) : -2.28
2026-05-21 09:38:30,.80, Kemiringan (roll) : -2.28
2026-05-21 09:38:30,.80, Kemiringan (roll) : -2.28
2026-05-21 09:38:30,.80, Kemiringan (roll) : -2.28
2026-05-21 09:38:30,.80, Kemiringan (roll) : -2.28
2026-05-21 09:38:30,.80, Kemiringan (roll) : -2.28
2026-05-21 09:38:30,.80, Kemiringan (roll) : -2.28
2026-05-21 09:38:30,.80, Kemiringan (roll) : -2.28
2026-05-21 09:38:30,.80, Kemiringan (roll) : -2.28
2026-05-21 09:38:30,.80, Kemiringan (roll) : -2.28
2026-05-21 09:38:30,.80, Kemiringan (roll) : -2.28
2026-05-21 09:38:30,.80, Kemiringan (roll) : -2.28
2026-05-21 09:38:30,.80, Kemiringan (roll) : -2.28
2026-05-21 09:38:30,.80, Kemiringan (roll) : -2.28
2026-05-21 09:38:30,.80, Kemiringan (roll) : -2.28
2026-05-21 09:38:30,.80, Kemiringan (roll) : -2.28
2026-05-21 09:38:30,.80, Kemiringan (roll) : -2.28
2026-05-21 09:38:30,.80, Kemiringan (roll) : -2.28
2026-05-21 09:38:30,.80, Kemiringan (roll) : -2.28
2026-05-21 09:38:30,.80, Kemiringan (roll) : -2.28
2026-05-21 09:38:30,.80, Kemiringan (roll) : -2.28
2026-05-21 09:38:30,.80, Kemiringan (roll) : -2.28
2026-05-21 09:38:30,.80, Kemiringan (roll) : -2.28
2026-05-21 09:38:30,.80, Kemiringan (roll) : -2.28
2026-05-21 09:38:30,.80, Kemiringan (roll) : -2.28
2026-05-21 09:38:30,.80, Kemiringan (roll) : -2.28
2026-05-21 09:38:30,.80, Kemiringan (roll) : -2.28
2026-05-21 09:38:30,.80, Kemiringan (roll) : -2.28
2026-05-21 09:38:30,.80, Kemiringan (roll) : -2.28
2026-05-21 09:38:30,.80, Kemiringan (roll) : -2.28
2026-05-21 09:38:30,.80, Kemiringan (roll) : -2.28
2026-05-21 09:38:30,.80, Kemiringan (roll) : -2.28
2026-05-21 09:38:30,.80, Kemiringan (roll) : -2.28
2026-05-21 09:38:30,.80, Kemiringan (roll) : -2.28
2026-05-21 09:38:30,.80, Kemiringan (roll) : -2.28
2026-05-21 09:38:30,.80, Kemiringan (roll) : -2.28
2026-05-21 09:38:30,.80, Kemiringan (roll) : -2.28
2026-05-21 09:38:30,.80, Kemiringan (roll) : -2.28
2026-05-21 09:38:30,.80, Kemiringan (roll) : -2.28
2026-05-21 09:38:30,.80, Kemiringan (roll) : -2.28
2026-05-21 09:38:30,.80, Kemiringan (roll) : -2.28
2026-05-21 09:38:30,.80, Kemiringan (roll) : -2.28
2026-05-21 09:38:30,.80, Kemiringan (roll) : -2.28
2026-05-21 09:38:30,.80, Kemiringan (roll) : -2.28
2026-05-21 09:38:30,.80, Kemiringan (roll) : -2.28
2026-05-21 09:38:30,.80, Kemiringan (roll) : -2.28
2026-05-21 09:38:30,.80, Kemiringan (roll) : -2.28
2026-05-21 09:38:30,.80, Kemiringan (roll) : -2.28
2026-05-21 09:38:30,.80, Kemiringan (roll) : -2.28
2026-05-21 09:38:30,.80, Kemiringan (roll) : -2.28
2026-05-21 09:38:30,.80, Kemiringan (roll) : -2.28
2026-05-21 09:38:30,.80, Kemiringan (roll) : -2.28
2026-05-21 09:38:30,.80, Kemiringan (roll) : -2.28
2026-05-21 09:38:30,.80, Kemiringan (roll) : -2.28
2026-05-21 09:38:30,.80, Kemiringan (roll) : -2.28
2026-05-21 09:38:30,.80, Kemiringan (roll) : -2.28
2026-05-21 09:38:30,.80, Kemiringan (roll) : -2.28
2026-05-21 09:38:30,.80, Kemiringan (roll) : -2.28
2026-05-21 09:38:30,.80, Kemiringan (roll) : -2.28
2026-05-21 09:38:30,.80, Kemiringan (roll) : -2.28
2026-05-21 09:38:30,.80, Kemiringan (roll) : -2.28
2026-05-21 09:38:30,.80, Kemiringan (roll) : -2.28
2026-05-21 09:38:30,.80, Kemiringan (roll) : -2.28
2026-05-21 09:38:30,.80, Kemiringan (roll) : -2.28
2026-05-21 09:38:30,.80, Kemiringan (roll) : -2.28
2026-05-21 09:38:30,.80, Kemiringan (roll) : -2.28
2026-05-21 09:38:30,.80, Kemiringan (roll) : -2.28
2026-05-21 09:38:30,.80, Kemiringan (roll) : -2.28
2026-05-21 09:38:30,.80, Kemiringan (roll) : -2.28
2026-05-21 09:38:30,.80, Kemiringan (roll) : -2.28
2026-05-21 09:38:30,.80, Kemiringan (roll) : -2.28
2026-05-21 09:38:30,.80, Kemiringan (roll) : -2.28
2026-05-21 09:38:30,.80, Kemiringan (roll) : -2.28
2026-05-21 09:38:30,.80, Kemiringan (roll) : -2.28
2026-05-21 09:38:30,.80, Kemiringan (roll) : -2.28
2026-05-21 09:38:30,.80, Kemiringan (roll) : -2.28
2026-05-21 09:38:30,.80, Kemiringan (roll) : -2.28
2026-05-21 09:38:30,.80, Kemiringan (roll) : -2.28
2026-05-21 09:38:30,.80, Kemiringan (roll) : -2.28
2026-05-21 09:38:30,.80, Kemiringan (roll) : -2.28
2026-05-21 09:38:30,.80, Kemiringan (roll) : -2.28
2026-05-21 09:38:30,.80, Kemiringan (roll) : -2.28
2026-05-21 09:38:30,.80, Kemiringan (roll) : -2.28
2026-05-21 09:38:30,.80, Kemiringan (roll) : -2.28
2026-05-21 09:38:30,.80, Kemiringan (roll) : -2.28
2026-05-21 09:38:30,.80, Kemiringan (roll) : -2.28
2026-05-21 09:38:30,.80, Kemiringan (roll) : -2.28
2026-05-21 09:38:30,.80, Kemiringan (roll) : -2.28
2026-05-21 09:38:30,.80, Kemiringan (roll) : -2.28
2026-05-21 09:38:30,.80, Kemiringan (roll) : -2.28
2026-05-21 09:38:30,.80, Kemiringan (roll) : -2.28
2026-05-21 09:38:30,.80, Kemiringan (roll) : -2.28
2026-05-21 09:38:30,.80, Kemiringan (roll) : -2.28
2026-05-21 09:38:30,.80, Kemiringan (roll) : -2.28
2026-05-21 09:38:30,.80, Kemiringan (roll) : -2.28
2026-05-21 09:38:30,.80, Kemiringan (roll) : -2.28
2026-05-21 09:38:30,.80, Kemiringan (roll) : -2.28
2026-05-21 09:38:30,.80, Kemiringan (roll) : -2.28
2026-05-21 09:38:30,.80, Kemiringan (roll) : -2.28
2026-05-21 09:38:30,.80, Kemiringan (roll) : -2.28
2026-05-21 09:38:30,.80, Kemiringan (roll) : -2.28
2026-05-21 09:38:30,.80, Kemiringan (roll) : -2.28
2026-05-21 09:38:30,.80, Kemiringan (roll) : -2.28
2026-05-21 09:38:30,.80, Kemiringan (roll) : -2.28
2026-05-21 09:38:30,.80, Kemiringan (roll) : -2.28
2026-05-21 09:38:30,.80, Kemiringan (roll) : -2.28
2026-05-21 09:38:30,.80, Kemiringan (roll) : -2.28
2026-05-21 09:38:30,.80, Kemiringan (roll) : -2.28
2026-05-21 09:38:30,.80, Kemiringan (roll) : -2.28
2026-05-21 09:38:30,.80, Kemiringan (roll) : -2.28
2026-05-21 09:38:30,.80, Kemiringan (roll) : -2.28
2026-05-21 09:38:30,.80, Kemiringan (roll) : -2.28
2026-05-21 09:38:30,.80, Kemiringan (roll) : -2.28
2026-05-21 09:38:30,.80, Kemiringan (roll) : -2.28
2026-05-21 09:38:30,.80, Kemiringan (roll) : -2.28
2026-05-21 09:38:30,.80, Kemiringan (roll) : -2.28
2026-05-21 09:38:30,.80, Kemiringan (roll) : -2.28
2026-05-21 09:38:30,.80, Kemiringan (roll) : -2.28
2026-05-21 09:38:30,.80, Kemiringan (roll) : -2.28
2026-05-21 09:38:30,.80, Kemiringan (roll) : -2.28
2026-05-21 09:38:30,.80, Kemiringan (roll) : -2.28
2026-05-21 09:38:30,.80, Kemiringan (roll) : -2.28
2026-05-21 09:38:30,.80, Kemiringan (roll) : -2.28
2026-05-21 09:38:30,.80, Kemiringan (roll) : -2.28
2026-05-21 09:38:30,.80, Kemiringan (roll) : -2.28
2026-05-21 09:38:30,.80, Kemiringan (roll) : -2.28
2026-05-21 09:38:30,.80, Kemiringan (roll) : -2.28
2026-05-21 09:38:30,.80, Kemiringan (roll) : -2.28
2026-05-21 09:38:30,.80, Kemiringan (roll) : -2.28
2026-05-21 09:38:30,.80, Kemiringan (roll) : -2.28
2026-05-21 09:38:30,.80, Kemiringan (roll) : -2.28
2026-05-21 09:38:30,.80, Kemiringan (roll) : -2.28
2026-05-21 09:38:30,.80, Kemiringan (roll) : -2.28
2026-05-21 09:38:30,.80, Kemiringan (roll) : -2.28
2026-05-21 09:38:30,.80, Kemiringan (roll) : -2.28
2026-05-21 09:38:30,.80, Kemiringan (roll) : -2.28
2026-05-21 09:38:30,.80, Kemiringan (roll) : -2.28
2026-05-21 09:38:30,.80, Kemiringan (roll) : -2.28
2026-05-21 09:38:30,.80, Kemiringan (roll) : -2.28
2026-05-21 09:38:30,.80, Kemiringan (roll) : -2.28
2026-05-21 09:38:30,.80, Kemiringan (roll) : -2.28
2026-05-21 09:38:30,.80, Kemiringan (roll) : -2.28
2026-05-21 09:38:30,.80, Kemiringan (roll) : -2.28
2026-05-21 09:38:30,.80, Kemiringan (roll) : -2.28
2026-05-21 09:38:30,.80, Kemiringan (roll) : -2.28
2026-05-21 09:38:30,.80, Kemiringan (roll) : -2.28
2026-05-21 09:38:30,.80, Kemiringan (roll) : -2.28
2026-05-21 09:38:30,.80, Kemiringan (roll) : -2.28
2026-05-21 09:38:30,.80, Kemiringan (roll) : -2.28
2026-05-21 09:38:30,.80, Kemiringan (roll) : -2.28
2026-05-21 09:38:30,.80, Kemiringan (roll) : -2.28
2026-05-21 09:38:30,.80, Kemiringan (roll) : -2.28
2026-05-21 09:38:30,.80, Kemiringan (roll) : -2.28
2026-05-21 09:38:30,.80, Kemiringan (roll) : -2.28
2026-05-21 09:38:30,.80, Kemiringan (roll) : -2.28
2026-05-21 09:38:30,.80, Kemiringan (roll) : -2.28
2026-05-21 09:38:30,.80, Kemiringan (roll) : -2.28
2026-05-21 09:38:30,.80, Kemiringan (roll) : -2.28
2026-05-21 09:38:30,.80, Kemiringan (roll) : -2.28
2026-05-21 09:38:30,.80, Kemiringan (roll) : -2.28
2026-05-21 09:38:30,.80, Kemiringan (roll) : -2.28
2026-05-21 09:38:30,.80, Kemiringan (roll) : -2.28
2026-05-21 09:38:30,.80, Kemiringan (roll) : -2.28
2026-05-21 09:38:30,.80, Kemiringan (roll) : -2.28
2026-05-21 09:38:30,.80, Kemiringan (roll) : -2.28
2026-05-21 09:38:30,.80, Kemiringan (roll) : -2.28
2026-05-21 09:38:30,.80, Kemiringan (roll) : -2.28
2026-05-21 09:38:30,.80, Kemiringan (roll) : -2.28
2026-05-21 09:38:30,.80, Kemiringan (roll) : -2.28
2026-05-21 09:38:30,.80, Kemiringan (roll) : -2.28
2026-05-21 09:38:30,.80, Kemiringan (roll) : -2.28
2026-05-21 09:38:30,.80, Kemiringan (roll) : -2.28
2026-05-21 09:38:30,.80, Kemiringan (roll) : -2.28
2026-05-21 09:38:30,.80, Kemiringan (roll) : -2.28
2026-05-21 09:38:30,.80, Kemiringan (roll) : -2.28
2026-05-21 09:38:30,.80, Kemiringan (roll) : -2.28
2026-05-21 09:38:30,.80, Kemiringan (roll) : -2.28
2026-05-21 09:38:30,.80, Kemiringan (roll) : -2.28
2026-05-21 09:38:30,.80, Kemiringan (roll) : -2.28
2026-05-21 09:38:30,.80, Kemiringan (roll) : -2.28
2026-05-21 09:38:30,.80, Kemiringan (roll) : -2.28
2026-05-21 09:38:30,.80, Kemiringan (roll) : -2.28
2026-05-21 09:38:30,.80, Kemiringan (roll) : -2.28
2026-05-21 09:38:30,.80, Kemiringan (roll) : -2.28
2026-05-21 09:38:30,.80, Kemiringan (roll) : -2.28
2026-05-21 09:38:30,.80, Kemiringan (roll) : -2.28
2026-05-21 09:38:30,.80, Kemiringan (roll) : -2.28
2026-05-21 09:38:30,.80, Kemiringan (roll) : -2.28
2026-05-21 09:38:30,.80, Kemiringan (roll) : -2.28
2026-05-21 09:38:30,.80, Kemiringan (roll) : -2.28
2026-05-21 09:38:30,.80, Kemiringan (roll) : -2.28
2026-05-21 09:38:30,.80, Kemiringan (roll) : -2.28
2026-05-21 09:38:30,.80, Kemiringan (roll) : -2.28
2026-05-21 09:38:30,.80, Kemiringan (roll) : -2.28
2026-05-21 09:38:30,.80, Kemiringan (roll) : -2.28
2026-05-21 09:38:30,.80, Kemiringan (roll) : -2.28
2026-05-21 09:38:30,.80, Kemiringan (roll) : -2.28
2026-05-21 09:38:30,.80, Kemiringan (roll) : -2.28
2026-05-21 09:38:30,.80, Kemiringan (roll) : -2.28
2026-05-21 09:38:30,.80, Kemiringan (roll) : -2.28
2026-05-21 09:38:30,.80, Kemiringan (roll) : -2.28
2026-05-21 09:38:30,.80, Kemiringan (roll) : -2.28
2026-05-21 09:38:30,.80, Kemiringan (roll) : -2.28
2026-05-21 09:38:30,.80, Kemiringan (roll) : -2.28
2026-05-21 09:38:30,.80, Kemiringan (roll) : -2.28
2026-05-21 09:38:30,.80, Kemiringan (roll) : -2.28
2026-05-21 09:38:30,.80, Kemiringan (roll) : -2.28
2026-05-21 09:38:30,.80, Kemiringan (roll) : -2.28
2026-05-21 09:38:30,.80, Kemiringan (roll) : -2.28
2026-05-21 09:38:30,.80, Kemiringan (roll) : -2.28
2026-05-21 09:38:30,.80, Kemiringan (roll) : -2.28
2026-05-21 09:38:30,.80, Kemiringan (roll) : -2.28
2026-05-21 09:38:30,.80, Kemiringan (roll) : -2.28
2026-05-21 09:38:30,.80, Kemiringan (roll) : -2.28
2026-05-21 09:38:30,.80, Kemiringan (roll) : -2.28
2026-05-21 09:38:30,.80, Kemiringan (roll) : -2.28
2026-05-21 09:38:30,.80, Kemiringan (roll) : -2.28
2026-05-21 09:38:30,.80, Kemiringan (roll) : -2.28
2026-05-21 09:38:30,.80, Kemiringan (roll) : -2.28
2026-05-21 09:38:30,.80, Kemiringan (roll) : -2.28
2026-05-21 09:38:30,.80, Kemiringan (roll) : -2.28
2026-05-21 09:38:30,.80, Kemiringan (roll) : -2.28
2026-05-21 09:38:30,.80, Kemiringan (roll) : -2.28
2026-05-21 09:38:30,.80, Kemiringan (roll) : -2.28
2026-05-21 09:38:30,.80, Kemiringan (roll) : -2.28
2026-05-21 09:38:30,.80, Kemiringan (roll) : -2.28
2026-05-21 09:38:30,.80, Kemiringan (roll) : -2.28
2026-05-21 09:38:30,.80, Kemiringan (roll) : -2.28
2026-05-21 09:38:30,.80, Kemiringan (roll) : -2.28
2026-05-21 09:38:30,.80, Kemiringan (roll) : -2.28
2026-05-21 09:38:30,.80, Kemiringan (roll) : -2.28
2026-05-21 09:38:30,.80, Kemiringan (roll) : -2.28
2026-05-21 09:38:30,.80, Kemiringan (roll) : -2.28
2026-05-21 09:38:30,.80, Kemiringan (roll) : -2.28
2026-05-21 09:38:30,.80, Kemiringan (roll) : -2.28
2026-05-21 09:38:30,.80, Kemiringan (roll) : -2.28
2026-05-21 09:38:30,.80, Kemiringan (roll) : -2.28
2026-05-21 09:38:30,.80, Kemiringan (roll) : -2.28
2026-05-21 09:38:30,.80, Kemiringan (roll) : -2.28
2026-05-21 09:38:30,.80, Kemiringan (roll) : -2.28
2026-05-21 09:38:30,.80, Kemiringan (roll) : -2.28
2026-05-21 09:38:30,.80, Kemiringan (roll) : -2.28
2026-05-21 09:38:30,.80, Kemiringan (roll) : -2.28
2026-05-21 09:38:30,.80, Kemiringan (roll) : -2.28
2026-05-21 09:38:30,.80, Kemiringan (roll) : -2.28
2026-05-21 09:38:30,.80, Kemiringan (roll) : -2.28
2026-05-21 09:38:30,.80, Kemiringan (roll) : -2.28
2026-05-21 09:38:30,.80, Kemiringan (roll) : -2.28
2026-05-21 09:38:30,.80, Kemiringan (roll) : -2.28
2026-05-21 09:38:30,.80, Kemiringan (roll) : -2.28
2026-05-21 09:38:30,.80, Kemiringan (roll) : -2.28
2026-05-21 09:38:30,.80, Kemiringan (roll) : -2.28
2026-05-21 09:38:30,.80, Kemiringan (roll) : -2.28
2026-05-21 09:38:30,.80, Kemiringan (roll) : -2.28
2026-05-21 09:38:30,.80, Kemiringan (roll) : -2.28
2026-05-21 09:38:30,.80, Kemiringan (roll) : -2.28
2026-05-21 09:38:30,.80, Kemiringan (roll) : -2.28
2026-05-21 09:38:30,.80, Kemiringan (roll) : -2.28
2026-05-21 09:38:30,.80, Kemiringan (roll) : -2.28
2026-05-21 09:38:30,.80, Kemiringan (roll) : -2.28
2026-05-21 09:38:30,.80, Kemiringan (roll) : -2.28
2026-05-21 09:38:30,.80, Kemiringan (roll) : -2.28
2026-05-21 09:38:30,.80, Kemiringan (roll) : -2.28
2026-05-21 09:38:30,.80, Kemiringan (roll) : -2.28
2026-05-21 09:38:30,.80, Kemiringan (roll) : -2.28
2026-05-21 09:38:30,.80, Kemiringan (roll) : -2.28
2026-05-21 09:38:30,.80, Kemiringan (roll) : -2.28
2026-05-21 09:38:30,.80, Kemiringan (roll) : -2.28
2026-05-21 09:38:30,.80, Kemiringan (roll) : -2.28
2026-05-21 09:38:30,.80, Kemiringan (roll) : -2.28
2026-05-21 09:38:30,.80, Kemiringan (roll) : -2.28
2026-05-21 09:38:30,.80, Kemiringan (roll) : -2.28
2026-05-21 09:38:30,.80, Kemiringan (roll) : -2.28
2026-05-21 09:38:30,.80, Kemiringan (roll) : -2.28
2026-05-21 09:38:30,.80, Kemiringan (roll) : -2.28
2026-05-21 09:38:30,.80, Kemiringan (roll) : -2.28
2026-05-21 09:38:30,.80, Kemiringan (roll) : -2.28
2026-05-21 09:38:30,.80, Kemiringan (roll) : -2.28
2026-05-21 09:38:30,.80, Kemiringan (roll) : -2.28
2026-05-21 09:38:30,.80, Kemiringan (roll) : -2.28
2026-05-21 09:38:30,.80, Kemiringan (roll) : -2.28
2026-05-21 09:38:30,.80, Kemiringan (roll) : -2.28
2026-05-21 09:38:30,.80, Kemiringan (roll) : -2.28
2026-05-21 09:38:30,.80, Kemiringan (roll) : -2.28
2026-05-21 09:38:30,.80, Kemiringan (roll) : -2.28
2026-05-21 09:38:30,.80, Kemiringan (roll) : -2.28
2026-05-21 09:38:30,.80, Kemiringan (roll) : -2.28
2026-05-21 09:38:30,.80, Kemiringan (roll) : -2.28
2026-05-21 09:38:30,.80, Kemiringan (roll) : -2.28
2026-05-21 09:38:30,.80, Kemiringan (roll) : -2.28
2026-05-21 09:38:30,.80, Kemiringan (roll) : -2.28
2026-05-21 09:38:30,.80, Kemiringan (roll) : -2.28
2026-05-21 09:38:30,.80, Kemiringan (roll) : -2.28
2026-05-21 09:38:30,.80, Kemiringan (roll) : -2.28
2026-05-21 09:38:30,.80, Kemiringan (roll) : -2.28
2026-05-21 09:38:30,.80, Kemiringan (roll) : -2.28
2026-05-21 09:38:30,.80, Kemiringan (roll) : -2.28
2026-05-21 09:38:30,.80, Kemiringan (roll) : -2.28
2026-05-21 09:38:30,.80, Kemiringan (roll) : -2.28
2026-05-21 09:38:30,.80, Kemiringan (roll) : -2.28
2026-05-21 09:38:30,.80, Kemiringan (roll) : -2.28
2026-05-21 09:38:30,.80, Kemiringan (roll) : -2.28
2026-05-21 09:38:30,.80, Kemiringan (roll) : -2.28
2026-05-21 09:38:30,.80, Kemiringan (roll) : -2.28
2026-05-21 09:38:30,.80, Kemiringan (roll) : -2.28
2026-05-21 09:38:30,.80, Kemiringan (roll) : -2.28
2026-05-21 09:38:30,.80, Kemiringan (roll) : -2.28
2026-05-21 09:38:30,.80, Kemiringan (roll) : -2.28
2026-05-21 09:38:30,.80, Kemiringan (roll) : -2.28
2026-05-21 09:38:30,.80, Kemiringan (roll) : -2.28
2026-05-21 09:38:30,.80, Kemiringan (roll) : -2.28
2026-05-21 09:38:30,.80, Kemiringan (roll) : -2.28
2026-05-21 09:38:30,.80, Kemiringan (roll) : -2.28
2026-05-21 09:38:30,.80, Kemiringan (roll) : -2.28
2026-05-21 09:38:30,.80, Kemiringan (roll) : -2.28
2026-05-21 09:38:30,.80, Kemiringan (roll) : -2.28
2026-05-21 09:38:30,.80, Kemiringan (roll) : -2.28
2026-05-21 09:38:30,.80, Kemiringan (roll) : -2.28
2026-05-21 09:38:30,.80, Kemiringan (roll) : -2.28
2026-05-21 09:38:30,.80, Kemiringan (roll) : -2.28
2026-05-21 09:38:30,.80, Kemiringan (roll) : -2.28
2026-05-21 09:38:30,.80, Kemiringan (roll) : -2.28
2026-05-21 09:38:30,.80, Kemiringan (roll) : -2.28
2026-05-21 09:38:30,.80, Kemiringan (roll) : -2.28
2026-05-21 09:38:30,.80, Kemiringan (roll) : -2.28
2026-05-21 09:38:30,.80, Kemiringan (roll) : -2.28
2026-05-21 09:38:30,.80, Kemiringan (roll) : -2.28
2026-05-21 09:38:30,.80, Kemiringan (roll) : -2.28
2026-05-21 09:38:30,.80, Kemiringan (roll) : -2.28
2026-05-21 09:38:30,.80, Kemiringan (roll) : -2.28
2026-05-21 09:38:30,.80, Kemiringan (roll) : -2.28
2026-05-21 09:38:30,.80, Kemiringan (roll) : -2.28
2026-05-21 09:38:30,.80, Kemiringan (roll) : -2.28
2026-05-21 09:38:30,.80, Kemiringan (roll) : -2.28
2026-05-21 09:38:30,.80, Kemiringan (roll) : -2.28
2026-05-21 09:38:30,.80, Kemiringan (roll) : -2.28
2026-05-21 09:38:30,.80, Kemiringan (roll) : -2.28
2026-05-21 09:38:30,.80, Kemiringan (roll) : -2.28
2026-05-21 09:38:30,.80, Kemiringan (roll) : -2.28
2026-05-21 09:38:30,.80, Kemiringan (roll) : -2.28
2026-05-21 09:38:30,.80, Kemiringan (roll) : -2.28
2026-05-21 09:38:30,.80, Kemiringan (roll) : -2.28
2026-05-21 09:38:30,.80, Kemiringan (roll) : -2.28
2026-05-21 09:38:30,.80, Kemiringan (roll) : -2.28
2026-05-21 09:38:30,.80, Kemiringan (roll) : -2.28
2026-05-21 09:38:30,.80, Kemiringan (roll) : -2.28
2026-05-21 09:38:30,.80, Kemiringan (roll) : -2.28
2026-05-21 09:38:30,.80, Kemiringan (roll) : -2.28
2026-05-21 09:38:30,.80, Kemiringan (roll) : -2.28
2026-05-21 09:38:30,.80, Kemiringan (roll) : -2.28
2026-05-21 09:38:30,.80, Kemiringan (roll) : -2.28
2026-05-21 09:38:30,.80, Kemiringan (roll) : -2.28
2026-05-21 09:38:30,.80, Kemiringan (roll) : -2.28
2026-05-21 09:38:30,.80, Kemiringan (roll) : -2.28
2026-05-21 09:38:30,.80, Kemiringan (roll) : -2.28
2026-05-21 09:38:30,.80, Kemiringan (roll) : -2.28
2026-05-21 09:38:30,.80, Kemiringan (roll) : -2.28
2026-05-21 09:38:30,.80, Kemiringan (roll) : -2.28
2026-05-21 09:38:30,.80, Kemiringan (roll) : -2.28
2026-05-21 09:38:30,.80, Kemiringan (roll) : -2.28
2026-05-21 09:38:30,.80, Kemiringan (roll) : -2.28
2026-05-21 09:38:30,.80, Kemiringan (roll) : -2.28
2026-05-21 09:38:30,.80, Kemiringan (roll) : -2.28
2026-05-21 09:38:30,.80, Kemiringan (roll) : -2.28
2026-05-21 09:38:30,.80, Kemiringan (roll) : -2.28
2026-05-21 09:38:30,.80, Kemiringan (roll) : -2.28
2026-05-21 09:38:30,.80, Kemiringan (roll) : -2.28
2026-05-21 09:38:30,.80, Kemiringan (roll) : -2.28
2026-05-21 09:38:30,.80, Kemiringan (roll) : -2.28
2026-05-21 09:38:30,.80, Kemiringan (roll) : -2.28
2026-05-21 09:38:30,.80, Kemiringan (roll) : -2.28
2026-05-21 09:38:30,.80, Kemiringan (roll) : -2.28
2026-05-21 09:38:30,.80, Kemiringan (roll) : -2.28
2026-05-21 09:38:30,.80, Kemiringan (roll) : -2.28
2026-05-21 09:38:30,.80, Kemiringan (roll) : -2.28
2026-05-21 09:38:30,.80, Kemiringan (roll) : -2.28
2026-05-21 09:38:30,.80, Kemiringan (roll) : -2.28
2026-05-21 09:38:30,.80, Kemiringan (roll) : -2.28
2026-05-21 09:38:30,.80, Kemiringan (roll) : -2.28
2026-05-21 09:38:30,.80, Kemiringan (roll) : -2.28
2026-05-21 09:38:30,.80, Kemiringan (roll) : -2.28
2026-05-21 09:38:30,.80, Kemiringan (roll) : -2.28
2026-05-21 09:38:30,.80, Kemiringan (roll) : -2.28
2026-05-21 09:38:30,.80, Kemiringan (roll) : -2.28
2026-05-21 09:38:30,.80, Kemiringan (roll) : -2.28
2026-05-21 09:38:30,.80, Kemiringan (roll) : -2.28
2026-05-21 09:38:30,.80, Kemiringan (roll) : -2.28
2026-05-21 09:38:30,.80, Kemiringan (roll) : -2.28
2026-05-21 09:38:30,.80, Kemiringan (roll) : -2.28
2026-05-21 09:38:30,.80, Kemiringan (roll) : -2.28
2026-05-21 09:38:30,.80, Kemiringan (roll) : -2.28
2026-05-21 09:38:30,.80, Kemiringan (roll) : -2.28
2026-05-21 09:38:30,.80, Kemiringan (roll) : -2.28
2026-05-21 09:38:30,.80, Kemiringan (roll) : -2.28
2026-05-21 09:38:30,.80, Kemiringan (roll) : -2.28
2026-05-21 09:38:30,.80, Kemiringan (roll) : -2.28
2026-05-21 09:38:30,.80, Kemiringan (roll) : -2.28
2026-05-21 09:38:30,.80, Kemiringan (roll) : -2.28
2026-05-21 09:38:30,.80, Kemiringan (roll) : -2.28
2026-05-21 09:38:30,.80, Kemiringan (roll) : -2.28
2026-05-21 09:38:30,.80, Kemiringan (roll) : -2.28
2026-05-21 09:38:30,.80, Kemiringan (roll) : -2.28
2026-05-21 09:38:30,.80, Kemiringan (roll) : -2.28
2026-05-21 09:38:30,.80, Kemiringan (roll) : -2.28
2026-05-21 09:38:30,.80, Kemiringan (roll) : -2.28
2026-05-21 09:38:30,.80, Kemiringan (roll) : -2.28
2026-05-21 09:38:30,.80, Kemiringan (roll) : -2.28
2026-05-21 09:38:30,.80, Kemiringan (roll) : -2.28
2026-05-21 09:38:30,.80, Kemiringan (roll) : -2.28
2026-05-21 09:38:30,.80, Kemiringan (roll) : -2.28
2026-05-21 09:38:30,.80, Kemiringan (roll) : -2.28
2026-05-21 09:38:30,.80, Kemiringan (roll) : -2.28
2026-05-21 09:38:30,.80, Kemiringan (roll) : -2.28
2026-05-21 09:38:30,.80, Kemiringan (roll) : -2.28
2026-05-21 09:38:30,.80, Kemiringan (roll) : -2.28
2026-05-21 09:38:30,.80, Kemiringan (roll) : -2.28
2026-05-21 09:38:30,.80, Kemiringan (roll) : -2.28
2026-05-21 09:38:30,.80, Kemiringan (roll) : -2.28
2026-05-21 09:38:30,.80, Kemiringan (roll) : -2.28
2026-05-21 09:38:30,.80, Kemiringan (roll) : -2.28
2026-05-21 09:38:30,.80, Kemiringan (roll) : -2.28
2026-05-21 09:38:30,.80, Kemiringan (roll) : -2.28
2026-05-21 09:38:30,.80, Kemiringan (roll) : -2.28
2026-05-21 09:38:30,.80, Kemiringan (roll) : -2.28
2026-05-21 09:38:30,.80, Kemiringan (roll) : -2.28
2026-05-21 09:38:30,.80, Kemiringan (roll) : -2.28
2026-05-21 09:38:30,.80, Kemiringan (roll) : -2.28
2026-05-21 09:38:30,.80, Kemiringan (roll) : -2.28
2026-05-21 09:38:30,.80, Kemiringan (roll) : -2.28
2026-05-21 09:38:30,.80, Kemiringan (roll) : -2.28
2026-05-21 09:38:30,.80, Kemiringan (roll) : -2.28
2026-05-21 09:38:30,.80, Kemiringan (roll) : -2.28
2026-05-21 09:38:30,.80, Kemiringan (roll) : -2.28
2026-05-21 09:38:30,.80, Kemiringan (roll) : -2.28
2026-05-21 09:38:30,.80, Kemiringan (roll) : -2.28
2026-05-21 09:38:30,.80, Kemiringan (roll) : -2.28
2026-05-21 09:38:30,.80, Kemiringan (roll) : -2.28
2026-05-21 09:38:30,.80, Kemiringan (roll) : -2.28
2026-05-21 09:38:30,.80, Kemiringan (roll) : -2.28
2026-05-21 09:38:30,.80, Kemiringan (roll) : -2.28
2026-05-21 09:38:30,.80, Kemiringan (roll) : -2.28
2026-05-21 09:38:30,.80, Kemiringan (roll) : -2.28
2026-05-21 09:38:30,.80, Kemiringan (roll) : -2.28
2026-05-21 09:38:30,.80, Kemiringan (roll) : -2.28
2026-05-21 09:38:30,.80, Kemiringan (roll) : -2.28
2026-05-21 09:38:30,.80, Kemiringan (roll) : -2.28
2026-05-21 09:38:30,.80, Kemiringan (roll) : -2.28
2026-05-21 09:38:30,.80, Kemiringan (roll) : -2.28
2026-05-21 09:38:30,.80, Kemiringan (roll) : -2.28
2026-05-21 09:38:30,.80, Kemiringan (roll) : -2.28
2026-05-21 09:38:30,.80, Kemiringan (roll) : -2.28
2026-05-21 09:38:30,.80, Kemiringan (roll) : -2.28
2026-05-21 09:38:30,.80, Kemiringan (roll) : -2.28
2026-05-21 09:38:30,.80, Kemiringan (roll) : -2.28
2026-05-21 09:38:30,.80, Kemiringan (roll) : -2.28
2026-05-21 09:38:30,.80, Kemiringan (roll) : -2.28
2026-05-21 09:38:30,.80, Kemiringan (roll) : -2.28
2026-05-21 09:38:30,.80, Kemiringan (roll) : -2.28
2026-05-21 09:38:30,.80, Kemiringan (roll) : -2.28
2026-05-21 09:38:30,.80, Kemiringan (roll) : -2.28
2026-05-21 09:38:30,.80, Kemiringan (roll) : -2.28
2026-05-21 09:38:30,.80, Kemiringan (roll) : -2.28
2026-05-21 09:38:30,.80, Kemiringan (roll) : -2.28
2026-05-21 09:38:30,.80, Kemiringan (roll) : -2.28
2026-05-21 09:38:30,.80, Kemiringan (roll) : -2.28
2026-05-21 09:38:30,.80, Kemiringan (roll) : -2.28
2026-05-21 09:38:30,.80, Kemiringan (roll) : -2.28
2026-05-21 09:38:30,.80, Kemiringan (roll) : -2.28
2026-05-21 09:38:30,.80, Kemiringan (roll) : -2.28
2026-05-21 09:38:30,.80, Kemiringan (roll) : -2.28
2026-05-21 09:38:30,.80, Kemiringan (roll) : -2.28
2026-05-21 09:38:30,.80, Kemiringan (roll) : -2.28
2026-05-21 09:38:30,.80, Kemiringan (roll) : -2.28
2026-05-21 09:38:30,.80, Kemiringan (roll) : -2.28
2026-05-21 09:38:30,.80, Kemiringan (roll) : -2.28
2026-05-21 09:38:30,.80, Kemiringan (roll) : -2.28
2026-05-21 09:38:30,.80, Kemiringan (roll) : -2.28
2026-05-21 09:38:30,.80, Kemiringan (roll) : -2.28
2026-05-21 09:38:30,.80, Kemiringan (roll) : -2.28
2026-05-21 09:38:30,.80, Kemiringan (roll) : -2.28
2026-05-21 09:38:30,.80, Kemiringan (roll) : -2.28
2026-05-21 09:38:30,.80, Kemiringan (roll) : -2.28
2026-05-21 09:38:30,.80, Kemiringan (roll) : -2.28
2026-05-21 09:38:30,.80, Kemiringan (roll) : -2.28
2026-05-21 09:38:30,.80, Kemiringan (roll) : -2.28
2026-05-21 09:38:30,.80, Kemiringan (roll) : -2.28
2026-05-21 09:38:30,.80, Kemiringan (roll) : -2.28
2026-05-21 09:38:30,.80, Kemiringan (roll) : -2.28
2026-05-21 09:38:30,.80, Kemiringan (roll) : -2.28
2026-05-21 09:38:30,.80, Kemiringan (roll) : -2.28
2026-05-21 09:38:30,.80, Kemiringan (roll) : -2.28
2026-05-21 09:38:30,.80, Kemiringan (roll) : -2.28
2026-05-21 09:38:30,.80, Kemiringan (roll) : -2.28
2026-05-21 09:38:30,.80, Kemiringan (roll) : -2.28
2026-05-21 09:38:30,.80, Kemiringan (roll) : -2.28
2026-05-21 09:38:30,.80, Kemiringan (roll) : -2.28
2026-05-21 09:38:30,.80, Kemiringan (roll) : -2.28
2026-05-21 09:38:30,.80, Kemiringan (roll) : -2.28
2026-05-21 09:38:30,.80, Kemiringan (roll) : -2.28
2026-05-21 09:38:30,.80, Kemiringan (roll) : -2.28
2026-05-21 09:38:30,.80, Kemiringan (roll) : -2.28
2026-05-21 09:38:30,.80, Kemiringan (roll) : -2.28
2026-05-21 09:38:30,.80, Kemiringan (roll) : -2.28
2026-05-21 09:38:30,.80, Kemiringan (roll) : -2.28
2026-05-21 09:38:30,.80, Kemiringan (roll) : -2.28
2026-05-21 09:38:30,.80, Kemiringan (roll) : -2.28
2026-05-21 09:38:30,.80, Kemiringan (roll) : -2.28
2026-05-21 09:38:30,.80, Kemiringan (roll) : -2.28
2026-05-21 09:38:30,.80, Kemiringan (roll) : -2.28
2026-05-21 09:38:30,.80, Kemiringan (roll) : -2.28
2026-05-21 09:38:30,.80, Kemiringan (roll) : -2.28
2026-05-21 09:38:30,.80, Kemiringan (roll) : -2.28
2026-05-21 09:38:30,.80, Kemiringan (roll) : -2.28
2026-05-21 09:38:30,.80, Kemiringan (roll) : -2.28
2026-05-21 09:38:30,.80, Kemiringan (roll) : -2.28
2026-05-21 09:38:30,.80, Kemiringan (roll) : -2.28
2026-05-21 09:38:30,.80, Kemiringan (roll) : -2.28
2026-05-21 09:38:30,.80, Kemiringan (roll) : -2.28
2026-05-21 09:38:30,.80, Kemiringan (roll) : -2.28
2026-05-21 09:38:30,.80, Kemiringan (roll) : -2.28
2026-05-21 09:38:30,.80, Kemiringan (roll) : -2.28
2026-05-21 09:38:30,.80, Kemiringan (roll) : -2.28
2026-05-21 09:38:30,.80, Kemiringan (roll) : -2.28
2026-05-21 09:38:30,.80, Kemiringan (roll) : -2.28
2026-05-21 09:38:30,.80, Kemiringan (roll) : -2.28
2026-05-21 09:38:30,.80, Kemiringan (roll) : -2.28
2026-05-21 09:38:30,.80, Kemiringan (roll) : -2.28
2026-05-21 09:38:30,.80, Kemiringan (roll) : -2.28
2026-05-21 09:38:30,.80, Kemiringan (roll) : -2.28
2026-05-21 09:38:30,.80, Kemiringan (roll) : -2.28
2026-05-21 09:38:30,.80, Kemiringan (roll) : -2.28
2026-05-21 09:38:30,.80, Kemiringan (roll) : -2.28
2026-05-21 09:38:30,.80, Kemiringan (roll) : -2.28
2026-05-21 09:38:30,.80, Kemiringan (roll) : -2.28
2026-05-21 09:38:30,.80, Kemiringan (roll) : -2.28
2026-05-21 09:38:30,.80, Kemiringan (roll) : -2.28
2026-05-21 09:38:30,.80, Kemiringan (roll) : -2.28
2026-05-21 09:38:30,.80, Kemiringan (roll) : -2.28
2026-05-21 09:38:30,.80, Kemiringan (roll) : -2.28
2026-05-21 09:38:30,.80, Kemiringan (roll) : -2.28
2026-05-21 09:38:30,.80, Kemiringan (roll) : -2.28
2026-05-21 09:38:30,.80, Kemiringan (roll) : -2.28
2026-05-21 09:38:30,.80, Kemiringan (roll) : -2.28
2026-05-21 09:38:30,.80, Kemiringan (roll) : -2.28
2026-05-21 09:38:30,.80, Kemiringan (roll) : -2.28
2026-05-21 09:38:30,.80, Kemiringan (roll) : -2.28
2026-05-21 09:38:30,.80, Kemiringan (roll) : -2.28
2026-05-21 09:38:30,.80, Kemiringan (roll) : -2.28
2026-05-21 09:38:30,.80, Kemiringan (roll) : -2.28
2026-05-21 09:38:30,.80, Kemiringan (roll) : -2.28
2026-05-21 09:38:30,.80, Kemiringan (roll) : -2.28
2026-05-21 09:38:30,.80, Kemiringan (roll) : -2.28
2026-05-21 09:38:30,.80, Kemiringan (roll) : -2.28
2026-05-21 09:38:30,.80, Kemiringan (roll) : -2.28
2026-05-21 09:38:30,.80, Kemiringan (roll) : -2.28
2026-05-21 09:38:30,.80, Kemiringan (roll) : -2.28
2026-05-21 09:38:30,.80, Kemiringan (roll) : -2.28
2026-05-21 09:38:30,.80, Kemiringan (roll) : -2.28
2026-05-21 09:38:30,.80, Kemiringan (roll) : -2.28
2026-05-21 09:38:30,.80, Kemiringan (roll) : -2.28
2026-05-21 09:38:30,.80, Kemiringan (roll) : -2.28
2026-05-21 09:38:30,.80, Kemiringan (roll) : -2.28
2026-05-21 09:38:30,.80, Kemiringan (roll) : -2.28
2026-05-21 09:38:30,.80, Kemiringan (roll) : -2.28
2026-05-21 09:38:30,.80, Kemiringan (roll) : -2.28
2026-05-21 09:38:30,.80, Kemiringan (roll) : -2.28
2026-05-21 09:38:30,.80, Kemiringan (roll) : -2.28
2026-05-21 09:38:30,.80, Kemiringan (roll) : -2.28
2026-05-21 09:38:30,.80, Kemiringan (roll) : -2.28
2026-05-21 09:38:30,.80, Kemiringan (roll) : -2.28
2026-05-21 09:38:30,.80, Kemiringan (roll) : -2.28
2026-05-21 09:38:30,.80, Kemiringan (roll) : -2.28
2026-05-21 09:38:30,.80, Kemiringan (roll) : -2.28
2026-05-21 09:38:30,.80, Kemiringan (roll) : -2.28
2026-05-21 09:38:30,.80, Kemiringan (roll) : -2.28
2026-05-21 09:38:30,.80, Kemiringan (roll) : -2.28
2026-05-21 09:38:30,.80, Kemiringan (roll) : -2.28
2026-05-21 09:38:30,.80, Kemiringan (roll) : -2.28
2026-05-21 09:38:30,.80, Kemiringan (roll) : -2.28
2026-05-21 09:38:30,.80, Kemiringan (roll) : -2.28
2026-05-21 09:38:30,.80, Kemiringan (roll) : -2.28
2026-05-21 09:38:30,.80, Kemiringan (roll) : -2.28
2026-05-21 09:38:30,.80, Kemiringan (roll) : -2.28
2026-05-21 09:38:30,.80, Kemiringan (roll) : -2.28
2026-05-21 09:38:30,.80, Kemiringan (roll) : -2.28
2026-05-21 09:38:30,.80, Kemiringan (roll) : -2.28
2026-05-21 09:38:30,.80, Kemiringan (roll) : -2.28
2026-05-21 09:38:30,.80, Kemiringan (roll) : -2.28
2026-05-21 09:38:30,.80, Kemiringan (roll) : -2.28
2026-05-21 09:38:30,.80, Kemiringan (roll) : -2.28
2026-05-21 09:38:30,.80, Kemiringan (roll) : -2.28
2026-05-21 09:38:30,.80, Kemiringan (roll) : -2.28
2026-05-21 09:38:30,.80, Kemiringan (roll) : -2.28
2026-05-21 09:38:30,.80, Kemiringan (roll) : -2.28
2026-05-21 09:38:30,.80, Kemiringan (roll) : -2.28
2026-05-21 09:38:30,.80, Kemiringan (roll) : -2.28
2026-05-21 09:38:30,.80, Kemiringan (roll) : -2.28
2026-05-21 09:38:30,.80, Kemiringan (roll) : -2.28
2026-05-21 09:38:30,.80, Kemiringan (roll) : -2.28
2026-05-21 09:38:30,.80, Kemiringan (roll) : -2.28
2026-05-21 09:38:30,.80, Kemiringan (roll) : -2.28
2026-05-21 09:38:30,.80, Kemiringan (roll) : -2.28
2026-05-21 09:38:30,.80, Kemiringan (roll) : -2.28
2026-05-21 09:38:30,.80, Kemiringan (roll) : -2.28
2026-05-21 09:38:30,.80, Kemiringan (roll) : -2.28
2026-05-21 09:38:30,.80, Kemiringan (roll) : -2.28
2026-05-21 09:38:30,.80, Kemiringan (roll) : -2.28
2026-05-21 09:38:30,.80, Kemiringan (roll) : -2.28
2026-05-21 09:38:30,.80, Kemiringan (roll) : -2.28
2026-05-21 09:38:30,.80, Kemiringan (roll) : -2.28
2026-05-21 09:38:30,.80, Kemiringan (roll) : -2.28
2026-05-21 09:38:30,.80, Kemiringan (roll) : -2.28
2026-05-21 09:38:30,.80, Kemiringan (roll) : -2.28
2026-05-21 09:38:30,.80, Kemiringan (roll) : -2.28
2026-05-21 09:38:30,.80, Kemiringan (roll) : -2.28
2026-05-21 09:38:30,.80, Kemiringan (roll) : -2.28
2026-05-21 09:38:30,.80, Kemiringan (roll) : -2.28
2026-05-21 09:38:30,.80, Kemiringan (roll) : -2.28
2026-05-21 09:38:30,.80, Kemiringan (roll) : -2.28
2026-05-21 09:38:30,.80, Kemiringan (roll) : -2.28
2026-05-21 09:38:30,.80, Kemiringan (roll) : -2.28
2026-05-21 09:38:30,.80, Kemiringan (roll) : -2.28
2026-05-21 09:38:30,.80, Kemiringan (roll) : -2.28
2026-05-21 09:38:30,.80, Kemiringan (roll) : -2.28
2026-05-21 09:38:30,.80, Kemiringan (roll) : -2.28
2026-05-21 09:38:30,.80, Kemiringan (roll) : -2.28
2026-05-21 09:38:30,.80, Kemiringan (roll) : -2.28
2026-05-21 09:38:30,.80, Kemiringan (roll) : -2.28
2026-05-21 09:38:30,.80, Kemiringan (roll) : -2.28
2026-05-21 09:38:30,.80, Kemiringan (roll) : -2.28
2026-05-21 09:38:30,.80, Kemiringan (roll) : -2.28
2026-05-21 09:38:30,.80, Kemiringan (roll) : -2.28
2026-05-21 09:38:30,.80, Kemiringan (roll) : -2.28
2026-05-21 09:38:30,.80, Kemiringan (roll) : -2.28
2026-05-21 09:38:30,.80, Kemiringan (roll) : -2.28
2026-05-21 09:38:30,.80, Kemiringan (roll) : -2.28
2026-05-21 09:38:30,.80, Kemiringan (roll) : -2.28
2026-05-21 09:38:30,.80, Kemiringan (roll) : -2.28
2026-05-21 09:38:30,.80, Kemiringan (roll) : -2.28
2026-05-21 09:38:30,.80, Kemiringan (roll) : -2.28
2026-05-21 09:38:30,.80, Kemiringan (roll) : -2.28
2026-05-21 09:38:30,.80, Kemiringan (roll) : -2.28
2026-05-21 09:38:30,.80, Kemiringan (roll) : -2.28
2026-05-21 09:38:30,.80, Kemiringan (roll) : -2.28
2026-05-21 09:38:30,.80, Kemiringan (roll) : -2.28
2026-05-21 09:38:30,.80, Kemiringan (roll) : -2.28
2026-05-21 09:38:30,.80, Kemiringan (roll) : -2.28
2026-05-21 09:38:30,.80, Kemiringan (roll) : -2.28
2026-05-21 09:38:30,.80, Kemiringan (roll) : -2.28
2026-05-21 09:38:30,.80, Kemiringan (roll) : -2.28
2026-05-21 09:38:30,.80, Kemiringan (roll) : -2.28
2026-05-21 09:38:30,.80, Kemiringan (roll) : -2.28
2026-05-21 09:38:30,.80, Kemiringan (roll) : -2.28
2026-05-21 09:38:30,.80, Kemiringan (roll) : -2.28
2026-05-21 09:38:30,.80, Kemiringan (roll) : -2.28
2026-05-21 09:38:30,.80, Kemiringan (roll) : -2.28
2026-05-21 09:38:30,.80, Kemiringan (roll) : -2.28
2026-05-21 09:38:30,.80, Kemiringan (roll) : -2.28
2026-05-21 09:38:30,.80, Kemiringan (roll) : -2.28
2026-05-21 09:38:30,.80, Kemiringan (roll) : -2.28
2026-05-21 09:38:30,.80, Kemiringan (roll) : -2.28
2026-05-21 09:38:30,.80, Kemiringan (roll) : -2.28
2026-05-21 09:38:30,.80, Kemiringan (roll) : -2.28
2026-05-21 09:38:30,.80, Kemiringan (roll) : -2.28
2026-05-21 09:38:30,.80, Kemiringan (roll) : -2.28
2026-05-21 09:38:30,.80, Kemiringan (roll) : -2.28
2026-05-21 09:38:30,.80, Kemiringan (roll) : -2.28
2026-05-21 09:38:30,.80, Kemiringan (roll) : -2.28
2026-05-21 09:38:30,.80, Kemiringan (roll) : -2.28
2026-05-21 09:38:30,.80, Kemiringan (roll) : -2.28
2026-05-21 09:38:30,.80, Kemiringan (roll) : -2.28
2026-05-21 09:38:30,.80, Kemiringan (roll) : -2.28
2026-05-21 09:38:30,.80, Kemiringan (roll) : -2.28
2026-05-21 09:38:30,.80, Kemiringan (roll) : -2.28
2026-05-21 09:38:30,.80, Kemiringan (roll) : -2.28
2026-05-21 09:38:30,.80, Kemiringan (roll) : -2.28
2026-05-21 09:38:30,.80, Kemiringan (roll) : -2.28
2026-05-21 09:38:30,.80, Kemiringan (roll) : -2.28
2026-05-21 09:38:30,.80, Kemiringan (roll) : -2.28
2026-05-21 09:38:30,.80, Kemiringan (roll) : -2.28
2026-05-21 09:38:30,.80, Kemiringan (roll) : -2.28
2026-05-21 09:38:30,.80, Kemiringan (roll) : -2.28
2026-05-21 09:38:30,.80, Kemiringan (roll) : -2.28
2026-05-21 09:38:30,.80, Kemiringan (roll) : -2.28
2026-05-21 09:38:30,.80, Kemiringan (roll) : -2.28
2026-05-21 09:38:30,.80, Kemiringan (roll) : -2.28
2026-05-21 09:38:30,.80, Kemiringan (roll) : -2.28
2026-05-21 09:38:30,.80, Kemiringan (roll) : -2.28
2026-05-21 09:38:30,.80, Kemiringan (roll) : -2.28
2026-05-21 09:38:30,.80, Kemiringan (roll) : -2.28
2026-05-21 09:38:30,.80, Kemiringan (roll) : -2.28
2026-05-21 09:38:30,.80, Kemiringan (roll) : -2.28
2026-05-21 09:38:30,.80, Kemiringan (roll) : -2.28
2026-05-21 09:38:30,.80, Kemiringan (roll) : -2.28
2026-05-21 09:38:30,.80, Kemiringan (roll) : -2.28
2026-05-21 09:38:30,.80, Kemiringan (roll) : -2.28
2026-05-21 09:38:30,.80, Kemiringan (roll) : -2.28
2026-05-21 09:38:30,.80, Kemiringan (roll) : -2.28
2026-05-21 09:38:30,.80, Kemiringan (roll) : -2.28
2026-05-21 09:38:30,.80, Kemiringan (roll) : -2.28
2026-05-21 09:38:30,.80, Kemiringan (roll) : -2.28
2026-05-21 09:38:30,.80, Kemiringan (roll) : -2.28
2026-05-21 09:38:30,.80, Kemiringan (roll) : -2.28
2026-05-21 09:38:30,.80, Kemiringan (roll) : -2.28
2026-05-21 09:38:30,.80, Kemiringan (roll) : -2.28
2026-05-21 09:38:30,.80, Kemiringan (roll) : -2.28
2026-05-21 09:38:30,.80, Kemiringan (roll) : -2.28
2026-05-21 09:38:30,.80, Kemiringan (roll) : -2.28
2026-05-21 09:38:30,.80, Kemiringan (roll) : -2.28
2026-05-21 09:38:30,.80, Kemiringan (roll) : -2.28
2026-05-21 09:38:30,.80, Kemiringan (roll) : -2.28
2026-05-21 09:38:30,.80, Kemiringan (roll) : -2.28
2026-05-21 09:38:30,.80, Kemiringan (roll) : -2.28
2026-05-21 09:38:30,.80, Kemiringan (roll) : -2.28
2026-05-21 09:38:30,.80, Kemiringan (roll) : -2.28
2026-05-21 09:38:30,.80, Kemiringan (roll) : -2.28
2026-05-21 09:38:30,.80, Kemiringan (roll) : -2.28
2026-05-21 09:38:30,.80, Kemiringan (roll) : -2.28
2026-05-21 09:38:30,.80, Kemiringan (roll) : -2.28
2026-05-21 09:38:30,.80, Kemiringan (roll) : -2.28
2026-05-21 09:38:30,.80, Kemiringan (roll) : -2.28
2026-05-21 09:38:30,.80, Kemiringan (roll) : -2.28
2026-05-21 09:38:30,.80, Kemiringan (roll) : -2.28
2026-05-21 09:38:30,.80, Kemiringan (roll) : -2.28
2026-05-21 09:38:30,.80, Kemiringan (roll) : -2.28
2026-05-21 09:38:30,.80, Kemiringan (roll) : -2.28
2026-05-21 09:38:30,.80, Kemiringan (roll) : -2.28
2026-05-21 09:38:30,.80, Kemiringan (roll) : -2.28
2026-05-21 09:38:30,.80, Kemiringan (roll) : -2.28
2026-05-21 09:38:30,.80, Kemiringan (roll) : -2.28
2026-05-21 09:38:30,.80, Kemiringan (roll) : -2.28
2026-05-21 09:38:30,.80, Kemiringan (roll) : -2.28
2026-05-21 09:38:30,.80, Kemiringan (roll) : -2.28
2026-05-21 09:38:30,.80, Kemiringan (roll) : -2.28
2026-05-21 09:38:30,.80, Kemiringan (roll) : -2.28
2026-05-21 09:38:30,.80, Kemiringan (roll) : -2.28
2026-05-21 09:38:30,.80, Kemiringan (roll) : -2.28
2026-05-21 09:38:30,.80, Kemiringan (roll) : -2.28
2026-05-21 09:38:30,.80, Kemiringan (roll) : -2.28
2026-05-21 09:38:30,.80, Kemiringan (roll) : -2.28
2026-05-21 09:38:30,.80, Kemiringan (roll) : -2.28
2026-05-21 09:38:30,.80, Kemiringan (roll) : -2.28
2026-05-21 09:38:30,.80, Kemiringan (roll) : -2.28
2026-05-21 09:38:30,.80, Kemiringan (roll) : -2.28
2026-05-21 09:38:30,.80, Kemiringan (roll) : -2.28
2026-05-21 09:38:30,.80, Kemiringan (roll) : -2.28
2026-05-21 09:38:30,.80, Kemiringan (roll) : -2.28
2026-05-21 09:38:30,.80, Kemiringan (roll) : -2.28
2026-05-21 09:38:30,.80, Kemiringan (roll) : -2.28
2026-05-21 09:38:30,.80, Kemiringan (roll) : -2.28
2026-05-21 09:38:30,.80, Kemiringan (roll) : -2.28
2026-05-21 09:38:30,.80, Kemiringan (roll) : -2.28
2026-05-21 09:38:30,.80, Kemiringan (roll) : -2.28
2026-05-21 09:38:30,.80, Kemiringan (roll) : -2.28
2026-05-21 09:38:30,.80, Kemiringan (roll) : -2.28
2026-05-21 09:38:30,.80, Kemiringan (roll) : -2.28
2026-05-21 09:38:30,.80, Kemiringan (roll) : -2.28
2026-05-21 09:38:30,.80, Kemiringan (roll) : -2.28
2026-05-21 09:38:30,.80, Kemiringan (roll) : -2.28
2026-05-21 09:38:30,.80, Kemiringan (roll) : -2.28
2026-05-21 09:38:30,.80, Kemiringan (roll) : -2.28
2026-05-21 09:38:30,.80, Kemiringan (roll) : -2.28
2026-05-21 09:38:30,.80, Kemiringan (roll) : -2.28
2026-05-21 09:38:30,.80, Kemiringan (roll) : -2.28
2026-05-21 09:38:30,.80, Kemiringan (roll) : -2.28
2026-05-21 09:38:30,.80, Kemiringan (roll) : -2.28
2026-05-21 09:38:30,.80, Kemiringan (roll) : -2.28
2026-05-21 09:38:30,.80, Kemiringan (roll) : -2.28
2026-05-21 09:38:30,.80, Kemiringan (roll) : -2.28
2026-05-21 09:38:30,.80, Kemiringan (roll) : -2.28
2026-05-21 09:38:30,.80, Kemiringan (roll) : -2.28
2026-05-21 09:38:30,.80, Kemiringan (roll) : -2.28
2026-05-21 09:38:30,.80, Kemiringan (roll) : -2.28
2026-05-21 09:38:30,.80, Kemiringan (roll) : -2.28
2026-05-21 09:38:30,.80, Kemiringan (roll) : -2.28
2026-05-21 09:38:30,.80, Kemiringan (roll) : -2.28
2026-05-21 09:38:30,.80, Kemiringan (roll) : -2.28
2026-05-21 09:38:30,.80, Kemiringan (roll) : -2.28
2026-05-21 09:38:30,.80, Kemiringan (roll) : -2.28
2026-05-21 09:38:30,.80, Kemiringan (roll) : -2.28
2026-05-21 09:38:30,.80, Kemiringan (roll) : -2.28
2026-05-21 09:38:30,.80, Kemiringan (roll) : -2.28
2026-05-21 09:38:30,.80, Kemiringan (roll) : -2.28
2026-05-21 09:38:30,.80, Kemiringan (roll) : -2.28
2026-05-21 09:38:30,.80, Kemiringan (roll) : -2.28
2026-05-21 09:38:30,.80, Kemiringan (roll) : -2.28
2026-05-21 09:38:30,.80, Kemiringan (roll) : -2.28
2026-05-21 09:38:30,.80, Kemiringan (roll) : -2.28
2026-05-21 09:38:30,.80, Kemiringan (roll) : -2.28
2026-05-21 09:38:30,.80, Kemiringan (roll) : -2.28
2026-05-21 09:38:30,.80, Kemiringan (roll) : -2.28
2026-05-21 09:38:30,.80, Kemiringan (roll) : -2.28
2026-05-21 09:38:30,.80, Kemiringan (roll) : -2.28
2026-05-21 09:38:30,.80, Kemiringan (roll) : -2.28
2026-05-21 09:38:30,.80, Kemiringan (roll) : -2.28
2026-05-21 09:38:30,.80, Kemiringan (roll) : -2.28
2026-05-21 09:38:30,.80, Kemiringan (roll) : -2.28
2026-05-21 09:38:30,.80, Kemiringan (roll) : -2.28
2026-05-21 09:38:30,.80, Kemiringan (roll) : -2.28
2026-05-21 09:38:30,.80, Kemiringan (roll) : -2.28
2026-05-21 09:38:30,.80, Kemiringan (roll) : -2.28
2026-05-21 09:38:30,.80, Kemiringan (roll) : -2.28
2026-05-21 09:38:30,.80, Kemiringan (roll) : -2.28
2026-05-21 09:38:30,.80, Kemiringan (roll) : -2.28
2026-05-21 09:38:30,.80, Kemiringan (roll) : -2.28
2026-05-21 09:38:30,.80, Kemiringan (roll) : -2.28
2026-05-21 09:38:30,.80, Kemiringan (roll) : -2.28
2026-05-21 09:38:30,.80, Kemiringan (roll) : -2.28
2026-05-21 09:38:30,.80, Kemiringan (roll) : -2.28
2026-05-21 09:38:30,.80, Kemiringan (roll) : -2.28
2026-05-21 09:38:30,.80, Kemiringan (roll) : -2.28
2026-05-21 09:38:30,.80, Kemiringan (roll) : -2.28
2026-05-21 09:38:30,.80, Kemiringan (roll) : -2.28
2026-05-21 09:38:30,.80, Kemiringan (roll) : -2.28
2026-05-21 09:38:30,.80, Kemiringan (roll) : -2.28
2026-05-21 09:38:30,.80, Kemiringan (roll) : -2.28
2026-05-21 09:38:30,.80, Kemiringan (roll) : -2.28
2026-05-21 09:38:30,.80, Kemiringan (roll) : -2.28
2026-05-21 09:38:30,.80, Kemiringan (roll) : -2.28
2026-05-21 09:38:30,.80, Kemiringan (roll) : -2.28
2026-05-21 09:38:30,.80, Kemiringan (roll) : -2.28
2026-05-21 09:38:30,.80, Kemiringan (roll) : -2.28
2026-05-21 09:38:30,.80, Kemiringan (roll) : -2.28
2026-05-21 09:38:30,.80, Kemiringan (roll) : -2.28
2026-05-21 09:38:30,.80, Kemiringan (roll) : -2.28
2026-05-21 09:38:30,.80, Kemiringan (roll) : -2.28
2026-05-21 09:38:30,.80, Kemiringan (roll) : -2.28
2026-05-21 09:38:30,.80, Kemiringan (roll) : -2.28
2026-05-21 09:38:30,.80, Kemiringan (roll) : -2.28
2026-05-21 09:38:30,.80, Kemiringan (roll) : -2.28
2026-05-21 09:38:30,.80, Kemiringan (roll) : -2.28
2026-05-21 09:38:30,.80, Kemiringan (roll) : -2.28
2026-05-21 09:38:30,.80, Kemiringan (roll) : -2.28
2026-05-21 09:38:30,.80, Kemiringan (roll) : -2.28
2026-05-21 09:38:30,.80, Kemiringan (roll) : -2.28
2026-05-21 09:38:30,.80, Kemiringan (roll) : -2.28
2026-05-21 09:38:30,.80, Kemiringan (roll) : -2.28
2026-05-21 09:38:30,.80, Kemiringan (roll) : -2.28
2026-05-21 09:38:30,.80, Kemiringan (roll) : -2.28
2026-05-21 09:38:30,.80, Kemiringan (roll) : -2.28
2026-05-21 09:38:30,.80, Kemiringan (roll) : -2.28
2026-05-21 09:38:30,.80, Kemiringan (roll) : -2.28
2026-05-21 09:38:30,.80, Kemiringan (roll) : -2.28
2026-05-21 09:38:30,.80, Kemiringan (roll) : -2.28
2026-05-21 09:38:30,.80, Kemiringan (roll) : -2.28
2026-05-21 09:38:30,.80, Kemiringan (roll) : -2.28
2026-05-21 09:38:30,.80, Kemiringan (roll) : -2.28
2026-05-21 09:38:30,.80, Kemiringan (roll) : -2.28
2026-05-21 09:38:30,.80, Kemiringan (roll) : -2.28
2026-05-21 09:38:30,.80, Kemiringan (roll) : -2.28
2026-05-21 09:38:30,.80, Kemiringan (roll) : -2.28
2026-05-21 09:38:30,.80, Kemiringan (roll) : -2.28
2026-05-21 09:38:30,.80, Kemiringan (roll) : -2.28
2026-05-21 09:38:30,.80, Kemiringan (roll) : -2.28
2026-05-21 09:38:30,.80, Kemiringan (roll) : -2.28
2026-05-21 09:38:30,.80, Kemiringan (roll) : -2.28
2026-05-21 09:38:30,.80, Kemiringan (roll) : -2.28
2026-05-21 09:38:30,.80, Kemiringan (roll) : -2.28
2026-05-21 09:38:30,.80, Kemiringan (roll) : -2.28
2026-05-21 09:38:30,.80, Kemiringan (roll) : -2.28
2026-05-21 09:38:30,.80, Kemiringan (roll) : -2.28
2026-05-21 09:38:30,.80, Kemiringan (roll) : -2.28
2026-05-21 09:38:30,.80, Kemiringan (roll) : -2.28
2026-05-21 09:38:30,.80, Kemiringan (roll) : -2.28
2026-05-21 09:38:30,.80, Kemiringan (roll) : -2.28
2026-05-21 09:38:30,.80, Kemiringan (roll) : -2.28
2026-05-21 09:38:30,.80, Kemiringan (roll) : -2.28
2026-05-21 09:38:30,.80, Kemiringan (roll) : -2.28
2026-05-21 09:38:30,.80, Kemiringan (roll) : -2.28
2026-05-21 09:38:30,.80, Kemiringan (roll) : -2.28
2026-05-21 09:38:30,.80, Kemiringan (roll) : -2.28
2026-05-21 09:38:30,.80, Kemiringan (roll) : -2.28
2026-05-21 09:38:30,.80, Kemiringan (roll) : -2.28
2026-05-21 09:38:30,.80, Kemiringan (roll) : -2.28
2026-05-21 09:38:30,.80, Kemiringan (roll) : -2.28
2026-05-21 09:38:30,.80, Kemiringan (roll) : -2.28
2026-05-21 09:38:30,.80, Kemiringan (roll) : -2.28
2026-05-21 09:38:30,.80, Kemiringan (roll) : -2.28
2026-05-21 09:38:30,.80, Kemiringan (roll) : -2.28
2026-05-21 09:38:30,.80, Kemiringan (roll) : -2.28
2026-05-21 09:38:30,.80, Kemiringan (roll) : -2.28
2026-05-21 09:38:30,.80, Kemiringan (roll) : -2.28
2026-05-21 09:38:30,.80, Kemiringan (roll) : -2.28
2026-05-21 09:38:30,.80, Kemiringan (roll) : -2.28
2026-05-21 09:38:30,.80, Kemiringan (roll) : -2.28
2026-05-21 09:38:30,.80, Kemiringan (roll) : -2.28
2026-05-21 09:38:30,.80, Kemiringan (roll) : -2.28
2026-05-21 09:38:30,.80, Kemiringan (roll) : -2.28
2026-05-21 09:38:30,.80, Kemiringan (roll) : -2.28
2026-05-21 09:38:30,.80, Kemiringan (roll) : -2.28
2026-05-21 09:38:30,.80, Kemiringan (roll) : -2.28
2026-05-21 09:38:30,.80, Kemiringan (roll) : -2.28
2026-05-21 09:38:30,.80, Kemiringan (roll) : -2.28
2026-05-21 09:38:30,.80, Kemiringan (roll) : -2.28
2026-05-21 09:38:30,.80, Kemiringan (roll) : -2.28
2026-05-21 09:38:30,.80, Kemiringan (roll) : -2.28
2026-05-21 09:38:30,.80, Kemiringan (roll) : -2.28
2026-05-21 09:38:30,.80, Kemiringan (roll) : -2.28
2026-05-21 09:38:30,.80, Kemiringan (roll) : -2.28
2026-05-21 09:38:30,.80, Kemiringan (roll) : -2.28
2026-05-21 09:38:30,.80, Kemiringan (roll) : -2.28
2026-05-21 09:38:30,.80, Kemiringan (roll) : -2.28
2026-05-21 09:38:30,.80, Kemiringan (roll) : -2.28
2026-05-21 09:38:30,.80, Kemiringan (roll) : -2.28
2026-05-21 09:38:30,.80, Kemiringan (roll) : -2.28
2026-05-21 09:38:30,.80, Kemiringan (roll) : -2.28
2026-05-21 09:38:30,.80, Kemiringan (roll) : -2.28
2026-05-21 09:38:30,.80, Kemiringan (roll) : -2.28
2026-05-21 09:38:30,.80, Kemiringan (roll) : -2.28
2026-05-21 09:38:30,.80, Kemiringan (roll) : -2.28
2026-05-21 09:38:30,.80, Kemiringan (roll) : -2.28
2026-05-21 09:38:30,.80, Kemiringan (roll) : -2.28
2026-05-21 09:38:30,.80, Kemiringan (roll) : -2.28
2026-05-21 09:38:30,.80, Kemiringan (roll) : -2.28
2026-05-21 09:38:30,.80, Kemiringan (roll) : -2.28
2026-05-21 09:38:30,.80, Kemiringan (roll) : -2.28
2026-05-21 09:38:30,.80, Kemiringan (roll) : -2.28
2026-05-21 09:38:30,.80, Kemiringan (roll) : -2.28
2026-05-21 09:38:30,.80, Kemiringan (roll) : -2.28
2026-05-21 09:38:30,.80, Kemiringan (roll) : -2.28
2026-05-21 09:38:30,.80, Kemiringan (roll) : -2.28
2026-05-21 09:38:30,.80, Kemiringan (roll) : -2.28
2026-05-21 09:38:30,.80, Kemiringan (roll) : -2.28
2026-05-21 09:38:30,.80, Kemiringan (roll) : -2.28
2026-05-21 09:38:30,.80, Kemiringan (roll) : -2.28
2026-05-21 09:38:30,.80, Kemiringan (roll) : -2.28
2026-05-21 09:38:30,.80, Kemiringan (roll) : -2.28
2026-05-21 09:38:30,.80, Kemiringan (roll) : -2.28
2026-05-21 09:38:30,.80, Kemiringan (roll) : -2.28
2026-05-21 09:38:30,.80, Kemiringan (roll) : -2.28
2026-05-21 09:38:30,.80, Kemiringan (roll) : -2.28
2026-05-21 09:38:30,.80, Kemiringan (roll) : -2.28
2026-05-21 09:38:30,.80, Kemiringan (roll) : -2.28
2026-05-21 09:38:30,.80, Kemiringan (roll) : -2.28
2026-05-21 09:38:30,.80, Kemiringan (roll) : -2.28
2026-05-21 09:38:30,.80, Kemiringan (roll) : -2.28
2026-05-21 09:38:30,.80, Kemiringan (roll) : -2.28
2026-05-21 09:38:30,.80, Kemiringan (roll) : -2.28
2026-05-21 09:38:30,.80, Kemiringan (roll) : -2.28
2026-05-21 09:38:30,.80, Kemiringan (roll) : -2.28
2026-05-21 09:38:30,.80, Kemiringan (roll) : -2.28
2026-05-21 09:38:30,.80, Kemiringan (roll) : -2.28
2026-05-21 09:38:30,.80, Kemiringan (roll) : -2.28
2026-05-21 09:38:30,.80, Kemiringan (roll) : -2.28
2026-05-21 09:38:30,.80, Kemiringan (roll) : -2.28
2026-05-21 09:38:30,.80, Kemiringan (roll) : -2.28
2026-05-21 09:38:30,.80, Kemiringan (roll) : -2.28
2026-05-21 09:38:30,.80, Kemiringan (roll) : -2.28
2026-05-21 09:38:30,.80, Kemiringan (roll) : -2.28
2026-05-21 09:38:30,.80, Kemiringan (roll) : -2.28
2026-05-21 09:38:30,.80, Kemiringan (roll) : -2.28
2026-05-21 09:38:30,.80, Kemiringan (roll) : -2.28
2026-05-21 09:38:30,.80, Kemiringan (roll) : -2.28
2026-05-21 09:38:30,.80, Kemiringan (roll) : -2.28
2026-05-21 09:38:30,.80, Kemiringan (roll) : -2.28
2026-05-21 09:38:30,.80, Kemiringan (roll) : -2.28
2026-05-21 09:38:30,.80, Kemiringan (roll) : -2.28
2026-05-21 09:38:30,.80, Kemiringan (roll) : -2.28
2026-05-21 09:38:30,.80, Kemiringan (roll) : -2.28
2026-05-21 09:38:30,.80, Kemiringan (roll) : -2.28
2026-05-21 09:38:30,.80, Kemiringan (roll) : -2.28
2026-05-21 09:38:30,.80, Kemiringan (roll) : -2.28
2026-05-21 09:38:30,.80, Kemiringan (roll) : -2.28
2026-05-21 09:38:30,.80, Kemiringan (roll) : -2.28
2026-05-21 09:38:30,.80, Kemiringan (roll) : -2.28
2026-05-21 09:38:30,.80, Kemiringan (roll) : -2.28
2026-05-21 09:38:30,.80, Kemiringan (roll) : -2.28
2026-05-21 09:38:30,.80, Kemiringan (roll) : -2.28
2026-05-21 09:38:30,.80, Kemiringan (roll) : -2.28
2026-05-21 09:38:30,.80, Kemiringan (roll) : -2.28
2026-05-21 09:38:30,.80, Kemiringan (roll) : -2.28
2026-05-21 09:38:30,.80, Kemiringan (roll) : -2.28
2026-05-21 09:38:30,.80, Kemiringan (roll) : -2.28
2026-05-21 09:38:30,.80, Kemiringan (roll) : -2.28
2026-05-21 09:38:30,.80, Kemiringan (roll) : -2.28
2026-05-21 09:38:30,.80, Kemiringan (roll) : -2.28
2026-05-21 09:38:30,.80, Kemiringan (roll) : -2.28
2026-05-21 09:38:30,.80, Kemiringan (roll) : -2.28
2026-05-21 09:38:30,.80, Kemiringan (roll) : -2.28
2026-05-21 09:38:30,.80, Kemiringan (roll) : -2.28
2026-05-21 09:38:30,.80, Kemiringan (roll) : -2.28
2026-05-21 09:38:30,.80, Kemiringan (roll) : -2.28
2026-05-21 09:38:30,.80, Kemiringan (roll) : -2.28
2026-05-21 09:38:30,.80, Kemiringan (roll) : -2.28
2026-05-21 09:38:30,.80, Kemiringan (roll) : -2.28
2026-05-21 09:38:30,.80, Kemiringan (roll) : -2.28
2026-05-21 09:38:30,.80, Kemiringan (roll) : -2.28
2026-05-21 09:38:30,.80, Kemiringan (roll) : -2.28
2026-05-21 09:38:30,.80, Kemiringan (roll) : -2.28
2026-05-21 09:38:30,.80, Kemiringan (roll) : -2.28
2026-05-21 09:38:30,.80, Kemiringan (roll) : -2.28
2026-05-21 09:38:30,.80, Kemiringan (roll) : -2.28
2026-05-21 09:38:30,.80, Kemiringan (roll) : -2.28
2026-05-21 09:38:30,.80, Kemiringan (roll) : -2.28
2026-05-21 09:38:30,.80, Kemiringan (roll) : -2.28
2026-05-21 09:38:30,.80, Kemiringan (roll) : -2.28
2026-05-21 09:38:30,.80, Kemiringan (roll) : -2.28
2026-05-21 09:38:30,.80, Kemiringan (roll) : -2.28
2026-05-21 09:38:30,.80, Kemiringan (roll) : -2.28
2026-05-21 09:38:30,.80, Kemiringan (roll) : -2.28
2026-05-21 09:38:30,.80, Kemiringan (roll) : -2.28
2026-05-21 09:38:30,.80, Kemiringan (roll) : -2.28
2026-05-21 09:38:30,.80, Kemiringan (roll) : -2.28
2026-05-21 09:38:30,.80, Kemiringan (roll) : -2.28
2026-05-21 09:38:30,.80, Kemiringan (roll) : -2.28
2026-05-21 09:38:30,.80, Kemiringan (roll) : -2.28
2026-05-21 09:38:30,.80, Kemiringan (roll) : -2.28
2026-05-21 09:38:30,.80, Kemiringan (roll) : -2.28
2026-05-21 09:38:30,.80, Kemiringan (roll) : -2.28
2026-05-21 09:38:30,.80, Kemiringan (roll) : -2.28
2026-05-21 09:38:30,.80, Kemiringan (roll) : -2.28
2026-05-21 09:38:30,.80, Kemiringan (roll) : -2.28
2026-05-21 09:38:30,.80, Kemiringan (roll) : -2.28
2026-05-21 09:38:30,.80, Kemiringan (roll) : -2.28
2026-05-21 09:38:30,.80, Kemiringan (roll) : -2.28
2026-05-21 09:38:30,.80, Kemiringan (roll) : -2.28
2026-05-21 09:38:30,.80, Kemiringan (roll) : -2.28
2026-05-21 09:38:30,.80, Kemiringan (roll) : -2.28
2026-05-21 09:38:30,.80, Kemiringan (roll) : -2.28
2026-05-21 09:38:30,.80, Kemiringan (roll) : -2.28
2026-05-21 09:38:30,.80, Kemiringan (roll) : -2.28
2026-05-21 09:38:30,.80, Kemiringan (roll) : -2.28
2026-05-21 09:38:30,.80, Kemiringan (roll) : -2.28
2026-05-21 09:38:30,.80, Kemiringan (roll) : -2.28
2026-05-21 09:38:30,.80, Kemiringan (roll) : -2.28
2026-05-21 09:38:30,.80, Kemiringan (roll) : -2.28
2026-05-21 09:38:30,.80, Kemiringan (roll) : -2.28
2026-05-21 09:38:30,.80, Kemiringan (roll) : -2.28
2026-05-21 09:38:30,.80, Kemiringan (roll) : -2.28
2026-05-21 09:38:30,.80, Kemiringan (roll) : -2.28
2026-05-21 09:38:30,.80, Kemiringan (roll) : -2.28
2026-05-21 09:38:30,.80, Kemiringan (roll) : -2.28
2026-05-21 09:38:30,.80, Kemiringan (roll) : -2.28
2026-05-21 09:38:30,.80, Kemiringan (roll) : -2.28
2026-05-21 09:38:30,.80, Kemiringan (roll) : -2.28
2026-05-21 09:38:30,.80, Kemiringan (roll) : -2.28
2026-05-21 09:38:30,.80, Kemiringan (roll) : -2.28
2026-05-21 09:38:30,.80, Kemiringan (roll) : -2.28
2026-05-21 09:38:30,.80, Kemiringan (roll) : -2.28
2026-05-21 09:38:30,.80, Kemiringan (roll) : -2.28
2026-05-21 09:38:30,.80, Kemiringan (roll) : -2.28
2026-05-21 09:38:30,.80, Kemiringan (roll) : -2.28
2026-05-21 09:38:30,.80, Kemiringan (roll) : -2.28
2026-05-21 09:38:30,.80, Kemiringan (roll) : -2.28
2026-05-21 09:38:30,.80, Kemiringan (roll) : -2.28
2026-05-21 09:38:30,.80, Kemiringan (roll) : -2.28
2026-05-21 09:38:30,.80, Kemiringan (roll) : -2.28
2026-05-21 09:38:30,.80, Kemiringan (roll) : -2.28
2026-05-21 09:38:30,.80, Kemiringan (roll) : -2.28
2026-05-21 09:38:30,.80, Kemiringan (roll) : -2.28
2026-05-21 09:38:30,.80, Kemiringan (roll) : -2.28
2026-05-21 09:38:30,.80, Kemiringan (roll) : -2.28
2026-05-21 09:38:30,.80, Kemiringan (roll) : -2.28
2026-05-21 09:38:30,.80, Kemiringan (roll) : -2.28
2026-05-21 09:38:30,.80, Kemiringan (roll) : -2.28
2026-05-21 09:38:30,.80, Kemiringan (roll) : -2.28
2026-05-21 09:38:30,.80, Kemiringan (roll) : -2.28
2026-05-21 09:38:30,.80, Kemiringan (roll) : -2.28
2026-05-21 09:38:30,.80, Kemiringan (roll) : -2.28
2026-05-21 09:38:30,.80, Kemiringan (roll) : -2.28
2026-05-21 09:38:30,.80, Kemiringan (roll) : -2.28
2026-05-21 09:38:30,.80, Kemiringan (roll) : -2.28
2026-05-21 09:38:30,.80, Kemiringan (roll) : -2.28
2026-05-21 09:38:30,.80, Kemiringan (roll) : -2.28
2026-05-21 09:38:30,.80, Kemiringan (roll) : -2.28
2026-05-21 09:38:30,.80, Kemiringan (roll) : -2.28
2026-05-21 09:38:30,.80, Kemiringan (roll) : -2.28
2026-05-21 09:38:30,.80, Kemiringan (roll) : -2.28
2026-05-21 09:38:30,.80, Kemiringan (roll) : -2.28
2026-05-21 09:38:30,.80, Kemiringan (roll) : -2.28
2026-05-21 09:38:30,.80, Kemiringan (roll) : -2.28
2026-05-21 09:38:30,.80, Kemiringan (roll) : -2.28
2026-05-21 09:38:30,.80, Kemiringan (roll) : -2.28
2026-05-21 09:38:30,.80, Kemiringan (roll) : -2.28
2026-05-21 09:38:30,.80, Kemiringan (roll) : -2.28
2026-05-21 09:38:30,.80, Kemiringan (roll) : -2.28
2026-05-21 09:38:30,.80, Kemiringan (roll) : -2.28
2026-05-21 09:38:30,.80, Kemiringan (roll) : -2.28
2026-05-21 09:38:30,.80, Kemiringan (roll) : -2.28
2026-05-21 09:38:30,.80, Kemiringan (roll) : -2.28
2026-05-21 09:38:30,.80, Kemiringan (roll) : -2.28
2026-05-21 09:38:30,.80, Kemiringan (roll) : -2.28
2026-05-21 09:38:30,.80, Kemiringan (roll) : -2.28
2026-05-21 09:38:30,.80, Kemiringan (roll) : -2.28
2026-05-21 09:38:30,.80, Kemiringan (roll) : -2.28
2026-05-21 09:38:30,.80, Kemiringan (roll) : -2.28
2026-05-21 09:38:30,.80, Kemiringan (roll) : -2.28
2026-05-21 09:38:30,.80, Kemiringan (roll) : -2.28
2026-05-21 09:38:30,.80, Kemiringan (roll) : -2.28
2026-05-21 09:38:30,.80, Kemiringan (roll) : -2.28
2026-05-21 09:38:30,.80, Kemiringan (roll) : -2.28
2026-05-21 09:38:30,.80, Kemiringan (roll) : -2.28
2026-05-21 09:38:30,.80, Kemiringan (roll) : -2.28
2026-05-21 09:38:30,.80, Kemiringan (roll) : -2.28
2026-05-21 09:38:30,.80, Kemiringan (roll) : -2.28
2026-05-21 09:38:30,.80, Kemiringan (roll) : -2.28
2026-05-21 09:38:30,.80, Kemiringan (roll) : -2.28
2026-05-21 09:38:30,.80, Kemiringan (roll) : -2.28
2026-05-21 09:38:30,.80, Kemiringan (roll) : -2.28
2026-05-21 09:38:30,.80, Kemiringan (roll) : -2.28
2026-05-21 09:38:30,.80, Kemiringan (roll) : -2.28
2026-05-21 09:38:30,.80, Kemiringan (roll) : -2.28
2026-05-21 09:38:30,.80, Kemiringan (roll) : -2.28
2026-05-21 09:38:30,.80, Kemiringan (roll) : -2.28
2026-05-21 09:38:30,.80, Kemiringan (roll) : -2.28
2026-05-21 09:38:30,.80, Kemiringan (roll) : -2.28
2026-05-21 09:38:30,.80, Kemiringan (roll) : -2.28
2026-05-21 09:38:30,.80, Kemiringan (roll) : -2.28
2026-05-21 09:38:30,.80, Kemiringan (roll) : -2.28
2026-05-21 09:38:30,.80, Kemiringan (roll) : -2.28
2026-05-21 09:38:30,.80, Kemiringan (roll) : -2.28
2026-05-21 09:38:30,.80, Kemiringan (roll) : -2.28
2026-05-21 09:38:30,.80, Kemiringan (roll) : -2.28
2026-05-21 09:38:30,.80, Kemiringan (roll) : -2.28
2026-05-21 09:38:30,.80, Kemiringan (roll) : -2.28
2026-05-21 09:38:30,.80, Kemiringan (roll) : -2.28
2026-05-21 09:38:30,.80, Kemiringan (roll) : -2.28
2026-05-21 09:38:30,.80, Kemiringan (roll) : -2.28
2026-05-21 09:38:30,.80, Kemiringan (roll) : -2.28
2026-05-21 09:38:30,.80, Kemiringan (roll) : -2.28
2026-05-21 09:38:30,.80, Kemiringan (roll) : -2.28
2026-05-21 09:38:30,.80, Kemiringan (roll) : -2.28
2026-05-21 09:38:30,.80, Kemiringan (roll) : -2.28
2026-05-21 09:38:30,.80, Kemiringan (roll) : -2.28
2026-05-21 09:38:30,.80, Kemiringan (roll) : -2.28
2026-05-21 09:38:30,.80, Kemiringan (roll) : -2.28
2026-05-21 09:38:30,.80, Kemiringan (roll) : -2.28
2026-05-21 09:38:30,.80, Kemiringan (roll) : -2.28
2026-05-21 09:38:30,.80, Kemiringan (roll) : -2.28
2026-05-21 09:38:30,.80, Kemiringan (roll) : -2.28
2026-05-21 09:38:30,.80, Kemiringan (roll) : -2.28
2026-05-21 09:38:30,.80, Kemiringan (roll) : -2.28
2026-05-21 09:38:30,.80, Kemiringan (roll) : -2.28
2026-05-21 09:38:30,.80, Kemiringan (roll) : -2.28
2026-05-21 09:38:30,.80, Kemiringan (roll) : -2.28
2026-05-21 09:38:30,.80, Kemiringan (roll) : -2.28
2026-05-21 09:38:30,.80, Kemiringan (roll) : -2.28
2026-05-21 09:38:30,.80, Kemiringan (roll) : -2.28
2026-05-21 09:38:30,.80, Kemiringan (roll) : -2.28
2026-05-21 09:38:30,.80, Kemiringan (roll) : -2.28
2026-05-21 09:38:30,.80, Kemiringan (roll) : -2.28
2026-05-21 09:38:30,.80, Kemiringan (roll) : -2.28
2026-05-21 09:38:30,.80, Kemiringan (roll) : -2.28
2026-05-21 09:38:30,.80, Kemiringan (roll) : -2.28
2026-05-21 09:38:30,.80, Kemiringan (roll) : -2.28
2026-05-21 09:38:30,.80, Kemiringan (roll) : -2.28
2026-05-21 09:38:30,.80, Kemiringan (roll) : -2.28
2026-05-21 09:38:30,.80, Kemiringan (roll) : -2.28
2026-05-21 09:38:30,.80, Kemiringan (roll) : -2.28
2026-05-21 09:38:30,.80, Kemiringan (roll) : -2.28
2026-05-21 09:38:30,.80, Kemiringan (roll) : -2.28
2026-05-21 09:38:30,.80, Kemiringan (roll) : -2.28
2026-05-21 09:38:30,.80, Kemiringan (roll) : -2.28
2026-05-21 09:38:30,.80, Kemiringan (roll) : -2.28
2026-05-21 09:38:30,.80, Kemiringan (roll) : -2.28
2026-05-21 09:38:30,.80, Kemiringan (roll) : -2.28
2026-05-21 09:38:30,.80, Kemiringan (roll) : -2.28
2026-05-21 09:38:30,.80, Kemiringan (roll) : -2.28
2026-05-21 09:38:30,.80, Kemiringan (roll) : -2.28
2026-05-21 09:38:30,.80, Kemiringan (roll) : -2.28
2026-05-21 09:38:30,.80, Kemiringan (roll) : -2.28
2026-05-21 09:38:30,.80, Kemiringan (roll) : -2.28
2026-05-21 09:38:30,.80, Kemiringan (roll) : -2.28
2026-05-21 09:38:30,.80, Kemiringan (roll) : -2.28
2026-05-21 09:38:30,.80, Kemiringan (roll) : -2.28
2026-05-21 09:38:30,.80, Kemiringan (roll) : -2.28
2026-05-21 09:38:30,.80, Kemiringan (roll) : -2.28
2026-05-21 09:38:30,.80, Kemiringan (roll) : -2.28
2026-05-21 09:38:30,.80, Kemiringan (roll) : -2.28
2026-05-21 09:38:30,.80, Kemiringan (roll) : -2.28
2026-05-21 09:38:30,.80, Kemiringan (roll) : -2.28
2026-05-21 09:38:30,.80, Kemiringan (roll) : -2.28
2026-05-21 09:38:30,.80, Kemiringan (roll) : -2.28
2026-05-21 09:38:30,.80, Kemiringan (roll) : -2.28
2026-05-21 09:38:30,.80, Kemiringan (roll) : -2.28
2026-05-21 09:38:30,.80, Kemiringan (roll) : -2.28
2026-05-21 09:38:30,.80, Kemiringan (roll) : -2.28
2026-05-21 09:38:30,.80, Kemiringan (roll) : -2.28
2026-05-21 09:38:30,.80, Kemiringan (roll) : -2.28
2026-05-21 09:38:30,.80, Kemiringan (roll) : -2.28
2026-05-21 09:38:30,.80, Kemiringan (roll) : -2.28
2026-05-21 09:38:30,.80, Kemiringan (roll) : -2.28
2026-05-21 09:38:30,.80, Kemiringan (roll) : -2.28
2026-05-21 09:38:30,.80, Kemiringan (roll) : -2.28
2026-05-21 09:38:30,.80, Kemiringan (roll) : -2.28
2026-05-21 09:38:30,.80, Kemiringan (roll) : -2.28
2026-05-21 09:38:30,.80, Kemiringan (roll) : -2.28
2026-05-21 09:38:30,.80, Kemiringan (roll) : -2.28
2026-05-21 09:38:30,.80, Kemiringan (roll) : -2.28
2026-05-21 09:38:30,.80, Kemiringan (roll) : -2.28
2026-05-21 09:38:30,.80, Kemiringan (roll) : -2.28
2026-05-21 09:38:30,.80, Kemiringan (roll) : -2.28
2026-05-21 09:38:30,.80, Kemiringan (roll) : -2.28
2026-05-21 09:38:30,.80, Kemiringan (roll) : -2.28
2026-05-21 09:38:30,.80, Kemiringan (roll) : -2.28
2026-05-21 09:38:30,.80, Kemiringan (roll) : -2.28
2026-05-21 09:38:30,.80, Kemiringan (roll) : -2.28
2026-05-21 09:38:30,.80, Kemiringan (roll) : -2.28
2026-05-21 09:38:30,.80, Kemiringan (roll) : -2.28
2026-05-21 09:38:30,.80, Kemiringan (roll) : -2.28
2026-05-21 09:38:30,.80, Kemiringan (roll) : -2.28
2026-05-21 09:38:30,.80, Kemiringan (roll) : -2.28
2026-05-21 09:38:30,.80, Kemiringan (roll) : -2.28
2026-05-21 09:38:30,.80, Kemiringan (roll) : -2.28
2026-05-21 09:38:30,.80, Kemiringan (roll) : -2.28
2026-05-21 09:38:30,.80, Kemiringan (roll) : -2.28
2026-05-21 09:38:30,.80, Kemiringan (roll) : -2.28
2026-05-21 09:38:30,.80, Kemiringan (roll) : -2.28
2026-05-21 09:38:30,.80, Kemiringan (roll) : -2.28
2026-05-21 09:38:30,.80, Kemiringan (roll) : -2.28
2026-05-21 09:38:30,.80, Kemiringan (roll) : -2.28
2026-05-21 09:38:30,.80, Kemiringan (roll) : -2.28
2026-05-21 09:38:30,.80, Kemiringan (roll) : -2.28
2026-05-21 09:38:30,.80, Kemiringan (roll) : -2.28
2026-05-21 09:38:30,.80, Kemiringan (roll) : -2.28
2026-05-21 09:38:30,.80, Kemiringan (roll) : -2.28
2026-05-21 09:38:30,.80, Kemiringan (roll) : -2.28
2026-05-21 09:38:30,.80, Kemiringan (roll) : -2.28
2026-05-21 09:38:30,.80, Kemiringan (roll) : -2.28
2026-05-21 09:38:30,.80, Kemiringan (roll) : -2.28
2026-05-21 09:38:30,.80, Kemiringan (roll) : -2.28
2026-05-21 09:38:30,.80, Kemiringan (roll) : -2.28
2026-05-21 09:38:30,.80, Kemiringan (roll) : -2.28
2026-05-21 09:38:30,.80, Kemiringan (roll) : -2.28
2026-05-21 09:38:30,.80, Kemiringan (roll) : -2.28
2026-05-21 09:38:30,.80, Kemiringan (roll) : -2.28
2026-05-21 09:38:30,.80, Kemiringan (roll) : -2.28
2026-05-21 09:38:30,.80, Kemiringan (roll) : -2.28
2026-05-21 09:38:30,.80, Kemiringan (roll) : -2.28
2026-05-21 09:38:30,.80, Kemiringan (roll) : -2.28
2026-05-21 09:38:30,.80, Kemiringan (roll) : -2.28
2026-05-21 09:38:30,.80, Kemiringan (roll) : -2.28
2026-05-21 09:38:30,.80, Kemiringan (roll) : -2.28
2026-05-21 09:38:30,.80, Kemiringan (roll) : -2.28
2026-05-21 09:38:30,.80, Kemiringan (roll) : -2.28
2026-05-21 09:38:30,.80, Kemiringan (roll) : -2.28
2026-05-21 09:38:30,.80, Kemiringan (roll) : -2.28
2026-05-21 09:38:30,.80, Kemiringan (roll) : -2.28
2026-05-21 09:38:30,.80, Kemiringan (roll) : -2.28
2026-05-21 09:38:30,.80, Kemiringan (roll) : -2.28
2026-05-21 09:38:30,.80, Kemiringan (roll) : -2.28
2026-05-21 09:38:30,.80, Kemiringan (roll) : -2.28
2026-05-21 09:38:30,.80, Kemiringan (roll) : -2.28
2026-05-21 09:38:30,.80, Kemiringan (roll) : -2.28
2026-05-21 09:38:30,.80, Kemiringan (roll) : -2.28
2026-05-21 09:38:30,.80, Kemiringan (roll) : -2.28
2026-05-21 09:38:30,.80, Kemiringan (roll) : -2.28
2026-05-21 09:38:30,.80, Kemiringan (roll) : -2.28
2026-05-21 09:38:30,.80, Kemiringan (roll) : -2.28
2026-05-21 09:38:30,.80, Kemiringan (roll) : -2.28
2026-05-21 09:38:30,.80, Kemiringan (roll) : -2.28
2026-05-21 09:38:30,.80, Kemiringan (roll) : -2.28
2026-05-21 09:38:30,.80, Kemiringan (roll) : -2.28
2026-05-21 09:38:30,.80, Kemiringan (roll) : -2.28
2026-05-21 09:38:30,.80, Kemiringan (roll) : -2.28
2026-05-21 09:38:30,.80, Kemiringan (roll) : -2.28
2026-05-21 09:38:30,.80, Kemiringan (roll) : -2.28
2026-05-21 09:38:30,.80, Kemiringan (roll) : -2.28
2026-05-21 09:38:30,.80, Kemiringan (roll) : -2.28
2026-05-21 09:38:30,.80, Kemiringan (roll) : -2.28
2026-05-21 09:38:30,.80, Kemiringan (roll) : -2.28
2026-05-21 09:38:30,.80, Kemiringan (roll) : -2.28
2026-05-21 09:38:30,.80, Kemiringan (roll) : -2.28
2026-05-21 09:38:30,.80, Kemiringan (roll) : -2.28
2026-05-21 09:38:30,.80, Kemiringan (roll) : -2.28
2026-05-21 09:38:30,.80, Kemiringan (roll) : -2.28
2026-05-21 09:38:30,.80, Kemiringan (roll) : -2.28
2026-05-21 09:38:30,.80, Kemiringan (roll) : -2.28
2026-05-21 09:38:30,.80, Kemiringan (roll) : -2.28
2026-05-21 09:38:30,.80, Kemiringan (roll) : -2.28
2026-05-21 09:38:30,.80, Kemiringan (roll) : -2.28
2026-05-21 09:38:30,.80, Kemiringan (roll) : -2.28
2026-05-21 09:38:30,.80, Kemiringan (roll) : -2.28
2026-05-21 09:38:30,.80, Kemiringan (roll) : -2.28
2026-05-21 09:38:30,.80, Kemiringan (roll) : -2.28
2026-05-21 09:38:30,.80, Kemiringan (roll) : -2.28
2026-05-21 09:38:30,.80, Kemiringan (roll) : -2.28
2026-05-21 09:38:30,.80, Kemiringan (roll) : -2.28
2026-05-21 09:38:30,.80, Kemiringan (roll) : -2.28
2026-05-21 09:38:30,.80, Kemiringan (roll) : -2.28
2026-05-21 09:38:30,.80, Kemiringan (roll) : -2.28
2026-05-21 09:38:30,.80, Kemiringan (roll) : -2.28
2026-05-21 09:38:30,.80, Kemiringan (roll) : -2.28
2026-05-21 09:38:30,.80, Kemiringan (roll) : -2.28
2026-05-21 09:38:30,.80, Kemiringan (roll) : -2.28
2026-05-21 09:38:30,.80, Kemiringan (roll) : -2.28
2026-05-21 09:38:30,.80, Kemiringan (roll) : -2.28
2026-05-21 09:38:30,.80, Kemiringan (roll) : -2.28
2026-05-21 09:38:30,.80, Kemiringan (roll) : -2.28
2026-05-21 09:38:30,.80, Kemiringan (roll) : -2.28
2026-05-21 09:38:30,.80, Kemiringan (roll) : -2.28
2026-05-21 09:38:30,.80, Kemiringan (roll) : -2.28
2026-05-21 09:38:30,.80, Kemiringan (roll) : -2.28
2026-05-21 09:38:30,.80, Kemiringan (roll) : -2.28
2026-05-21 09:38:30,.80, Kemiringan (roll) : -2.28
2026-05-21 09:38:30,.80, Kemiringan (roll) : -2.28
2026-05-21 09:38:30,.80, Kemiringan (roll) : -2.28
2026-05-21 09:38:30,.80, Kemiringan (roll) : -2.28
2026-05-21 09:38:30,.80, Kemiringan (roll) : -2.28
2026-05-21 09:38:30,.80, Kemiringan (roll) : -2.28
2026-05-21 09:38:30,.80, Kemiringan (roll) : -2.28
2026-05-21 09:38:30,.80, Kemiringan (roll) : -2.28
2026-05-21 09:38:30,.80, Kemiringan (roll) : -2.28
2026-05-21 09:38:30,.80, Kemiringan (roll) : -2.28
2026-05-21 09:38:30,.80, Kemiringan (roll) : -2.28
2026-05-21 09:38:30,.80, Kemiringan (roll) : -2.28
2026-05-21 09:38:30,.80, Kemiringan (roll) : -2.28
2026-05-21 09:38:30,.80, Kemiringan (roll) : -2.28
2026-05-21 09:38:30,.80, Kemiringan (roll) : -2.28
2026-05-21 09:38:30,.80, Kemiringan (roll) : -2.28
2026-05-21 09:38:30,.80, Kemiringan (roll) : -2.28
2026-05-21 09:38:30,.80, Kemiringan (roll) : -2.28
2026-05-21 09:38:30,.80, Kemiringan (roll) : -2.28
2026-05-21 09:38:30,.80, Kemiringan (roll) : -2.28
2026-05-21 09:38:30,.80, Kemiringan (roll) : -2.28
2026-05-21 09:38:30,.80, Kemiringan (roll) : -2.28
2026-05-21 09:38:30,.80, Kemiringan (roll) : -2.28
2026-05-21 09:38:30,.80, Kemiringan (roll) : -2.28
2026-05-21 09:38:30,.80, Kemiringan (roll) : -2.28
2026-05-21 09:38:30,.80, Kemiringan (roll) : -2.28
2026-05-21 09:38:30,.80, Kemiringan (roll) : -2.28
2026-05-21 09:38:30,.80, Kemiringan (roll) : -2.28
2026-05-21 09:38:30,.80, Kemiringan (roll) : -2.28
2026-05-21 09:38:30,.80, Kemiringan (roll) : -2.28
2026-05-21 09:38:30,.80, Kemiringan (roll) : -2.28
2026-05-21 09:38:30,.80, Kemiringan (roll) : -2.28
2026-05-21 09:38:30,.80, Kemiringan (roll) : -2.28
2026-05-21 09:38:30,.80, Kemiringan (roll) : -2.28
2026-05-21 09:38:30,.80, Kemiringan (roll) : -2.28
2026-05-21 09:38:30,.80, Kemiringan (roll) : -2.28
2026-05-21 09:38:30,.80, Kemiringan (roll) : -2.28
2026-05-21 09:38:30,.80, Kemiringan (roll) : -2.28
2026-05-21 09:38:30,.80, Kemiringan (roll) : -2.28
2026-05-21 09:38:30,.80, Kemiringan (roll) : -2.28
2026-05-21 09:38:30,.80, Kemiringan (roll) : -2.28
2026-05-21 09:38:30,.80, Kemiringan (roll) : -2.28
2026-05-21 09:38:30,.80, Kemiringan (roll) : -2.28
2026-05-21 09:38:30,.80, Kemiringan (roll) : -2.28
2026-05-21 09:38:30,.80, Kemiringan (roll) : -2.28
2026-05-21 09:38:30,.80, Kemiringan (roll) : -2.28
2026-05-21 09:38:30,.80, Kemiringan (roll) : -2.28
2026-05-21 09:38:30,.80, Kemiringan (roll) : -2.28
2026-05-21 09:38:30,.80, Kemiringan (roll) : -2.28
2026-05-21 09:38:30,.80, Kemiringan (roll) : -2.28
2026-05-21 09:38:30,.80, Kemiringan (roll) : -2.28
2026-05-21 09:38:30,.80, Kemiringan (roll) : -2.28
2026-05-21 09:38:30,.80, Kemiringan (roll) : -2.28
2026-05-21 09:38:30,.80, Kemiringan (roll) : -2.28
2026-05-21 09:38:30,.80, Kemiringan (roll) : -2.28
2026-05-21 09:38:30,.80, Kemiringan (roll) : -2.28
2026-05-21 09:38:30,.80, Kemiringan (roll) : -2.28
2026-05-21 09:38:30,.80, Kemiringan (roll) : -2.28
2026-05-21 09:38:30,.80, Kemiringan (roll) : -2.28
2026-05-21 09:38:30,.80, Kemiringan (roll) : -2.28
2026-05-21 09:38:30,.80, Kemiringan (roll) : -2.28
2026-05-21 09:38:30,.80, Kemiringan (roll) : -2.28
2026-05-21 09:38:30,.80, Kemiringan (roll) : -2.28
2026-05-21 09:38:30,.80, Kemiringan (roll) : -2.28
2026-05-21 09:38:30,.80, Kemiringan (roll) : -2.28
2026-05-21 09:38:30,.80, Kemiringan (roll) : -2.28
2026-05-21 09:38:30,.80, Kemiringan (roll) : -2.28
2026-05-21 09:38:30,.80, Kemiringan (roll) : -2.28
2026-05-21 09:38:30,.80, Kemiringan (roll) : -2.28
2026-05-21 09:38:30,.80, Kemiringan (roll) : -2.28
2026-05-21 09:38:30,.80, Kemiringan (roll) : -2.28
2026-05-21 09:38:30,.80, Kemiringan (roll) : -2.28
2026-05-21 09:38:30,.80, Kemiringan (roll) : -2.28
2026-05-21 09:38:30,.80, Kemiringan (roll) : -2.28
2026-05-21 09:38:30,.80, Kemiringan (roll) : -2.28
2026-05-21 09:38:30,.80, Kemiringan (roll) : -2.28
2026-05-21 09:38:30,.80, Kemiringan (roll) : -2.28
2026-05-21 09:38:30,.80, Kemiringan (roll) : -2.28
2026-05-21 09:38:30,.80, Kemiringan (roll) : -2.28
2026-05-21 09:38:30,.80, Kemiringan (roll) : -2.28
2026-05-21 09:38:30,.80, Kemiringan (roll) : -2.28
2026-05-21 09:38:30,.80, Kemiringan (roll) : -2.28
2026-05-21 09:38:30,.80, Kemiringan (roll) : -2.28
2026-05-21 09:38:30,.80, Kemiringan (roll) : -2.28
2026-05-21 09:38:30,.80, Kemiringan (roll) : -2.28
2026-05-21 09:38:30,.80, Kemiringan (roll) : -2.28
2026-05-21 09:38:30,.80, Kemiringan (roll) : -2.28
2026-05-21 09:38:30,.80, Kemiringan (roll) : -2.28
2026-05-21 09:38:30,.80, Kemiringan (roll) : -2.28
2026-05-21 09:38:30,.80, Kemiringan (roll) : -2.28
2026-05-21 09:38:30,.80, Kemiringan (roll) : -2.28
2026-05-21 09:38:30,.80, Kemiringan (roll) : -2.28
2026-05-21 09:38:30,.80, Kemiringan (roll) : -2.28
2026-05-21 09:38:30,.80, Kemiringan (roll) : -2.28
2026-05-21 09:38:30,.80, Kemiringan (roll) : -2.28
2026-05-21 09:38:30,.80, Kemiringan (roll) : -2.28
2026-05-21 09:38:30,.80, Kemiringan (roll) : -2.28
2026-05-21 09:38:30,.80, Kemiringan (roll) : -2.28
2026-05-21 09:38:30,.80, Kemiringan (roll) : -2.28
2026-05-21 09:38:30,.80, Kemiringan (roll) : -2.28
2026-05-21 09:38:30,.80, Kemiringan (roll) : -2.28
2026-05-21 09:38:30,.80, Kemiringan (roll) : -2.28
2026-05-21 09:38:30,.80, Kemiringan (roll) : -2.28
2026-05-21 09:38:30,.80, Kemiringan (roll) : -2.28
2026-05-21 09:38:30,.80, Kemiringan (roll) : -2.28
2026-05-21 09:38:30,.80, Kemiringan (roll) : -2.28
2026-05-21 09:38:30,.80, Kemiringan (roll) : -2.28
2026-05-21 09:38:30,.80, Kemiringan (roll) : -2.28
2026-05-21 09:38:30,.80, Kemiringan (roll) : -2.28
2026-05-21 09:38:30,.80, Kemiringan (roll) : -2.28
2026-05-21 09:38:30,.80, Kemiringan (roll) : -2.28
2026-05-21 09:38:30,.80, Kemiringan (roll) : -2.28
2026-05-21 09:38:30,.80, Kemiringan (roll) : -2.28
2026-05-21 09:38:30,.80, Kemiringan (roll) : -2.28
2026-05-21 09:38:30,.80, Kemiringan (roll) : -2.28
2026-05-21 09:38:30,.80, Kemiringan (roll) : -2.28
2026-05-21 09:38:30,.80, Kemiringan (roll) : -2.28
2026-05-21 09:38:30,.80, Kemiringan (roll) : -2.28
2026-05-21 09:38:30,.80, Kemiringan (roll) : -2.28
2026-05-21 09:38:30,.80, Kemiringan (roll) : -2.28
2026-05-21 09:38:30,.80, Kemiringan (roll) : -2.28
2026-05-21 09:38:30,.80, Kemiringan (roll) : -2.28
2026-05-21 09:38:30,.80, Kemiringan (roll) : -2.28
2026-05-21 09:38:30,.80, Kemiringan (roll) : -2.28
2026-05-21 09:38:30,.80, Kemiringan (roll) : -2.28
2026-05-21 09:38:30,.80, Kemiringan (roll) : -2.28
2026-05-21 09:38:30,.80, Kemiringan (roll) : -2.28
2026-05-21 09:38:30,.80, Kemiringan (roll) : -2.28
2026-05-21 09:38:30,.80, Kemiringan (roll) : -2.28
2026-05-21 09:38:30,.80, Kemiringan (roll) : -2.28
2026-05-21 09:38:30,.80, Kemiringan (roll) : -2.28
2026-05-21 09:38:30,.80, Kemiringan (roll) : -2.28
2026-05-21 09:38:30,.80, Kemiringan (roll) : -2.28
2026-05-21 09:38:30,.80, Kemiringan (roll) : -2.28
2026-05-21 09:38:30,.80, Kemiringan (roll) : -2.28
2026-05-21 09:38:30,.80, Kemiringan (roll) : -2.28
2026-05-21 09:38:30,.80, Kemiringan (roll) : -2.28
2026-05-21 09:38:30,.80, Kemiringan (roll) : -2.28
2026-05-21 09:38:30,.80, Kemiringan (roll) : -2.28
2026-05-21 09:38:30,.80, Kemiringan (roll) : -2.28
2026-05-21 09:38:30,.80, Kemiringan (roll) : -2.28
2026-05-21 09:38:30,.80, Kemiringan (roll) : -2.28
2026-05-21 09:38:30,.80, Kemiringan (roll) : -2.28
2026-05-21 09:38:30,.80, Kemiringan (roll) : -2.28
2026-05-21 09:38:30,.80, Kemiringan (roll) : -2.28
2026-05-21 09:38:30,.80, Kemiringan (roll) : -2.28
2026-05-21 09:38:30,.80, Kemiringan (roll) : -2.28
2026-05-21 09:38:30,.80, Kemiringan (roll) : -2.28
2026-05-21 09:38:30,.80, Kemiringan (roll) : -2.28
2026-05-21 09:38:30,.80, Kemiringan (roll) : -2.28
2026-05-21 09:38:30,.80, Kemiringan (roll) : -2.28
2026-05-21 09:38:30,.80, Kemiringan (roll) : -2.28
2026-05-21 09:38:30,.80, Kemiringan (roll) : -2.28
2026-05-21 09:38:30,.80, Kemiringan (roll) : -2.28
2026-05-21 09:38:30,.80, Kemiringan (roll) : -2.28
2026-05-21 09:38:30,.80, Kemiringan (roll) : -2.28
2026-05-21 09:38:30,.80, Kemiringan (roll) : -2.28
2026-05-21 09:38:30,.80, Kemiringan (roll) : -2.28
2026-05-21 09:38:30,.80, Kemiringan (roll) : -2.28
2026-05-21 09:38:30,.80, Kemiringan (roll) : -2.28
2026-05-21 09:38:30,.80, Kemiringan (roll) : -2.28
2026-05-21 09:38:30,.80, Kemiringan (roll) : -2.28
2026-05-21 09:38:30,.80, Kemiringan (roll) : -2.28
2026-05-21 09:38:30,.80, Kemiringan (roll) : -2.28
2026-05-21 09:38:30,.80, Kemiringan (roll) : -2.28
2026-05-21 09:38:30,.80, Kemiringan (roll) : -2.28
2026-05-21 09:38:30,.80, Kemiringan (roll) : -2.28
2026-05-21 09:38:30,.80, Kemiringan (roll) : -2.28
2026-05-21 09:38:30,.80, Kemiringan (roll) : -2.28
2026-05-21 09:38:30,.80, Kemiringan (roll) : -2.28
2026-05-21 09:38:30,.80, Kemiringan (roll) : -2.28
2026-05-21 09:38:30,.80, Kemiringan (roll) : -2.28
2026-05-21 09:38:30,.80, Kemiringan (roll) : -2.28
2026-05-21 09:38:30,.80, Kemiringan (roll) : -2.28
2026-05-21 09:38:30,.80, Kemiringan (roll) : -2.28
2026-05-21 09:38:30,.80, Kemiringan (roll) : -2.28
2026-05-21 09:38:30,.80, Kemiringan (roll) : -2.28
2026-05-21 09:38:30,.80, Kemiringan (roll) : -2.28
2026-05-21 09:38:30,.80, Kemiringan (roll) : -2.28
2026-05-21 09:38:30,.80, Kemiringan (roll) : -2.28
2026-05-21 09:38:30,.80, Kemiringan (roll) : -2.28
2026-05-21 09:38:30,.80, Kemiringan (roll) : -2.28
2026-05-21 09:38:30,.80, Kemiringan (roll) : -2.28
2026-05-21 09:38:30,.80, Kemiringan (roll) : -2.28
2026-05-21 09:38:30,.80, Kemiringan (roll) : -2.28
2026-05-21 09:38:30,.80, Kemiringan (roll) : -2.28
2026-05-21 09:38:30,.80, Kemiringan (roll) : -2.28
2026-05-21 09:38:30,.80, Kemiringan (roll) : -2.28
2026-05-21 09:38:30,.80, Kemiringan (roll) : -2.28
2026-05-21 09:38:30,.80, Kemiringan (roll) : -2.28
2026-05-21 09:38:30,.80, Kemiringan (roll) : -2.28
2026-05-21 09:38:30,.80, Kemiringan (roll) : -2.28
2026-05-21 09:38:30,.80, Kemiringan (roll) : -2.28
2026-05-21 09:38:30,.80, Kemiringan (roll) : -2.28
2026-05-21 09:38:30,.80, Kemiringan (roll) : -2.28
2026-05-21 09:38:30,.80, Kemiringan (roll) : -2.28
2026-05-21 09:38:30,.80, Kemiringan (roll) : -2.28
2026-05-21 09:38:30,.80, Kemiringan (roll) : -2.28
2026-05-21 09:38:30,.80, Kemiringan (roll) : -2.28
2026-05-21 09:38:30,.80, Kemiringan (roll) : -2.28
2026-05-21 09:38:30,.80, Kemiringan (roll) : -2.28
2026-05-21 09:38:30,.80, Kemiringan (roll) : -2.28
2026-05-21 09:38:30,.80, Kemiringan (roll) : -2.28
2026-05-21 09:38:30,.80, Kemiringan (roll) : -2.28
2026-05-21 09:38:30,.80, Kemiringan (roll) : -2.28
2026-05-21 09:38:30,.80, Kemiringan (roll) : -2.28
2026-05-21 09:38:30,.80, Kemiringan (roll) : -2.28
2026-05-21 09:38:30,.80, Kemiringan (roll) : -2.28
2026-05-21 09:38:30,.80, Kemiringan (roll) : -2.28
2026-05-21 09:38:30,.80, Kemiringan (roll) : -2.28
2026-05-21 09:38:30,.80, Kemiringan (roll) : -2.28
2026-05-21 09:38:30,.80, Kemiringan (roll) : -2.28
2026-05-21 09:38:30,.80, Kemiringan (roll) : -2.28
2026-05-21 09:38:30,.80, Kemiringan (roll) : -2.28
2026-05-21 09:38:30,.80, Kemiringan (roll) : -2.28
2026-05-21 09:38:30,.80, Kemiringan (roll) : -2.28
2026-05-21 09:38:30,.80, Kemiringan (roll) : -2.28
2026-05-21 09:38:30,.80, Kemiringan (roll) : -2.28
2026-05-21 09:38:30,.80, Kemiringan (roll) : -2.28
2026-05-21 09:38:30,.80, Kemiringan (roll) : -2.28
2026-05-21 09:38:30,.80, Kemiringan (roll) : -2.28
2026-05-21 09:38:30,.80, Kemiringan (roll) : -2.28
2026-05-21 09:38:30,.80, Kemiringan (roll) : -2.28
2026-05-21 09:38:30,.80, Kemiringan (roll) : -2.28
2026-05-21 09:38:30,.80, Kemiringan (roll) : -2.28
2026-05-21 09:38:30,.80, Kemiringan (roll) : -2.28
2026-05-21 09:38:30,.80, Kemiringan (roll) : -2.28
2026-05-21 09:38:30,.80, Kemiringan (roll) : -2.28
2026-05-21 09:38:30,.80, Kemiringan (roll) : -2.28
2026-05-21 09:38:30,.80, Kemiringan (roll) : -2.28
2026-05-21 09:38:30,.80, Kemiringan (roll) : -2.28
2026-05-21 09:38:30,.80, Kemiringan (roll) : -2.28
2026-05-21 09:38:30,.80, Kemiringan (roll) : -2.28
2026-05-21 09:38:30,.80, Kemiringan (roll) : -2.28
2026-05-21 09:38:30,.80, Kemiringan (roll) : -2.28
2026-05-21 09:38:30,.80, Kemiringan (roll) : -2.28
2026-05-21 09:38:30,.80, Kemiringan (roll) : -2.28
2026-05-21 09:38:30,.80, Kemiringan (roll) : -2.28
2026-05-21 09:38:30,.80, Kemiringan (roll) : -2.28
2026-05-21 09:38:30,.80, Kemiringan (roll) : -2.28
2026-05-21 09:38:30,.80, Kemiringan (roll) : -2.28
2026-05-21 09:38:30,.80, Kemiringan (roll) : -2.28
2026-05-21 09:38:30,.80, Kemiringan (roll) : -2.28
2026-05-21 09:38:30,.80, Kemiringan (roll) : -2.28
2026-05-21 09:38:30,.80, Kemiringan (roll) : -2.28
2026-05-21 09:38:30,.80, Kemiringan (roll) : -2.28
2026-05-21 09:38:30,.80, Kemiringan (roll) : -2.28
2026-05-21 09:38:30,.80, Kemiringan (roll) : -2.28
2026-05-21 09:38:30,.80, Kemiringan (roll) : -2.28
2026-05-21 09:38:30,.80, Kemiringan (roll) : -2.28
2026-05-21 09:38:30,.80, Kemiringan (roll) : -2.28
2026-05-21 09:38:30,.80, Kemiringan (roll) : -2.28
2026-05-21 09:38:30,.80, Kemiringan (roll) : -2.28
2026-05-21 09:38:30,.80, Kemiringan (roll) : -2.28
2026-05-21 09:38:30,.80, Kemiringan (roll) : -2.28
2026-05-21 09:38:30,.80, Kemiringan (roll) : -2.28
2026-05-21 09:38:30,.80, Kemiringan (roll) : -2.28
2026-05-21 09:38:30,.80, Kemiringan (roll) : -2.28
2026-05-21 09:38:30,.80, Kemiringan (roll) : -2.28
2026-05-21 09:38:30,.80, Kemiringan (roll) : -2.28
2026-05-21 09:38:30,.80, Kemiringan (roll) : -2.28
2026-05-21 09:38:30,.80, Kemiringan (roll) : -2.28
2026-05-21 09:38:30,.80, Kemiringan (roll) : -2.28
2026-05-21 09:38:30,.80, Kemiringan (roll) : -2.28
2026-05-21 09:38:30,.80, Kemiringan (roll) : -2.28
2026-05-21 09:38:30,.80, Kemiringan (roll) : -2.28
2026-05-21 09:38:30,.80, Kemiringan (roll) : -2.28
2026-05-21 09:38:30,.80, Kemiringan (roll) : -2.28
2026-05-21 09:38:30,.80, Kemiringan (roll) : -2.28
2026-05-21 09:38:30,.80, Kemiringan (roll) : -2.28
2026-05-21 09:38:30,.80, Kemiringan (roll) : -2.28
2026-05-21 09:38:30,.80, Kemiringan (roll) : -2.28
2026-05-21 09:38:30,.80, Kemiringan (roll) : -2.28
2026-05-21 09:38:30,.80, Kemiringan (roll) : -2.28
2026-05-21 09:38:30,.80, Kemiringan (roll) : -2.28
2026-05-21 09:38:30,.80, Kemiringan (roll) : -2.28
2026-05-21 09:38:30,.80, Kemiringan (roll) : -2.28
2026-05-21 09:38:30,.80, Kemiringan (roll) : -2.28
2026-05-21 09:38:30,.80, Kemiringan (roll) : -2.28
2026-05-21 09:38:30,.80, Kemiringan (roll) : -2.28
2026-05-21 09:38:30,.80, Kemiringan (roll) : -2.28
2026-05-21 09:38:30,.80, Kemiringan (roll) : -2.28
2026-05-21 09:38:30,.80, Kemiringan (roll) : -2.28
2026-05-21 09:38:30,.80, Kemiringan (roll) : -2.28
2026-05-21 09:38:30,.80, Kemiringan (roll) : -2.28
2026-05-21 09:38:30,.80, Kemiringan (roll) : -2.28
2026-05-21 09:38:30,.80, Kemiringan (roll) : -2.28
2026-05-21 09:38:30,.80, Kemiringan (roll) : -2.28
2026-05-21 09:38:30,.80, Kemiringan (roll) : -2.28
2026-05-21 09:38:30,.80, Kemiringan (roll) : -2.28
2026-05-21 09:38:30,.80, Kemiringan (roll) : -2.28
2026-05-21 09:38:30,.80, Kemiringan (roll) : -2.28
2026-05-21 09:38:30,.80, Kemiringan (roll) : -2.28
2026-05-21 09:38:30,.80, Kemiringan (roll) : -2.28
2026-05-21 09:38:30,.80, Kemiringan (roll) : -2.28
2026-05-21 09:38:30,.80, Kemiringan (roll) : -2.28
2026-05-21 09:38:30,.80, Kemiringan (roll) : -2.28
2026-05-21 09:38:30,.80, Kemiringan (roll) : -2.28
2026-05-21 09:38:30,.80, Kemiringan (roll) : -2.28
2026-05-21 09:38:30,.80, Kemiringan (roll) : -2.28
2026-05-21 09:38:30,.80, Kemiringan (roll) : -2.28
2026-05-21 09:38:30,.80, Kemiringan (roll) : -2.28
2026-05-21 09:38:30,.80, Kemiringan (roll) : -2.28
2026-05-21 09:38:30,.80, Kemiringan (roll) : -2.28
2026-05-21 09:38:30,.80, Kemiringan (roll) : -2.28
2026-05-21 09:38:30,.80, Kemiringan (roll) : -2.28
2026-05-21 09:38:30,.80, Kemiringan (roll) : -2.28
2026-05-21 09:38:30,.80, Kemiringan (roll) : -2.28
2026-05-21 09:38:30,.80, Kemiringan (roll) : -2.28
2026-05-21 09:38:30,.80, Kemiringan (roll) : -2.28
2026-05-21 09:38:30,.80, Kemiringan (roll) : -2.28
2026-05-21 09:38:30,.80, Kemiringan (roll) : -2.28
2026-05-21 09:38:30,.80, Kemiringan (roll) : -2.28
2026-05-21 09:38:30,.80, Kemiringan (roll) : -2.28
2026-05-21 09:38:30,.80, Kemiringan (roll) : -2.28
2026-05-21 09:38:30,.80, Kemiringan (roll) : -2.28
2026-05-21 09:38:30,.80, Kemiringan (roll) : -2.28
2026-05-21 09:38:30,.80, Kemiringan (roll) : -2.28
2026-05-21 09:38:30,.80, Kemiringan (roll) : -2.28
2026-05-21 09:38:30,.80, Kemiringan (roll) : -2.28
2026-05-21 09:38:30,.80, Kemiringan (roll) : -2.28
2026-05-21 09:38:30,.80, Kemiringan (roll) : -2.28
2026-05-21 09:38:30,.80, Kemiringan (roll) : -2.28
2026-05-21 09:38:30,.80, Kemiringan (roll) : -2.28
2026-05-21 09:38:30,.80, Kemiringan (roll) : -2.28
2026-05-21 09:38:30,.80, Kemiringan (roll) : -2.28
2026-05-21 09:38:30,.80, Kemiringan (roll) : -2.28
2026-05-21 09:38:30,.80, Kemiringan (roll) : -2.28
2026-05-21 09:38:30,.80, Kemiringan (roll) : -2.28
2026-05-21 09:38:30,.80, Kemiringan (roll) : -2.28
2026-05-21 09:38:30,.80, Kemiringan (roll) : -2.28
2026-05-21 09:38:30,.80, Kemiringan (roll) : -2.28
2026-05-21 09:38:30,.80, Kemiringan (roll) : -2.28
2026-05-21 09:38:30,.80, Kemiringan (roll) : -2.28
2026-05-21 09:38:30,.80, Kemiringan (roll) : -2.28
2026-05-21 09:38:30,.80, Kemiringan (roll) : -2.28
2026-05-21 09:38:30,.80, Kemiringan (roll) : -2.28
2026-05-21 09:38:30,.80, Kemiringan (roll) : -2.28
2026-05-21 09:38:30,.80, Kemiringan (roll) : -2.28
2026-05-21 09:38:30,.80, Kemiringan (roll) : -2.28
2026-05-21 09:38:30,.80, Kemiringan (roll) : -2.28
2026-05-21 09:38:30,.80, Kemiringan (roll) : -2.28
2026-05-21 09:38:30,.80, Kemiringan (roll) : -2.28
2026-05-21 09:38:30,.80, Kemiringan (roll) : -2.28
2026-05-21 09:38:30,.80, Kemiringan (roll) : -2.28
2026-05-21 09:38:30,.80, Kemiringan (roll) : -2.28
2026-05-21 09:38:30,.80, Kemiringan (roll) : -2.28
2026-05-21 09:38:30,.80, Kemiringan (roll) : -2.28
2026-05-21 09:38:30,.80, Kemiringan (roll) : -2.28
2026-05-21 09:38:30,.80, Kemiringan (roll) : -2.28
2026-05-21 09:38:30,.80, Kemiringan (roll) : -2.28
2026-05-21 09:38:30,.80, Kemiringan (roll) : -2.28
2026-05-21 09:38:30,.80, Kemiringan (roll) : -2.28
2026-05-21 09:38:30,.80, Kemiringan (roll) : -2.28
2026-05-21 09:38:30,.80, Kemiringan (roll) : -2.28
2026-05-21 09:38:30,.80, Kemiringan (roll) : -2.28
2026-05-21 09:38:30,.80, Kemiringan (roll) : -2.28
2026-05-21 09:38:30,.80, Kemiringan (roll) : -2.28
2026-05-21 09:38:30,.80, Kemiringan (roll) : -2.28
2026-05-21 09:38:30,.80, Kemiringan (roll) : -2.28
2026-05-21 09:38:30,.80, Kemiringan (roll) : -2.28
2026-05-21 09:38:30,.80, Kemiringan (roll) : -2.28
2026-05-21 09:38:30,.80, Kemiringan (roll) : -2.28
2026-05-21 09:38:30,.80, Kemiringan (roll) : -2.28
2026-05-21 09:38:30,.80, Kemiringan (roll) : -2.28
2026-05-21 09:38:30,.80, Kemiringan (roll) : -2.28
2026-05-21 09:38:30,.80, Kemiringan (roll) : -2.28
2026-05-21 09:38:30,.80, Kemiringan (roll) : -2.28
2026-05-21 09:38:30,.80, Kemiringan (roll) : -2.28
2026-05-21 09:38:30,.80, Kemiringan (roll) : -2.28
2026-05-21 09:38:30,.80, Kemiringan (roll) : -2.28
2026-05-21 09:38:30,.80, Kemiringan (roll) : -2.28
2026-05-21 09:38:30,.80, Kemiringan (roll) : -2.28
2026-05-21 09:38:30,.80, Kemiringan (roll) : -2.28
2026-05-21 09:38:30,.80, Kemiringan (roll) : -2.28
2026-05-21 09:38:30,.80, Kemiringan (roll) : -2.28
2026-05-21 09:38:30,.80, Kemiringan (roll) : -2.28
2026-05-21 09:38:30,.80, Kemiringan (roll) : -2.28
2026-05-21 09:38:30,.80, Kemiringan (roll) : -2.28
2026-05-21 09:38:30,.80, Kemiringan (roll) : -2.28
2026-05-21 09:38:30,.80, Kemiringan (roll) : -2.28
2026-05-21 09:38:30,.80, Kemiringan (roll) : -2.28
2026-05-21 09:38:30,.80, Kemiringan (roll) : -2.28
2026-05-21 09:38:30,.80, Kemiringan (roll) : -2.28
2026-05-21 09:38:30,.80, Kemiringan (roll) : -2.28
2026-05-21 09:38:30,.80, Kemiringan (roll) : -2.28
2026-05-21 09:38:30,.80, Kemiringan (roll) : -2.28
2026-05-21 09:38:30,.80, Kemiringan (roll) : -2.28
2026-05-21 09:38:30,.80, Kemiringan (roll) : -2.28
2026-05-21 09:38:30,.80, Kemiringan (roll) : -2.28
2026-05-21 09:38:30,.80, Kemiringan (roll) : -2.28
2026-05-21 09:38:30,.80, Kemiringan (roll) : -2.28
2026-05-21 09:38:30,.80, Kemiringan (roll) : -2.28
2026-05-21 09:38:30,.80, Kemiringan (roll) : -2.28
2026-05-21 09:38:30,.80, Kemiringan (roll) : -2.28
2026-05-21 09:38:30,.80, Kemiringan (roll) : -2.28
2026-05-21 09:38:30,.80, Kemiringan (roll) : -2.28
2026-05-21 09:38:30,.80, Kemiringan (roll) : -2.28
2026-05-21 09:38:30,.80, Kemiringan (roll) : -2.28
2026-05-21 09:38:30,.80, Kemiringan (roll) : -2.28
2026-05-21 09:38:30,.80, Kemiringan (roll) : -2.28
2026-05-21 09:38:30,.80, Kemiringan (roll) : -2.28
2026-05-21 09:38:30,.80, Kemiringan (roll) : -2.28
2026-05-21 09:38:30,.80, Kemiringan (roll) : -2.28
2026-05-21 09:38:30,.80, Kemiringan (roll) : -2.28
2026-05-21 09:38:30,.80, Kemiringan (roll) : -2.28
2026-05-21 09:38:30,.80, Kemiringan (roll) : -2.28
2026-05-21 09:38:30,.80, Kemiringan (roll) : -2.28
2026-05-21 09:38:30,.80, Kemiringan (roll) : -2.28
2026-05-21 09:38:30,.80, Kemiringan (roll) : -2.28
2026-05-21 09:38:30,.80, Kemiringan (roll) : -2.28
2026-05-21 09:38:30,.80, Kemiringan (roll) : -2.28
2026-05-21 09:38:30,.80, Kemiringan (roll) : -2.28
2026-05-21 09:38:30,.80, Kemiringan (roll) : -2.28
2026-05-21 09:38:30,.80, Kemiringan (roll) : -2.28
2026-05-21 09:38:30,.80, Kemiringan (roll) : -2.28
2026-05-21 09:38:30,.80, Kemiringan (roll) : -2.28
2026-05-21 09:38:30,.80, Kemiringan (roll) : -2.28
2026-05-21 09:38:30,.80, Kemiringan (roll) : -2.28
2026-05-21 09:38:30,.80, Kemiringan (roll) : -2.28
2026-05-21 09:38:30,.80, Kemiringan (roll) : -2.28
2026-05-21 09:38:30,.80, Kemiringan (roll) : -2.28
2026-05-21 09:38:30,.80, Kemiringan (roll) : -2.28
2026-05-21 09:38:30,.80, Kemiringan (roll) : -2.28
2026-05-21 09:38:30,.80, Kemiringan (roll) : -2.28
2026-05-21 09:38:30,.80, Kemiringan (roll) : -2.28
2026-05-21 09:38:30,.80, Kemiringan (roll) : -2.28
2026-05-21 09:38:30,.80, Kemiringan (roll) : -2.28
2026-05-21 09:38:30,.80, Kemiringan (roll) : -2.28
2026-05-21 09:38:30,.80, Kemiringan (roll) : -2.28
2026-05-21 09:38:30,.80, Kemiringan (roll) : -2.28
2026-05-21 09:38:30,.80, Kemiringan (roll) : -2.28
2026-05-21 09:38:30,.80, Kemiringan (roll) : -2.28
2026-05-21 09:38:30,.80, Kemiringan (roll) : -2.28
2026-05-21 09:38:30,.80, Kemiringan (roll) : -2.28
2026-05-21 09:38:30,.80, Kemiringan (roll) : -2.28
2026-05-21 09:38:30,.80, Kemiringan (roll) : -2.28
2026-05-21 09:38:30,.80, Kemiringan (roll) : -2.28
2026-05-21 09:38:30,.80, Kemiringan (roll) : -2.28
2026-05-21 09:38:30,.80, Kemiringan (roll) : -2.28
2026-05-21 09:38:30,.80, Kemiringan (roll) : -2.28
2026-05-21 09:38:30,.80, Kemiringan (roll) : -2.28
2026-05-21 09:38:30,.80, Kemiringan (roll) : -2.28
2026-05-21 09:38:30,.80, Kemiringan (roll) : -2.28
2026-05-21 09:38:30,.80, Kemiringan (roll) : -2.28
2026-05-21 09:38:30,.80, Kemiringan (roll) : -2.28
2026-05-21 09:38:30,.80, Kemiringan (roll) : -2.28
2026-05-21 09:38:30,.80, Kemiringan (roll) : -2.28
2026-05-21 09:38:30,.80, Kemiringan (roll) : -2.28
2026-05-21 09:38:30,.80, Kemiringan (roll) : -2.28
2026-05-21 09:38:30,.80, Kemiringan (roll) : -2.28
2026-05-21 09:38:30,.80, Kemiringan (roll) : -2.28
2026-05-21 09:38:30,.80, Kemiringan (roll) : -2.28
2026-05-21 09:38:30,.80, Kemiringan (roll) : -2.28
2026-05-21 09:38:30,.80, Kemiringan (roll) : -2.28
2026-05-21 09:38:30,.80, Kemiringan (roll) : -2.28
2026-05-21 09:38:30,.80, Kemiringan (roll) : -2.28
2026-05-21 09:38:30,.80, Kemiringan (roll) : -2.28
2026-05-21 09:38:30,.80, Kemiringan (roll) : -2.28
2026-05-21 09:38:30,.80, Kemiringan (roll) : -2.28
2026-05-21 09:38:30,.80, Kemiringan (roll) : -2.28
2026-05-21 09:38:30,.80, Kemiringan (roll) : -2.28
2026-05-21 09:38:30,.80, Kemiringan (roll) : -2.28
2026-05-21 09:38:30,.80, Kemiringan (roll) : -2.28
2026-05-21 09:38:30,.80, Kemiringan (roll) : -2.28
2026-05-21 09:38:30,.80, Kemiringan (roll) : -2.28
2026-05-21 09:38:30,.80, Kemiringan (roll) : -2.28
2026-05-21 09:38:30,.80, Kemiringan (roll) : -2.28
2026-05-21 09:38:30,.80, Kemiringan (roll) : -2.28
2026-05-21 09:38:30,.80, Kemiringan (roll) : -2.28
2026-05-21 09:38:30,.80, Kemiringan (roll) : -2.28
2026-05-21 09:38:30,.80, Kemiringan (roll) : -2.28
2026-05-21 09:38:30,.80, Kemiringan (roll) : -2.28
2026-05-21 09:38:30,.80, Kemiringan (roll) : -2.28
2026-05-21 09:38:30,.80, Kemiringan (roll) : -2.28
2026-05-21 09:38:30,.80, Kemiringan (roll) : -2.28
2026-05-21 09:38:30,.80, Kemiringan (roll) : -2.28
2026-05-21 09:38:30,.80, Kemiringan (roll) : -2.28
2026-05-21 09:38:30,.80, Kemiringan (roll) : -2.28
2026-05-21 09:38:30,.80, Kemiringan (roll) : -2.28
2026-05-21 09:38:30,.80, Kemiringan (roll) : -2.28
2026-05-21 09:38:30,.80, Kemiringan (roll) : -2.28
2026-05-21 09:38:30,.80, Kemiringan (roll) : -2.28
2026-05-21 09:38:30,.80, Kemiringan (roll) : -2.28
2026-05-21 09:38:30,.80, Kemiringan (roll) : -2.28
2026-05-21 09:38:30,.80, Kemiringan (roll) : -2.28
2026-05-21 09:38:30,.80, Kemiringan (roll) : -2.28
2026-05-21 09:38:30,.80, Kemiringan (roll) : -2.28
2026-05-21 09:38:30,.80, Kemiringan (roll) : -2.28
2026-05-21 09:38:30,.80, Kemiringan (roll) : -2.28
2026-05-21 09:38:30,.80, Kemiringan (roll) : -2.28
2026-05-21 09:38:30,.80, Kemiringan (roll) : -2.28
2026-05-21 09:38:30,.80, Kemiringan (roll) : -2.28
2026-05-21 09:38:30,.80, Kemiringan (roll) : -2.28
2026-05-21 09:38:30,.80, Kemiringan (roll) : -2.28
2026-05-21 09:38:30,.80, Kemiringan (roll) : -2.28
2026-05-21 09:38:30,.80, Kemiringan (roll) : -2.28
2026-05-21 09:38:30,.80, Kemiringan (roll) : -2.28
2026-05-21 09:38:30,.80, Kemiringan (roll) : -2.28
2026-05-21 09:38:30,.80, Kemiringan (roll) : -2.28
2026-05-21 09:38:30,.80, Kemiringan (roll) : -2.28
2026-05-21 09:38:30,.80, Kemiringan (roll) : -2.28
2026-05-21 09:38:30,.80, Kemiringan (roll) : -2.28
2026-05-21 09:38:30,.80, Kemiringan (roll) : -2.28
2026-05-21 09:38:30,.80, Kemiringan (roll) : -2.28
2026-05-21 09:38:30,.80, Kemiringan (roll) : -2.28
2026-05-21 09:38:30,.80, Kemiringan (roll) : -2.28
2026-05-21 09:38:30,.80, Kemiringan (roll) : -2.28
2026-05-21 09:38:30,.80, Kemiringan (roll) : -2.28
2026-05-21 09:38:30,.80, Kemiringan (roll) : -2.28
2026-05-21 09:38:30,.80, Kemiringan (roll) : -2.28
2026-05-21 09:38:30,.80, Kemiringan (roll) : -2.28
2026-05-21 09:38:30,.80, Kemiringan (roll) : -2.28
2026-05-21 09:38:30,.80, Kemiringan (roll) : -2.28
2026-05-21 09:38:30,.80, Kemiringan (roll) : -2.28
2026-05-21 09:38:30,.80, Kemiringan (roll) : -2.28
2026-05-21 09:38:30,.80, Kemiringan (roll) : -2.28
2026-05-21 09:38:30,.80, Kemiringan (roll) : -2.28
2026-05-21 09:38:30,.80, Kemiringan (roll) : -2.28
2026-05-21 09:38:30,.80, Kemiringan (roll) : -2.28
2026-05-21 09:38:30,.80, Kemiringan (roll) : -2.28
2026-05-21 09:38:30,.80, Kemiringan (roll) : -2.28
2026-05-21 09:38:30,.80, Kemiringan (roll) : -2.28
2026-05-21 09:38:30,.80, Kemiringan (roll) : -2.28
2026-05-21 09:38:30,.80, Kemiringan (roll) : -2.28
2026-05-21 09:38:30,.80, Kemiringan (roll) : -2.28
2026-05-21 09:38:30,.80, Kemiringan (roll) : -2.28
2026-05-21 09:38:30,.80, Kemiringan (roll) : -2.28
2026-05-21 09:38:30,.80, Kemiringan (roll) : -2.28
2026-05-21 09:38:30,.80, Kemiringan (roll) : -2.28
2026-05-21 09:38:30,.80, Kemiringan (roll) : -2.28
2026-05-21 09:38:30,.80, Kemiringan (roll) : -2.28
2026-05-21 09:38:30,.80, Kemiringan (roll) : -2.28
2026-05-21 09:38:30,.80, Kemiringan (roll) : -2.28
2026-05-21 09:38:30,.80, Kemiringan (roll) : -2.28
2026-05-21 09:38:30,.80, Kemiringan (roll) : -2.28
2026-05-21 09:38:30,.80, Kemiringan (roll) : -2.28
2026-05-21 09:38:30,.80, Kemiringan (roll) : -2.28
2026-05-21 09:38:30,.80, Kemiringan (roll) : -2.28
2026-05-21 09:38:30,.80, Kemiringan (roll) : -2.28
2026-05-21 09:38:30,.80, Kemiringan (roll) : -2.28
2026-05-21 09:38:30,.80, Kemiringan (roll) : -2.28
2026-05-21 09:38:30,.80, Kemiringan (roll) : -2.28
2026-05-21 09:38:30,.80, Kemiringan (roll) : -2.28
2026-05-21 09:38:30,.80, Kemiringan (roll) : -2.28
2026-05-21 09:38:30,.80, Kemiringan (roll) : -2.28
2026-05-21 09:38:30,.80, Kemiringan (roll) : -2.28
2026-05-21 09:38:30,.80, Kemiringan (roll) : -2.28
2026-05-21 09:38:30,.80, Kemiringan (roll) : -2.28
2026-05-21 09:38:30,.80, Kemiringan (roll) : -2.28
2026-05-21 09:38:30,.80, Kemiringan (roll) : -2.28
2026-05-21 09:38:30,.80, Kemiringan (roll) : -2.28
2026-05-21 09:38:30,.80, Kemiringan (roll) : -2.28
2026-05-21 09:38:30,.80, Kemiringan (roll) : -2.28
2026-05-21 09:38:30,.80, Kemiringan (roll) : -2.28
2026-05-21 09:38:30,.80, Kemiringan (roll) : -2.28
2026-05-21 09:38:30,.80, Kemiringan (roll) : -2.28
2026-05-21 09:38:30,.80, Kemiringan (roll) : -2.28
2026-05-21 09:38:30,.80, Kemiringan (roll) : -2.28
2026-05-21 09:38:30,.80, Kemiringan (roll) : -2.28
2026-05-21 09:38:30,.80, Kemiringan (roll) : -2.28
2026-05-21 09:38:30,.80, Kemiringan (roll) : -2.28
2026-05-21 09:38:30,.80, Kemiringan (roll) : -2.28
2026-05-21 09:38:30,.80, Kemiringan (roll) : -2.28
2026-05-21 09:38:30,.80, Kemiringan (roll) : -2.28
2026-05-21 09:38:30,.80, Kemiringan (roll) : -2.28
2026-05-21 09:38:30,.80, Kemiringan (roll) : -2.28
2026-05-21 09:38:30,.80, Kemiringan (roll) : -2.28
2026-05-21 09:38:30,.80, Kemiringan (roll) : -2.28
2026-05-21 09:38:30,.80, Kemiringan (roll) : -2.28
2026-05-21 09:38:30,.80, Kemiringan (roll) : -2.28
2026-05-21 09:38:30,.80, Kemiringan (roll) : -2.28
2026-05-21 09:38:30,.80, Kemiringan (roll) : -2.28
2026-05-21 09:38:30,.80, Kemiringan (roll) : -2.28
2026-05-21 09:38:30,.80, Kemiringan (roll) : -2.28
2026-05-21 09:38:30,.80, Kemiringan (roll) : -2.28
2026-05-21 09:38:30,.80, Kemiringan (roll) : -2.28
2026-05-21 09:38:30,.80, Kemiringan (roll) : -2.28
2026-05-21 09:38:30,.80, Kemiringan (roll) : -2.28
2026-05-21 09:38:30,.80, Kemiringan (roll) : -2.28
2026-05-21 09:38:30,.80, Kemiringan (roll) : -2.28
2026-05-21 09:38:30,.80, Kemiringan (roll) : -2.28
2026-05-21 09:38:30,.80, Kemiringan (roll) : -2.28
2026-05-21 09:38:30,.80, Kemiringan (roll) : -2.28
2026-05-21 09:38:30,.80, Kemiringan (roll) : -2.28
2026-05-21 09:38:30,.80, Kemiringan (roll) : -2.28
2026-05-21 09:38:30,.80, Kemiringan (roll) : -2.28
2026-05-21 09:38:30,.80, Kemiringan (roll) : -2.28
2026-05-21 09:38:30,.80, Kemiringan (roll) : -2.28
2026-05-21 09:38:30,.80, Kemiringan (roll) : -2.28
2026-05-21 09:38:30,.80, Kemiringan (roll) : -2.28
2026-05-21 09:38:30,.80, Kemiringan (roll) : -2.28
2026-05-21 09:38:30,.80, Kemiringan (roll) : -2.28
2026-05-21 09:38:30,.80, Kemiringan (roll) : -2.28
2026-05-21 09:38:30,.80, Kemiringan (roll) : -2.28
2026-05-21 09:38:30,.80, Kemiringan (roll) : -2.28
2026-05-21 09:38:30,.80, Kemiringan (roll) : -2.28
2026-05-21 09:38:30,.80, Kemiringan (roll) : -2.28
2026-05-21 09:38:30,.80, Kemiringan (roll) : -2.28
2026-05-21 09:38:30,.80, Kemiringan (roll) : -2.28
2026-05-21 09:38:30,.80, Kemiringan (roll) : -2.28
2026-05-21 09:38:30,.80, Kemiringan (roll) : -2.28
2026-05-21 09:38:30,.80, Kemiringan (roll) : -2.28
2026-05-21 09:38:30,.80, Kemiringan (roll) : -2.28
2026-05-21 09:38:30,.80, Kemiringan (roll) : -2.28
2026-05-21 09:38:30,.80, Kemiringan (roll) : -2.28
2026-05-21 09:38:30,.80, Kemiringan (roll) : -2.28
2026-05-21 09:38:30,.80, Kemiringan (roll) : -2.28
2026-05-21 09:38:30,.80, Kemiringan (roll) : -2.28
2026-05-21 09:38:30,.80, Kemiringan (roll) : -2.28
2026-05-21 09:38:30,.80, Kemiringan (roll) : -2.28
2026-05-21 09:38:30,.80, Kemiringan (roll) : -2.28
2026-05-21 09:38:30,.80, Kemiringan (roll) : -2.28
2026-05-21 09:38:30,.80, Kemiringan (roll) : -2.28
2026-05-21 09:38:30,.80, Kemiringan (roll) : -2.28
2026-05-21 09:38:30,.80, Kemiringan (roll) : -2.28
2026-05-21 09:38:30,.80, Kemiringan (roll) : -2.28
2026-05-21 09:38:30,.80, Kemiringan (roll) : -2.28
2026-05-21 09:38:30,.80, Kemiringan (roll) : -2.28
2026-05-21 09:38:30,.80, Kemiringan (roll) : -2.28
2026-05-21 09:38:30,.80, Kemiringan (roll) : -2.28
2026-05-21 09:38:30,.80, Kemiringan (roll) : -2.28
2026-05-21 09:38:30,.80, Kemiringan (roll) : -2.28
2026-05-21 09:38:30,.80, Kemiringan (roll) : -2.28
2026-05-21 09:38:30,.80, Kemiringan (roll) : -2.28
2026-05-21 09:38:30,.80, Kemiringan (roll) : -2.28
2026-05-21 09:38:30,.80, Kemiringan (roll) : -2.28
2026-05-21 09:38:30,.80, Kemiringan (roll) : -2.28
2026-05-21 09:38:30,.80, Kemiringan (roll) : -2.28
2026-05-21 09:38:30,.80, Kemiringan (roll) : -2.28
2026-05-21 09:38:30,.80, Kemiringan (roll) : -2.28
2026-05-21 09:38:30,.80, Kemiringan (roll) : -2.28
2026-05-21 09:38:30,.80, Kemiringan (roll) : -2.28
2026-05-21 09:38:30,.80, Kemiringan (roll) : -2.28
2026-05-21 09:38:30,.80, Kemiringan (roll) : -2.28
2026-05-21 09:38:30,.80, Kemiringan (roll) : -2.28
2026-05-21 09:38:30,.80, Kemiringan (roll) : -2.28
2026-05-21 09:38:30,.80, Kemiringan (roll) : -2.28
2026-05-21 09:38:30,.80, Kemiringan (roll) : -2.28
2026-05-21 09:38:30,.80, Kemiringan (roll) : -2.28
2026-05-21 09:38:30,.80, Kemiringan (roll) : -2.28
2026-05-21 09:38:30,.80, Kemiringan (roll) : -2.28
2026-05-21 09:38:30,.80, Kemiringan (roll) : -2.28
2026-05-21 09:38:30,.80, Kemiringan (roll) : -2.28
2026-05-21 09:38:30,.80, Kemiringan (roll) : -2.28
2026-05-21 09:38:30,.80, Kemiringan (roll) : -2.28
2026-05-21 09:38:30,.80, Kemiringan (roll) : -2.28
2026-05-21 09:38:30,.80, Kemiringan (roll) : -2.28
2026-05-21 09:38:30,.80, Kemiringan (roll) : -2.28
2026-05-21 09:38:30,.80, Kemiringan (roll) : -2.28
2026-05-21 09:38:30,.80, Kemiringan (roll) : -2.28
2026-05-21 09:38:30,.80, Kemiringan (roll) : -2.28
2026-05-21 09:38:30,.80, Kemiringan (roll) : -2.28
2026-05-21 09:38:30,.80, Kemiringan (roll) : -2.28
2026-05-21 09:38:30,.80, Kemiringan (roll) : -2.28
2026-05-21 09:38:30,.80, Kemiringan (roll) : -2.28
2026-05-21 09:38:30,.80, Kemiringan (roll) : -2.28
2026-05-21 09:38:30,.80, Kemiringan (roll) : -2.28
2026-05-21 09:38:30,.80, Kemiringan (roll) : -2.28
2026-05-21 09:38:30,.80, Kemiringan (roll) : -2.28
2026-05-21 09:38:30,.80, Kemiringan (roll) : -2.28
2026-05-21 09:38:30,.80, Kemiringan (roll) : -2.28
2026-05-21 09:38:30,.80, Kemiringan (roll) : -2.28
2026-05-21 09:38:30,.80, Kemiringan (roll) : -2.28
2026-05-21 09:38:30,.80, Kemiringan (roll) : -2.28
2026-05-21 09:38:30,.80, Kemiringan (roll) : -2.28
2026-05-21 09:38:30,.80, Kemiringan (roll) : -2.28
2026-05-21 09:38:30,.80, Kemiringan (roll) : -2.28
2026-05-21 09:38:30,.80, Kemiringan (roll) : -2.28
2026-05-21 09:38:30,.80, Kemiringan (roll) : -2.28
2026-05-21 09:38:30,.80, Kemiringan (roll) : -2.28
2026-05-21 09:38:30,.80, Kemiringan (roll) : -2.28
2026-05-21 09:38:30,.80, Kemiringan (roll) : -2.28
2026-05-21 09:38:30,.80, Kemiringan (roll) : -2.28
2026-05-21 09:38:30,.80, Kemiringan (roll) : -2.28
2026-05-21 09:38:30,.80, Kemiringan (roll) : -2.28
2026-05-21 09:38:30,.80, Kemiringan (roll) : -2.28
2026-05-21 09:38:30,.80, Kemiringan (roll) : -2.28
2026-05-21 09:38:30,.80, Kemiringan (roll) : -2.28
2026-05-21 09:38:30,.80, Kemiringan (roll) : -2.28
2026-05-21 09:38:30,.80, Kemiringan (roll) : -2.28
2026-05-21 09:38:30,.80, Kemiringan (roll) : -2.28
2026-05-21 09:38:30,.80, Kemiringan (roll) : -2.28
2026-05-21 09:38:30,.80, Kemiringan (roll) : -2.28
2026-05-21 09:38:30,.80, Kemiringan (roll) : -2.28
2026-05-21 09:38:30,.80, Kemiringan (roll) : -2.28
2026-05-21 09:38:30,.80, Kemiringan (roll) : -2.28
2026-05-21 09:38:30,.80, Kemiringan (roll) : -2.28
2026-05-21 09:38:30,.80, Kemiringan (roll) : -2.28
2026-05-21 09:38:30,.80, Kemiringan (roll) : -2.28
2026-05-21 09:38:30,.80, Kemiringan (roll) : -2.28
2026-05-21 09:38:30,.80, Kemiringan (roll) : -2.28
2026-05-21 09:38:30,.80, Kemiringan (roll) : -2.28
2026-05-21 09:38:30,.80, Kemiringan (roll) : -2.28
2026-05-21 09:38:30,.80, Kemiringan (roll) : -2.28
2026-05-21 09:38:30,.80, Kemiringan (roll) : -2.28
2026-05-21 09:38:30,.80, Kemiringan (roll) : -2.28
2026-05-21 09:38:30,.80, Kemiringan (roll) : -2.28
2026-05-21 09:38:30,.80, Kemiringan (roll) : -2.28
2026-05-21 09:38:30,.80, Kemiringan (roll) : -2.28
2026-05-21 09:38:30,.80, Kemiringan (roll) : -2.28
2026-05-21 09:38:30,.80, Kemiringan (roll) : -2.28
2026-05-21 09:38:30,.80, Kemiringan (roll) : -2.28
2026-05-21 09:38:30,.80, Kemiringan (roll) : -2.28
2026-05-21 09:38:30,.80, Kemiringan (roll) : -2.28
2026-05-21 09:38:30,.80, Kemiringan (roll) : -2.28
2026-05-21 09:38:30,.80, Kemiringan (roll) : -2.28
2026-05-21 09:38:30,.80, Kemiringan (roll) : -2.28
2026-05-21 09:38:30,.80, Kemiringan (roll) : -2.28
2026-05-21 09:38:30,.80, Kemiringan (roll) : -2.28
2026-05-21 09:38:30,.80, Kemiringan (roll) : -2.28
2026-05-21 09:38:30,.80, Kemiringan (roll) : -2.28
2026-05-21 09:38:30,.80, Kemiringan (roll) : -2.28
2026-05-21 09:38:30,.80, Kemiringan (roll) : -2.28
2026-05-21 09:38:30,.80, Kemiringan (roll) : -2.28
2026-05-21 09:38:30,.80, Kemiringan (roll) : -2.28
2026-05-21 09:38:30,.80, Kemiringan (roll) : -2.28
2026-05-21 09:38:30,.80, Kemiringan (roll) : -2.28
2026-05-21 09:38:30,.80, Kemiringan (roll) : -2.28
2026-05-21 09:38:30,.80, Kemiringan (roll) : -2.28
2026-05-21 09:38:30,.80, Kemiringan (roll) : -2.28
2026-05-21 09:38:30,.80, Kemiringan (roll) : -2.28
2026-05-21 09:38:30,.80, Kemiringan (roll) : -2.28
2026-05-21 09:38:30,.80, Kemiringan (roll) : -2.28
2026-05-21 09:38:30,.80, Kemiringan (roll) : -2.28
2026-05-21 09:38:30,.80, Kemiringan (roll) : -2.28
2026-05-21 09:38:30,.80, Kemiringan (roll) : -2.28
2026-05-21 09:38:30,.80, Kemiringan (roll) : -2.28
2026-05-21 09:38:30,.80, Kemiringan (roll) : -2.28
2026-05-21 09:38:30,.80, Kemiringan (roll) : -2.28
2026-05-21 09:38:30,.80, Kemiringan (roll) : -2.28
2026-05-21 09:38:30,.80, Kemiringan (roll) : -2.28
2026-05-21 09:38:30,.80, Kemiringan (roll) : -2.28
2026-05-21 09:38:30,.80, Kemiringan (roll) : -2.28
2026-05-21 09:38:30,.80, Kemiringan (roll) : -2.28
2026-05-21 09:38:30,.80, Kemiringan (roll) : -2.28
2026-05-21 09:38:30,.80, Kemiringan (roll) : -2.28
2026-05-21 09:38:30,.80, Kemiringan (roll) : -2.28
2026-05-21 09:38:30,.80, Kemiringan (roll) : -2.28
2026-05-21 09:38:30,.80, Kemiringan (roll) : -2.28
2026-05-21 09:38:30,.80, Kemiringan (roll) : -2.28
2026-05-21 09:38:30,.80, Kemiringan (roll) : -2.28
2026-05-21 09:38:30,.80, Kemiringan (roll) : -2.28
2026-05-21 09:38:30,.80, Kemiringan (roll) : -2.28
2026-05-21 09:38:30,.80, Kemiringan (roll) : -2.28
2026-05-21 09:38:30,.80, Kemiringan (roll) : -2.28
2026-05-21 09:38:30,.80, Kemiringan (roll) : -2.28
2026-05-21 09:38:30,.80, Kemiringan (roll) : -2.28
2026-05-21 09:38:30,.80, Kemiringan (roll) : -2.28
2026-05-21 09:38:30,.80, Kemiringan (roll) : -2.28
2026-05-21 09:38:30,.80, Kemiringan (roll) : -2.28
2026-05-21 09:38:30,.80, Kemiringan (roll) : -2.28
2026-05-21 09:38:30,.80, Kemiringan (roll) : -2.28
2026-05-21 09:38:30,.80, Kemiringan (roll) : -2.28
2026-05-21 09:38:30,.80, Kemiringan (roll) : -2.28
2026-05-21 09:38:30,.80, Kemiringan (roll) : -2.28
2026-05-21 09:38:30,.80, Kemiringan (roll) : -2.28
2026-05-21 09:38:30,.80, Kemiringan (roll) : -2.28
2026-05-21 09:38:30,.80, Kemiringan (roll) : -2.28
2026-05-21 09:38:30,.80, Kemiringan (roll) : -2.28
2026-05-21 09:38:30,.80, Kemiringan (roll) : -2.28
2026-05-21 09:38:30,.80, Kemiringan (roll) : -2.28
2026-05-21 09:38:30,.80, Kemiringan (roll) : -2.28
2026-05-21 09:38:30,.80, Kemiringan (roll) : -2.28
2026-05-21 09:38:30,.80, Kemiringan (roll) : -2.28
2026-05-21 09:38:30,.80, Kemiringan (roll) : -2.28
2026-05-21 09:38:30,.80, Kemiringan (roll) : -2.28
2026-05-21 09:38:30,.80, Kemiringan (roll) : -2.28
2026-05-21 09:38:30,.80, Kemiringan (roll) : -2.28
2026-05-21 09:38:30,.80, Kemiringan (roll) : -2.28
2026-05-21 09:38:30,.80, Kemiringan (roll) : -2.28
2026-05-21 09:38:30,.80, Kemiringan (roll) : -2.28
2026-05-21 09:38:30,.80, Kemiringan (roll) : -2.28
2026-05-21 09:38:30,.80, Kemiringan (roll) : -2.28
2026-05-21 09:38:30,.80, Kemiringan (roll) : -2.28
2026-05-21 09:38:30,.80, Kemiringan (roll) : -2.28
2026-05-21 09:38:30,.80, Kemiringan (roll) : -2.28
2026-05-21 09:38:30,.80, Kemiringan (roll) : -2.28
2026-05-21 09:38:30,.80, Kemiringan (roll) : -2.28
2026-05-21 09:38:30,.80, Kemiringan (roll) : -2.28
2026-05-21 09:38:30,.80, Kemiringan (roll) : -2.28
2026-05-21 09:38:30,.80, Kemiringan (roll) : -2.28
2026-05-21 09:38:30,.80, Kemiringan (roll) : -2.28
2026-05-21 09:38:30,.80, Kemiringan (roll) : -2.28
2026-05-21 09:38:30,.80, Kemiringan (roll) : -2.28
2026-05-21 09:38:30,.80, Kemiringan (roll) : -2.28
2026-05-21 09:38:30,.80, Kemiringan (roll) : -2.28
2026-05-21 09:38:30,.80, Kemiringan (roll) : -2.28
2026-05-21 09:38:30,.80, Kemiringan (roll) : -2.28
2026-05-21 09:38:30,.80, Kemiringan (roll) : -2.28
2026-05-21 09:38:30,.80, Kemiringan (roll) : -2.28
2026-05-21 09:38:30,.80, Kemiringan (roll) : -2.28
2026-05-21 09:38:30,.80, Kemiringan (roll) : -2.28
2026-05-21 09:38:30,.80, Kemiringan (roll) : -2.28
2026-05-21 09:38:30,.80, Kemiringan (roll) : -2.28
2026-05-21 09:38:30,.80, Kemiringan (roll) : -2.28
2026-05-21 09:38:30,.80, Kemiringan (roll) : -2.28
2026-05-21 09:38:30,.80, Kemiringan (roll) : -2.28
2026-05-21 09:38:30,.80, Kemiringan (roll) : -2.28
2026-05-21 09:38:30,.80, Kemiringan (roll) : -2.28
2026-05-21 09:38:30,.80, Kemiringan (roll) : -2.28
2026-05-21 09:38:30,.80, Kemiringan (roll) : -2.28
2026-05-21 09:38:30,.80, Kemiringan (roll) : -2.28
2026-05-21 09:38:30,.80, Kemiringan (roll) : -2.28
2026-05-21 09:38:30,.80, Kemiringan (roll) : -2.28
2026-05-21 09:38:30,.80, Kemiringan (roll) : -2.28
2026-05-21 09:38:30,.80, Kemiringan (roll) : -2.28
2026-05-21 09:38:30,.80, Kemiringan (roll) : -2.28
2026-05-21 09:38:30,.80, Kemiringan (roll) : -2.28
2026-05-21 09:38:30,.80, Kemiringan (roll) : -2.28
2026-05-21 09:38:30,.80, Kemiringan (roll) : -2.28
2026-05-21 09:38:30,.80, Kemiringan (roll) : -2.28
2026-05-21 09:38:30,.80, Kemiringan (roll) : -2.28
2026-05-21 09:38:30,.80, Kemiringan (roll) : -2.28
2026-05-21 09:38:30,.80, Kemiringan (roll) : -2.28
2026-05-21 09:38:30,.80, Kemiringan (roll) : -2.28
2026-05-21 09:38:30,.80, Kemiringan (roll) : -2.28
2026-05-21 09:38:30,.80, Kemiringan (roll) : -2.28
2026-05-21 09:38:30,.80, Kemiringan (roll) : -2.28
2026-05-21 09:38:30,.80, Kemiringan (roll) : -2.28
2026-05-21 09:38:30,.80, Kemiringan (roll) : -2.28
2026-05-21 09:38:30,.80, Kemiringan (roll) : -2.28
2026-05-21 09:38:30,.80, Kemiringan (roll) : -2.28
2026-05-21 09:38:30,.80, Kemiringan (roll) : -2.28
2026-05-21 09:38:30,.80, Kemiringan (roll) : -2.28
2026-05-21 09:38:30,.80, Kemiringan (roll) : -2.28
2026-05-21 09:38:30,.80, Kemiringan (roll) : -2.28
2026-05-21 09:38:30,.80, Kemiringan (roll) : -2.28
2026-05-21 09:38:30,.80, Kemiringan (roll) : -2.28
2026-05-21 09:38:30,.80, Kemiringan (roll) : -2.28
2026-05-21 09:38:30,.80, Kemiringan (roll) : -2.28
2026-05-21 09:38:30,.80, Kemiringan (roll) : -2.28
2026-05-21 09:38:30,.80, Kemiringan (roll) : -2.28
2026-05-21 09:38:30,.80, Kemiringan (roll) : -2.28
2026-05-21 09:38:30,.80, Kemiringan (roll) : -2.28
2026-05-21 09:38:30,.80, Kemiringan (roll) : -2.28
2026-05-21 09:38:30,.80, Kemiringan (roll) : -2.28
2026-05-21 09:38:30,.80, Kemiringan (roll) : -2.28
2026-05-21 09:38:30,.80, Kemiringan (roll) : -2.28
2026-05-21 09:38:30,.80, Kemiringan (roll) : -2.28
2026-05-21 09:38:30,.80, Kemiringan (roll) : -2.28
2026-05-21 09:38:30,.80, Kemiringan (roll) : -2.28
2026-05-21 09:38:30,.80, Kemiringan (roll) : -2.28
2026-05-21 09:38:30,.80, Kemiringan (roll) : -2.28
2026-05-21 09:38:30,.80, Kemiringan (roll) : -2.28
2026-05-21 09:38:30,.80, Kemiringan (roll) : -2.28
2026-05-21 09:38:30,.80, Kemiringan (roll) : -2.28
2026-05-21 09:38:30,.80, Kemiringan (roll) : -2.28
2026-05-21 09:38:30,.80, Kemiringan (roll) : -2.28
2026-05-21 09:38:30,.80, Kemiringan (roll) : -2.28
2026-05-21 09:38:30,.80, Kemiringan (roll) : -2.28
2026-05-21 09:38:30,.80, Kemiringan (roll) : -2.28
2026-05-21 09:38:30,.80, Kemiringan (roll) : -2.28
2026-05-21 09:38:30,.80, Kemiringan (roll) : -2.28
2026-05-21 09:38:30,.80, Kemiringan (roll) : -2.28
2026-05-21 09:38:30,.80, Kemiringan (roll) : -2.28
2026-05-21 09:38:30,.80, Kemiringan (roll) : -2.28
2026-05-21 09:38:30,.80, Kemiringan (roll) : -2.28
2026-05-21 09:38:30,.80, Kemiringan (roll) : -2.28
2026-05-21 09:38:30,.80, Kemiringan (roll) : -2.28
2026-05-21 09:38:30,.80, Kemiringan (roll) : -2.28
2026-05-21 09:38:30,.80, Kemiringan (roll) : -2.28
2026-05-21 09:38:30,.80, Kemiringan (roll) : -2.28
2026-05-21 09:38:30,.80, Kemiringan (roll) : -2.28
2026-05-21 09:38:30,.80, Kemiringan (roll) : -2.28
2026-05-21 09:38:30,.80, Kemiringan (roll) : -2.28
2026-05-21 09:38:30,.80, Kemiringan (roll) : -2.28
2026-05-21 09:38:30,.80, Kemiringan (roll) : -2.28
2026-05-21 09:38:30,.80, Kemiringan (roll) : -2.28
2026-05-21 09:38:30,.80, Kemiringan (roll) : -2.28
2026-05-21 09:38:30,.80, Kemiringan (roll) : -2.28
2026-05-21 09:38:30,.80, Kemiringan (roll) : -2.28
2026-05-21 09:38:30,.80, Kemiringan (roll) : -2.28
2026-05-21 09:38:30,.80, Kemiringan (roll) : -2.28
2026-05-21 09:38:30,.80, Kemiringan (roll) : -2.28
2026-05-21 09:38:30,.80, Kemiringan (roll) : -2.28
2026-05-21 09:38:30,.80, Kemiringan (roll) : -2.28
2026-05-21 09:38:30,.80, Kemiringan (roll) : -2.28
2026-05-21 09:38:30,.80, Kemiringan (roll) : -2.28
2026-05-21 09:38:30,.80, Kemiringan (roll) : -2.28
2026-05-21 09:38:30,.80, Kemiringan (roll) : -2.28
2026-05-21 09:38:30,.80, Kemiringan (roll) : -2.28
2026-05-21 09:38:30,.80, Kemiringan (roll) : -2.28
2026-05-21 09:38:30,.80, Kemiringan (roll) : -2.28
2026-05-21 09:38:30,.80, Kemiringan (roll) : -2.28
2026-05-21 09:38:30,.80, Kemiringan (roll) : -2.28
2026-05-21 09:38:30,.80, Kemiringan (roll) : -2.28
2026-05-21 09:38:30,.80, Kemiringan (roll) : -2.28
2026-05-21 09:38:30,.80, Kemiringan (roll) : -2.28
2026-05-21 09:38:30,.80, Kemiringan (roll) : -2.28
2026-05-21 09:38:30,.80, Kemiringan (roll) : -2.28
2026-05-21 09:38:30,.80, Kemiringan (roll) : -2.28
2026-05-21 09:38:30,.80, Kemiringan (roll) : -2.28
2026-05-21 09:38:30,.80, Kemiringan (roll) : -2.28
2026-05-21 09:38:30,.80, Kemiringan (roll) : -2.28
2026-05-21 09:38:30,.80, Kemiringan (roll) : -2.28
2026-05-21 09:38:30,.80, Kemiringan (roll) : -2.28
2026-05-21 09:38:30,.80, Kemiringan (roll) : -2.28
2026-05-21 09:38:30,.80, Kemiringan (roll) : -2.28
2026-05-21 09:38:30,.80, Kemiringan (roll) : -2.28
2026-05-21 09:38:30,.80, Kemiringan (roll) : -2.28
2026-05-21 09:38:30,.80, Kemiringan (roll) : -2.28
2026-05-21 09:38:30,.80, Kemiringan (roll) : -2.28
2026-05-21 09:38:30,.80, Kemiringan (roll) : -2.28
2026-05-21 09:38:30,.80, Kemiringan (roll) : -2.28
2026-05-21 09:38:30,.80, Kemiringan (roll) : -2.28
2026-05-21 09:38:30,.80, Kemiringan (roll) : -2.28
2026-05-21 09:38:30,.80, Kemiringan (roll) : -2.28
2026-05-21 09:38:30,.80, Kemiringan (roll) : -2.28
2026-05-21 09:38:30,.80, Kemiringan (roll) : -2.28
2026-05-21 09:38:30,.80, Kemiringan (roll) : -2.28
2026-05-21 09:38:30,.80, Kemiringan (roll) : -2.28
2026-05-21 09:38:30,.80, Kemiringan (roll) : -2.28
2026-05-21 09:38:30,.80, Kemiringan (roll) : -2.28
2026-05-21 09:38:30,.80, Kemiringan (roll) : -2.28
2026-05-21 09:38:30,.80, Kemiringan (roll) : -2.28
2026-05-21 09:38:30,.80, Kemiringan (roll) : -2.28
2026-05-21 09:38:30,.80, Kemiringan (roll) : -2.28
2026-05-21 09:38:30,.80, Kemiringan (roll) : -2.28
2026-05-21 09:38:30,.80, Kemiringan (roll) : -2.28
2026-05-21 09:38:30,.80, Kemiringan (roll) : -2.28
2026-05-21 09:38:30,.80, Kemiringan (roll) : -2.28
2026-05-21 09:38:30,.80, Kemiringan (roll) : -2.28
2026-05-21 09:38:30,.80, Kemiringan (roll) : -2.28
2026-05-21 09:38:30,.80, Kemiringan (roll) : -2.28
2026-05-21 09:38:30,.80, Kemiringan (roll) : -2.28
2026-05-21 09:38:30,.80, Kemiringan (roll) : -2.28
2026-05-21 09:38:30,.80, Kemiringan (roll) : -2.28
2026-05-21 09:38:30,.80, Kemiringan (roll) : -2.28
2026-05-21 09:38:30,.80, Kemiringan (roll) : -2.28
2026-05-21 09:38:30,.80, Kemiringan (roll) : -2.28
2026-05-21 09:38:30,.80, Kemiringan (roll) : -2.28
2026-05-21 09:38:30,.80, Kemiringan (roll) : -2.28
2026-05-21 09:38:30,.80, Kemiringan (roll) : -2.28
2026-05-21 09:38:30,.80, Kemiringan (roll) : -2.28
2026-05-21 09:38:30,.80, Kemiringan (roll) : -2.28
2026-05-21 09:38:30,.80, Kemiringan (roll) : -2.28
2026-05-21 09:38:30,.80, Kemiringan (roll) : -2.28
2026-05-21 09:38:30,.80, Kemiringan (roll) : -2.28
2026-05-21 09:38:30,.80, Kemiringan (roll) : -2.28
2026-05-21 09:38:30,.80, Kemiringan (roll) : -2.28
2026-05-21 09:38:30,.80, Kemiringan (roll) : -2.28
2026-05-21 09:38:30,.80, Kemiringan (roll) : -2.28
2026-05-21 09:38:30,.80, Kemiringan (roll) : -2.28
2026-05-21 09:38:30,.80, Kemiringan (roll) : -2.28
2026-05-21 09:38:30,.80, Kemiringan (roll) : -2.28
2026-05-21 09:38:30,.80, Kemiringan (roll) : -2.28
2026-05-21 09:38:30,.80, Kemiringan (roll) : -2.28
2026-05-21 09:38:30,.80, Kemiringan (roll) : -2.28
2026-05-21 09:38:30,.80, Kemiringan (roll) : -2.28
2026-05-21 09:38:30,.80, Kemiringan (roll) : -2.28
2026-05-21 09:38:30,.80, Kemiringan (roll) : -2.28
2026-05-21 09:38:30,.80, Kemiringan (roll) : -2.28
2026-05-21 09:38:30,.80, Kemiringan (roll) : -2.28
2026-05-21 09:38:30,.80, Kemiringan (roll) : -2.28
2026-05-21 09:38:30,.80, Kemiringan (roll) : -2.28
2026-05-21 09:38:30,.80, Kemiringan (roll) : -2.28
2026-05-21 09:38:30,.80, Kemiringan (roll) : -2.28
2026-05-21 09:38:30,.80, Kemiringan (roll) : -2.28
2026-05-21 09:38:30,.80, Kemiringan (roll) : -2.28
2026-05-21 09:38:30,.80, Kemiringan (roll) : -2.28
2026-05-21 09:38:30,.80, Kemiringan (roll) : -2.28
2026-05-21 09:38:30,.80, Kemiringan (roll) : -2.28
2026-05-21 09:38:30,.80, Kemiringan (roll) : -2.28
2026-05-21 09:38:30,.80, Kemiringan (roll) : -2.28
2026-05-21 09:38:30,.80, Kemiringan (roll) : -2.28
2026-05-21 09:38:30,.80, Kemiringan (roll) : -2.28
2026-05-21 09:38:30,.80, Kemiringan (roll) : -2.28
2026-05-21 09:38:30,.80, Kemiringan (roll) : -2.28
2026-05-21 09:38:30,.80, Kemiringan (roll) : -2.28
2026-05-21 09:38:30,.80, Kemiringan (roll) : -2.28
2026-05-21 09:38:30,.80, Kemiringan (roll) : -2.28
2026-05-21 09:38:30,.80, Kemiringan (roll) : -2.28
2026-05-21 09:38:30,.80, Kemiringan (roll) : -2.28
2026-05-21 09:38:30,.80, Kemiringan (roll) : -2.28
2026-05-21 09:38:30,.80, Kemiringan (roll) : -2.28
2026-05-21 09:38:30,.80, Kemiringan (roll) : -2.28
2026-05-21 09:38:30,.80, Kemiringan (roll) : -2.28
2026-05-21 09:38:30,.80, Kemiringan (roll) : -2.28
2026-05-21 09:38:30,.80, Kemiringan (roll) : -2.28
2026-05-21 09:38:30,.80, Kemiringan (roll) : -2.28
2026-05-21 09:38:30,.80, Kemiringan (roll) : -2.28
2026-05-21 09:38:30,.80, Kemiringan (roll) : -2.28
2026-05-21 09:38:30,.80, Kemiringan (roll) : -2.28
2026-05-21 09:38:30,.80, Kemiringan (roll) : -2.28
2026-05-21 09:38:30,.80, Kemiringan (roll) : -2.28
2026-05-21 09:38:30,.80, Kemiringan (roll) : -2.28
2026-05-21 09:38:30,.80, Kemiringan (roll) : -2.28
2026-05-21 09:38:30,.80, Kemiringan (roll) : -2.28
2026-05-21 09:38:30,.80, Kemiringan (roll) : -2.28
2026-05-21 09:38:30,.80, Kemiringan (roll) : -2.28
2026-05-21 09:38:30,.80, Kemiringan (roll) : -2.28
2026-05-21 09:38:30,.80, Kemiringan (roll) : -2.28
2026-05-21 09:38:30,.80, Kemiringan (roll) : -2.28
2026-05-21 09:38:30,.80, Kemiringan (roll) : -2.28
2026-05-21 09:38:30,.80, Kemiringan (roll) : -2.28
2026-05-21 09:38:30,.80, Kemiringan (roll) : -2.28
2026-05-21 09:38:30,.80, Kemiringan (roll) : -2.28
2026-05-21 09:38:30,.80, Kemiringan (roll) : -2.28
2026-05-21 09:38:30,.80, Kemiringan (roll) : -2.28
2026-05-21 09:38:30,.80, Kemiringan (roll) : -2.28
2026-05-21 09:38:30,.80, Kemiringan (roll) : -2.28
2026-05-21 09:38:30,.80, Kemiringan (roll) : -2.28
2026-05-21 09:38:30,.80, Kemiringan (roll) : -2.28
2026-05-21 09:38:30,.80, Kemiringan (roll) : -2.28
2026-05-21 09:38:30,.80, Kemiringan (roll) : -2.28
2026-05-21 09:38:30,.80, Kemiringan (roll) : -2.28
2026-05-21 09:38:30,.80, Kemiringan (roll) : -2.28
2026-05-21 09:38:30,.80, Kemiringan (roll) : -2.28
2026-05-21 09:38:30,.80, Kemiringan (roll) : -2.28
2026-05-21 09:38:30,.80, Kemiringan (roll) : -2.28
2026-05-21 09:38:30,.80, Kemiringan (roll) : -2.28
2026-05-21 09:38:30,.80, Kemiringan (roll) : -2.28
2026-05-21 09:38:30,.80, Kemiringan (roll) : -2.28
2026-05-21 09:38:30,.80, Kemiringan (roll) : -2.28
2026-05-21 09:38:30,.80, Kemiringan (roll) : -2.28
2026-05-21 09:38:30,.80, Kemiringan (roll) : -2.28
2026-05-21 09:38:30,.80, Kemiringan (roll) : -2.28
2026-05-21 09:38:30,.80, Kemiringan (roll) : -2.28
2026-05-21 09:38:30,.80, Kemiringan (roll) : -2.28
2026-05-21 09:38:30,.80, Kemiringan (roll) : -2.28
2026-05-21 09:38:30,.80, Kemiringan (roll) : -2.28
2026-05-21 09:38:30,.80, Kemiringan (roll) : -2.28
2026-05-21 09:38:30,.80, Kemiringan (roll) : -2.28
2026-05-21 09:38:30,.80, Kemiringan (roll) : -2.28
2026-05-21 09:38:30,.80, Kemiringan (roll) : -2.28
2026-05-21 09:38:30,.80, Kemiringan (roll) : -2.28
2026-05-21 09:38:30,.80, Kemiringan (roll) : -2.28
2026-05-21 09:38:30,.80, Kemiringan (roll) : -2.28
2026-05-21 09:38:30,.80, Kemiringan (roll) : -2.28
2026-05-21 09:38:30,.80, Kemiringan (roll) : -2.28
2026-05-21 09:38:30,.80, Kemiringan (roll) : -2.28
2026-05-21 09:38:30,.80, Kemiringan (roll) : -2.28
2026-05-21 09:38:30,.80, Kemiringan (roll) : -2.28
2026-05-21 09:38:30,.80, Kemiringan (roll) : -2.28
2026-05-21 09:38:30,.80, Kemiringan (roll) : -2.28
2026-05-21 09:38:30,.80, Kemiringan (roll) : -2.28
2026-05-21 09:38:30,.80, Kemiringan (roll) : -2.28
2026-05-21 09:38:30,.80, Kemiringan (roll) : -2.28
2026-05-21 09:38:30,.80, Kemiringan (roll) : -2.28
2026-05-21 09:38:30,.80, Kemiringan (roll) : -2.28
2026-05-21 09:38:30,.80, Kemiringan (roll) : -2.28
2026-05-21 09:38:30,.80, Kemiringan (roll) : -2.28
2026-05-21 09:38:30,.80, Kemiringan (roll) : -2.28
2026-05-21 09:38:30,.80, Kemiringan (roll) : -2.28
2026-05-21 09:38:30,.80, Kemiringan (roll) : -2.28
2026-05-21 09:38:30,.80, Kemiringan (roll) : -2.28
2026-05-21 09:38:30,.80, Kemiringan (roll) : -2.28
2026-05-21 09:38:30,.80, Kemiringan (roll) : -2.28
2026-05-21 09:38:30,.80, Kemiringan (roll) : -2.28
2026-05-21 09:38:30,.80, Kemiringan (roll) : -2.28
2026-05-21 09:38:30,.80, Kemiringan (roll) : -2.28
2026-05-21 09:38:30,.80, Kemiringan (roll) : -2.28
2026-05-21 09:38:30,.80, Kemiringan (roll) : -2.28
2026-05-21 09:38:30,.80, Kemiringan (roll) : -2.28
2026-05-21 09:38:30,.80, Kemiringan (roll) : -2.28
2026-05-21 09:38:30,.80, Kemiringan (roll) : -2.28
2026-05-21 09:38:30,.80, Kemiringan (roll) : -2.28
2026-05-21 09:38:30,.80, Kemiringan (roll) : -2.28
2026-05-21 09:38:30,.80, Kemiringan (roll) : -2.28
2026-05-21 09:38:30,.80, Kemiringan (roll) : -2.28
2026-05-21 09:38:30,.80, Kemiringan (roll) : -2.28
2026-05-21 09:38:30,.80, Kemiringan (roll) : -2.28
2026-05-21 09:38:30,.80, Kemiringan (roll) : -2.28
2026-05-21 09:38:30,.80, Kemiringan (roll) : -2.28
2026-05-21 09:38:30,.80, Kemiringan (roll) : -2.28
2026-05-21 09:38:30,.80, Kemiringan (roll) : -2.28
2026-05-21 09:38:30,.80, Kemiringan (roll) : -2.28
2026-05-21 09:38:30,.80, Kemiringan (roll) : -2.28
2026-05-21 09:38:30,.80, Kemiringan (roll) : -2.28
2026-05-21 09:38:30,.80, Kemiringan (roll) : -2.28
2026-05-21 09:38:30,.80, Kemiringan (roll) : -2.28
2026-05-21 09:38:30,.80, Kemiringan (roll) : -2.28
2026-05-21 09:38:30,.80, Kemiringan (roll) : -2.28
2026-05-21 09:38:30,.80, Kemiringan (roll) : -2.28
2026-05-21 09:38:30,.80, Kemiringan (roll) : -2.28
2026-05-21 09:38:30,.80, Kemiringan (roll) : -2.28
2026-05-21 09:38:30,.80, Kemiringan (roll) : -2.28
2026-05-21 09:38:30,.80, Kemiringan (roll) : -2.28
2026-05-21 09:38:30,.80, Kemiringan (roll) : -2.28
2026-05-21 09:38:30,.80, Kemiringan (roll) : -2.28
2026-05-21 09:38:30,.80, Kemiringan (roll) : -2.28
2026-05-21 09:38:30,.80, Kemiringan (roll) : -2.28
2026-05-21 09:38:30,.80, Kemiringan (roll) : -2.28
2026-05-21 09:38:30,.80, Kemiringan (roll) : -2.28
2026-05-21 09:38:30,.80, Kemiringan (roll) : -2.28
2026-05-21 09:38:30,.80, Kemiringan (roll) : -2.28
2026-05-21 09:38:30,.80, Kemiringan (roll) : -2.28
2026-05-21 09:38:30,.80, Kemiringan (roll) : -2.28
2026-05-21 09:38:30,.80, Kemiringan (roll) : -2.28
2026-05-21 09:38:30,.80, Kemiringan (roll) : -2.28
2026-05-21 09:38:30,.80, Kemiringan (roll) : -2.28
2026-05-21 09:38:30,.80, Kemiringan (roll) : -2.28
2026-05-21 09:38:30,.80, Kemiringan (roll) : -2.28
2026-05-21 09:38:30,.80, Kemiringan (roll) : -2.28
2026-05-21 09:38:30,.80, Kemiringan (roll) : -2.28
2026-05-21 09:38:30,.80, Kemiringan (roll) : -2.28
2026-05-21 09:38:30,.80, Kemiringan (roll) : -2.28
2026-05-21 09:38:30,.80, Kemiringan (roll) : -2.28
2026-05-21 09:38:30,.80, Kemiringan (roll) : -2.28
2026-05-21 09:38:30,.80, Kemiringan (roll) : -2.28
2026-05-21 09:38:30,.80, Kemiringan (roll) : -2.28
2026-05-21 09:38:30,.80, Kemiringan (roll) : -2.28
2026-05-21 09:38:30,.80, Kemiringan (roll) : -2.28
2026-05-21 09:38:30,.80, Kemiringan (roll) : -2.28
2026-05-21 09:38:30,.80, Kemiringan (roll) : -2.28
2026-05-21 09:38:30,.80, Kemiringan (roll) : -2.28
2026-05-21 09:38:30,.80, Kemiringan (roll) : -2.28
2026-05-21 09:38:30,.80, Kemiringan (roll) : -2.28
2026-05-21 09:38:30,.80, Kemiringan (roll) : -2.28
2026-05-21 09:38:30,.80, Kemiringan (roll) : -2.28
2026-05-21 09:38:30,.80, Kemiringan (roll) : -2.28
2026-05-21 09:38:30,.80, Kemiringan (roll) : -2.28
2026-05-21 09:38:30,.80, Kemiringan (roll) : -2.28
2026-05-21 09:38:30,.80, Kemiringan (roll) : -2.28
2026-05-21 09:38:30,.80, Kemiringan (roll) : -2.28
2026-05-21 09:38:30,.80, Kemiringan (roll) : -2.28
2026-05-21 09:38:30,.80, Kemiringan (roll) : -2.28
2026-05-21 09:38:30,.80, Kemiringan (roll) : -2.28
2026-05-21 09:38:30,.80, Kemiringan (roll) : -2.28
2026-05-21 09:38:30,.80, Kemiringan (roll) : -2.28
2026-05-21 09:38:30,.80, Kemiringan (roll) : -2.28
2026-05-21 09:38:30,.80, Kemiringan (roll) : -2.28
2026-05-21 09:38:30,.80, Kemiringan (roll) : -2.28
2026-05-21 09:38:30,.80, Kemiringan (roll) : -2.28
2026-05-21 09:38:30,.80, Kemiringan (roll) : -2.28
2026-05-21 09:38:30,.80, Kemiringan (roll) : -2.28
2026-05-21 09:38:30,.80, Kemiringan (roll) : -2.28
2026-05-21 09:38:30,.80, Kemiringan (roll) : -2.28
2026-05-21 09:38:30,.80, Kemiringan (roll) : -2.28
2026-05-21 09:38:30,.80, Kemiringan (roll) : -2.28
2026-05-21 09:38:30,.80, Kemiringan (roll) : -2.28
2026-05-21 09:38:30,.80, Kemiringan (roll) : -2.28
2026-05-21 09:38:30,.80, Kemiringan (roll) : -2.28
2026-05-21 09:38:30,.80, Kemiringan (roll) : -2.28
2026-05-21 09:38:30,.80, Kemiringan (roll) : -2.28
2026-05-21 09:38:30,.80, Kemiringan (roll) : -2.28
2026-05-21 09:38:30,.80, Kemiringan (roll) : -2.28
2026-05-21 09:38:30,.80, Kemiringan (roll) : -2.28
2026-05-21 09:38:30,.80, Kemiringan (roll) : -2.28
2026-05-21 09:38:30,.80, Kemiringan (roll) : -2.28
2026-05-21 09:38:30,.80, Kemiringan (roll) : -2.28
2026-05-21 09:38:30,.80, Kemiringan (roll) : -2.28
2026-05-21 09:38:30,.80, Kemiringan (roll) : -2.28
2026-05-21 09:38:30,.80, Kemiringan (roll) : -2.28
2026-05-21 09:38:30,.80, Kemiringan (roll) : -2.28
2026-05-21 09:38:30,.80, Kemiringan (roll) : -2.28
2026-05-21 09:38:30,.80, Kemiringan (roll) : -2.28
2026-05-21 09:38:30,.80, Kemiringan (roll) : -2.28
2026-05-21 09:38:30,.80, Kemiringan (roll) : -2.28
2026-05-21 09:38:30,.80, Kemiringan (roll) : -2.28
2026-05-21 09:38:30,.80, Kemiringan (roll) : -2.28
2026-05-21 09:38:30,.80, Kemiringan (roll) : -2.28
2026-05-21 09:38:30,.80, Kemiringan (roll) : -2.28
2026-05-21 09:38:30,.80, Kemiringan (roll) : -2.28
2026-05-21 09:38:30,.80, Kemiringan (roll) : -2.28
2026-05-21 09:38:30,.80, Kemiringan (roll) : -2.28
2026-05-21 09:38:30,.80, Kemiringan (roll) : -2.28
2026-05-21 09:38:30,.80, Kemiringan (roll) : -2.28
2026-05-21 09:38:30,.80, Kemiringan (roll) : -2.28
2026-05-21 09:38:30,.80, Kemiringan (roll) : -2.28
2026-05-21 09:38:30,.80, Kemiringan (roll) : -2.28
2026-05-21 09:38:30,.80, Kemiringan (roll) : -2.28
2026-05-21 09:38:30,.80, Kemiringan (roll) : -2.28
2026-05-21 09:38:30,.80, Kemiringan (roll) : -2.28
2026-05-21 09:38:30,.80, Kemiringan (roll) : -2.28
2026-05-21 09:38:30,.80, Kemiringan (roll) : -2.28
2026-05-21 09:38:30,.80, Kemiringan (roll) : -2.28
2026-05-21 09:38:30,.80, Kemiringan (roll) : -2.28
2026-05-21 09:38:30,.80, Kemiringan (roll) : -2.28
2026-05-21 09:38:30,.80, Kemiringan (roll) : -2.28
2026-05-21 09:38:30,.80, Kemiringan (roll) : -2.28
2026-05-21 09:38:30,.80, Kemiringan (roll) : -2.28
2026-05-21 09:38:30,.80, Kemiringan (roll) : -2.28
2026-05-21 09:38:30,.80, Kemiringan (roll) : -2.28
2026-05-21 09:38:30,.80, Kemiringan (roll) : -2.28
2026-05-21 09:38:30,.80, Kemiringan (roll) : -2.28
2026-05-21 09:38:30,.80, Kemiringan (roll) : -2.28
2026-05-21 09:38:30,.80, Kemiringan (roll) : -2.28
2026-05-21 09:38:30,.80, Kemiringan (roll) : -2.28
2026-05-21 09:38:30,.80, Kemiringan (roll) : -2.28
2026-05-21 09:38:30,.80, Kemiringan (roll) : -2.28
2026-05-21 09:38:30,.80, Kemiringan (roll) : -2.28
2026-05-21 09:38:30,.80, Kemiringan (roll) : -2.28
2026-05-21 09:38:30,.80, Kemiringan (roll) : -2.28
2026-05-21 09:38:30,.80, Kemiringan (roll) : -2.28
2026-05-21 09:38:30,.80, Kemiringan (roll) : -2.28
2026-05-21 09:38:30,.80, Kemiringan (roll) : -2.28
2026-05-21 09:38:30,.80, Kemiringan (roll) : -2.28
2026-05-21 09:38:30,.80, Kemiringan (roll) : -2.28
2026-05-21 09:38:30,.80, Kemiringan (roll) : -2.28
2026-05-21 09:38:30,.80, Kemiringan (roll) : -2.28
2026-05-21 09:38:30,.80, Kemiringan (roll) : -2.28
2026-05-21 09:38:30,.80, Kemiringan (roll) : -2.28
2026-05-21 09:38:30,.80, Kemiringan (roll) : -2.28
2026-05-21 09:38:30,.80, Kemiringan (roll) : -2.28
2026-05-21 09:38:30,.80, Kemiringan (roll) : -2.28
2026-05-21 09:38:30,.80, Kemiringan (roll) : -2.28
2026-05-21 09:38:30,.80, Kemiringan (roll) : -2.28
2026-05-21 09:38:30,.80, Kemiringan (roll) : -2.28
2026-05-21 09:38:30,.80, Kemiringan (roll) : -2.28
2026-05-21 09:38:30,.80, Kemiringan (roll) : -2.28
2026-05-21 09:38:30,.80, Kemiringan (roll) : -2.28
2026-05-21 09:38:30,.80, Kemiringan (roll) : -2.28
2026-05-21 09:38:30,.80, Kemiringan (roll) : -2.28
2026-05-21 09:38:30,.80, Kemiringan (roll) : -2.28
2026-05-21 09:38:30,.80, Kemiringan (roll) : -2.28
2026-05-21 09:38:30,.80, Kemiringan (roll) : -2.28
2026-05-21 09:38:30,.80, Kemiringan (roll) : -2.28
2026-05-21 09:38:30,.80, Kemiringan (roll) : -2.28
2026-05-21 09:38:30,.80, Kemiringan (roll) : -2.28
2026-05-21 09:38:30,.80, Kemiringan (roll) : -2.28
2026-05-21 09:38:30,.80, Kemiringan (roll) : -2.28
2026-05-21 09:38:30,.80, Kemiringan (roll) : -2.28
2026-05-21 09:38:30,.80, Kemiringan (roll) : -2.28
2026-05-21 09:38:30,.80, Kemiringan (roll) : -2.28
2026-05-21 09:38:30,.80, Kemiringan (roll) : -2.28
2026-05-21 09:38:30,.80, Kemiringan (roll) : -2.28
2026-05-21 09:38:30,.80, Kemiringan (roll) : -2.28
2026-05-21 09:38:30,.80, Kemiringan (roll) : -2.28
2026-05-21 09:38:30,.80, Kemiringan (roll) : -2.28
2026-05-21 09:38:30,.80, Kemiringan (roll) : -2.28
2026-05-21 09:38:30,.80, Kemiringan (roll) : -2.28
2026-05-21 09:38:30,.80, Kemiringan (roll) : -2.28
2026-05-21 09:38:30,.80, Kemiringan (roll) : -2.28
2026-05-21 09:38:30,.80, Kemiringan (roll) : -2.28
2026-05-21 09:38:30,.80, Kemiringan (roll) : -2.28
2026-05-21 09:38:30,.80, Kemiringan (roll) : -2.28
2026-05-21 09:38:30,.80, Kemiringan (roll) : -2.28
2026-05-21 09:38:30,.80, Kemiringan (roll) : -2.28
2026-05-21 09:38:30,.80, Kemiringan (roll) : -2.28
2026-05-21 09:38:30,.80, Kemiringan (roll) : -2.28
2026-05-21 09:38:30,.80, Kemiringan (roll) : -2.28
2026-05-21 09:38:30,.80, Kemiringan (roll) : -2.28
2026-05-21 09:38:30,.80, Kemiringan (roll) : -2.28
2026-05-21 09:38:30,.80, Kemiringan (roll) : -2.28
2026-05-21 09:38:30,.80, Kemiringan (roll) : -2.28
2026-05-21 09:38:30,.80, Kemiringan (roll) : -2.28
2026-05-21 09:38:30,.80, Kemiringan (roll) : -2.28
2026-05-21 09:38:30,.80, Kemiringan (roll) : -2.28
2026-05-21 09:38:30,.80, Kemiringan (roll) : -2.28
2026-05-21 09:38:30,.80, Kemiringan (roll) : -2.28
2026-05-21 09:38:30,.80, Kemiringan (roll) : -2.28
2026-05-21 09:38:30,.80, Kemiringan (roll) : -2.28
2026-05-21 09:38:30,.80, Kemiringan (roll) : -2.28
2026-05-21 09:38:30,.80, Kemiringan (roll) : -2.28
2026-05-21 09:38:30,.80, Kemiringan (roll) : -2.28
2026-05-21 09:38:30,.80, Kemiringan (roll) : -2.28
2026-05-21 09:38:30,.80, Kemiringan (roll) : -2.28
2026-05-21 09:38:30,.80, Kemiringan (roll) : -2.28
2026-05-21 09:38:30,.80, Kemiringan (roll) : -2.28
2026-05-21 09:38:30,.80, Kemiringan (roll) : -2.28
2026-05-21 09:38:30,.80, Kemiringan (roll) : -2.28
2026-05-21 09:38:30,.80, Kemiringan (roll) : -2.28
2026-05-21 09:38:30,.80, Kemiringan (roll) : -2.28
2026-05-21 09:38:30,.80, Kemiringan (roll) : -2.28
2026-05-21 09:38:30,.80, Kemiringan (roll) : -2.28
2026-05-21 09:38:30,.80, Kemiringan (roll) : -2.28
2026-05-21 09:38:30,.80, Kemiringan (roll) : -2.28
2026-05-21 09:38:30,.80, Kemiringan (roll) : -2.28
2026-05-21 09:38:30,.80, Kemiringan (roll) : -2.28
2026-05-21 09:38:30,.80, Kemiringan (roll) : -2.28
2026-05-21 09:38:30,.80, Kemiringan (roll) : -2.28
2026-05-21 09:38:30,.80, Kemiringan (roll) : -2.28
2026-05-21 09:38:30,.80, Kemiringan (roll) : -2.28
2026-05-21 09:38:30,.80, Kemiringan (roll) : -2.28
2026-05-21 09:38:30,.80, Kemiringan (roll) : -2.28
2026-05-21 09:38:30,.80, Kemiringan (roll) : -2.28
2026-05-21 09:38:30,.80, Kemiringan (roll) : -2.28
2026-05-21 09:38:30,.80, Kemiringan (roll) : -2.28
2026-05-21 09:38:30,.80, Kemiringan (roll) : -2.28
2026-05-21 09:38:30,.80, Kemiringan (roll) : -2.28
2026-05-21 09:38:30,.80, Kemiringan (roll) : -2.28
2026-05-21 09:38:30,.80, Kemiringan (roll) : -2.28
2026-05-21 09:38:30,.80, Kemiringan (roll) : -2.28
2026-05-21 09:38:30,.80, Kemiringan (roll) : -2.28
2026-05-21 09:38:30,.80, Kemiringan (roll) : -2.28
2026-05-21 09:38:30,.80, Kemiringan (roll) : -2.28
2026-05-21 09:38:30,.80, Kemiringan (roll) : -2.28
2026-05-21 09:38:30,.80, Kemiringan (roll) : -2.28
2026-05-21 09:38:30,.80, Kemiringan (roll) : -2.28
2026-05-21 09:38:30,.80, Kemiringan (roll) : -2.28
2026-05-21 09:38:30,.80, Kemiringan (roll) : -2.28
2026-05-21 09:38:30,.80, Kemiringan (roll) : -2.28
2026-05-21 09:38:30,.80, Kemiringan (roll) : -2.28
2026-05-21 09:38:30,.80, Kemiringan (roll) : -2.28
2026-05-21 09:38:30,.80, Kemiringan (roll) : -2.28
2026-05-21 09:38:30,.80, Kemiringan (roll) : -2.28
2026-05-21 09:38:30,.80, Kemiringan (roll) : -2.28
2026-05-21 09:38:30,.80, Kemiringan (roll) : -2.28
2026-05-21 09:38:30,.80, Kemiringan (roll) : -2.28
2026-05-21 09:38:30,.80, Kemiringan (roll) : -2.28
2026-05-21 09:38:30,.80, Kemiringan (roll) : -2.28
2026-05-21 09:38:30,.80, Kemiringan (roll) : -2.28
2026-05-21 09:38:30,.80, Kemiringan (roll) : -2.28
2026-05-21 09:38:30,.80, Kemiringan (roll) : -2.28
2026-05-21 09:38:30,.80, Kemiringan (roll) : -2.28
2026-05-21 09:38:30,.80, Kemiringan (roll) : -2.28
2026-05-21 09:38:30,.80, Kemiringan (roll) : -2.28
2026-05-21 09:38:30,.80, Kemiringan (roll) : -2.28
2026-05-21 09:38:30,.80, Kemiringan (roll) : -2.28
2026-05-21 09:38:30,.80, Kemiringan (roll) : -2.28
2026-05-21 09:38:30,.80, Kemiringan (roll) : -2.28
2026-05-21 09:38:30,.80, Kemiringan (roll) : -2.28
2026-05-21 09:38:30,.80, Kemiringan (roll) : -2.28
2026-05-21 09:38:30,.80, Kemiringan (roll) : -2.28
2026-05-21 09:38:30,.80, Kemiringan (roll) : -2.28
2026-05-21 09:38:30,.80, Kemiringan (roll) : -2.28
2026-05-21 09:38:30,.80, Kemiringan (roll) : -2.28
2026-05-21 09:38:30,.80, Kemiringan (roll) : -2.28
2026-05-21 09:38:30,.80, Kemiringan (roll) : -2.28
2026-05-21 09:38:30,.80, Kemiringan (roll) : -2.28
2026-05-21 09:38:30,.80, Kemiringan (roll) : -2.28
2026-05-21 09:38:30,.80, Kemiringan (roll) : -2.28
2026-05-21 09:38:30,.80, Kemiringan (roll) : -2.28
2026-05-21 09:38:30,.80, Kemiringan (roll) : -2.28
2026-05-21 09:38:30,.80, Kemiringan (roll) : -2.28
2026-05-21 09:38:30,.80, Kemiringan (roll) : -2.28
2026-05-21 09:38:30,.80, Kemiringan (roll) : -2.28
2026-05-21 09:38:30,.80, Kemiringan (roll) : -2.28
2026-05-21 09:38:30,.80, Kemiringan (roll) : -2.28
2026-05-21 09:38:30,.80, Kemiringan (roll) : -2.28
2026-05-21 09:38:30,.80, Kemiringan (roll) : -2.28
2026-05-21 09:38:30,.80, Kemiringan (roll) : -2.28
2026-05-21 09:38:30,.80, Kemiringan (roll) : -2.28
2026-05-21 09:38:30,.80, Kemiringan (roll) : -2.28
2026-05-21 09:38:30,.80, Kemiringan (roll) : -2.28
2026-05-21 09:38:30,.80, Kemiringan (roll) : -2.28
2026-05-21 09:38:30,.80, Kemiringan (roll) : -2.28
2026-05-21 09:38:30,.80, Kemiringan (roll) : -2.28
2026-05-21 09:38:30,.80, Kemiringan (roll) : -2.28
2026-05-21 09:38:30,.80, Kemiringan (roll) : -2.28
2026-05-21 09:38:30,.80, Kemiringan (roll) : -2.28
2026-05-21 09:38:30,.80, Kemiringan (roll) : -2.28
2026-05-21 09:38:30,.80, Kemiringan (roll) : -2.28
2026-05-21 09:38:30,.80, Kemiringan (roll) : -2.28
2026-05-21 09:38:30,.80, Kemiringan (roll) : -2.28
2026-05-21 09:38:30,.80, Kemiringan (roll) : -2.28
2026-05-21 09:38:30,.80, Kemiringan (roll) : -2.28
2026-05-21 09:38:30,.80, Kemiringan (roll) : -2.28
2026-05-21 09:38:30,.80, Kemiringan (roll) : -2.28
2026-05-21 09:38:30,.80, Kemiringan (roll) : -2.28
2026-05-21 09:38:30,.80, Kemiringan (roll) : -2.28
2026-05-21 09:38:30,.80, Kemiringan (roll) : -2.28
2026-05-21 09:38:30,.80, Kemiringan (roll) : -2.28
2026-05-21 09:38:30,.80, Kemiringan (roll) : -2.28
2026-05-21 09:38:30,.80, Kemiringan (roll) : -2.28
2026-05-21 09:38:30,.80, Kemiringan (roll) : -2.28
2026-05-21 09:38:30,.80, Kemiringan (roll) : -2.28
2026-05-21 09:38:30,.80, Kemiringan (roll) : -2.28
2026-05-21 09:38:30,.80, Kemiringan (roll) : -2.28
2026-05-21 09:38:30,.80, Kemiringan (roll) : -2.28
2026-05-21 09:38:30,.80, Kemiringan (roll) : -2.28
2026-05-21 09:38:30,.80, Kemiringan (roll) : -2.28
2026-05-21 09:38:30,.80, Kemiringan (roll) : -2.28
2026-05-21 09:38:30,.80, Kemiringan (roll) : -2.28
2026-05-21 09:38:30,.80, Kemiringan (roll) : -2.28
2026-05-21 09:38:30,.80, Kemiringan (roll) : -2.28
2026-05-21 09:38:30,.80, Kemiringan (roll) : -2.28
2026-05-21 09:38:30,.80, Kemiringan (roll) : -2.28
2026-05-21 09:38:30,.80, Kemiringan (roll) : -2.28
2026-05-21 09:38:30,.80, Kemiringan (roll) : -2.28
2026-05-21 09:38:30,.80, Kemiringan (roll) : -2.28
2026-05-21 09:38:30,.80, Kemiringan (roll) : -2.28
2026-05-21 09:38:30,.80, Kemiringan (roll) : -2.28
2026-05-21 09:38:30,.80, Kemiringan (roll) : -2.28
2026-05-21 09:38:30,.80, Kemiringan (roll) : -2.28
2026-05-21 09:38:30,.80, Kemiringan (roll) : -2.28
2026-05-21 09:38:30,.80, Kemiringan (roll) : -2.28
2026-05-21 09:38:30,.80, Kemiringan (roll) : -2.28
2026-05-21 09:38:30,.80, Kemiringan (roll) : -2.28
2026-05-21 09:38:30,.80, Kemiringan (roll) : -2.28
2026-05-21 09:38:30,.80, Kemiringan (roll) : -2.28
2026-05-21 09:38:30,.80, Kemiringan (roll) : -2.28
2026-05-21 09:38:30,.80, Kemiringan (roll) : -2.28
2026-05-21 09:38:30,.80, Kemiringan (roll) : -2.28
2026-05-21 09:38:30,.80, Kemiringan (roll) : -2.28
2026-05-21 09:38:30,.80, Kemiringan (roll) : -2.28
2026-05-21 09:38:30,.80, Kemiringan (roll) : -2.28
2026-05-21 09:38:30,.80, Kemiringan (roll) : -2.28
2026-05-21 09:38:30,.80, Kemiringan (roll) : -2.28
2026-05-21 09:38:30,.80, Kemiringan (roll) : -2.28
2026-05-21 09:38:30,.80, Kemiringan (roll) : -2.28
2026-05-21 09:38:30,.80, Kemiringan (roll) : -2.28
2026-05-21 09:38:30,.80, Kemiringan (roll) : -2.28
2026-05-21 09:38:30,.80, Kemiringan (roll) : -2.28
2026-05-21 09:38:30,.80, Kemiringan (roll) : -2.28
2026-05-21 09:38:30,.80, Kemiringan (roll) : -2.28
2026-05-21 09:38:30,.80, Kemiringan (roll) : -2.28
2026-05-21 09:38:30,.80, Kemiringan (roll) : -2.28
2026-05-21 09:38:30,.80, Kemiringan (roll) : -2.28
2026-05-21 09:38:30,.80, Kemiringan (roll) : -2.28
2026-05-21 09:38:30,.80, Kemiringan (roll) : -2.28
2026-05-21 09:38:30,.80, Kemiringan (roll) : -2.28
2026-05-21 09:38:30,.80, Kemiringan (roll) : -2.28
2026-05-21 09:38:30,.80, Kemiringan (roll) : -2.28
2026-05-21 09:38:30,.80, Kemiringan (roll) : -2.28
2026-05-21 09:38:30,.80, Kemiringan (roll) : -2.28
2026-05-21 09:38:30,.80, Kemiringan (roll) : -2.28
2026-05-21 09:38:30,.80, Kemiringan (roll) : -2.28
2026-05-21 09:38:30,.80, Kemiringan (roll) : -2.28
2026-05-21 09:38:30,.80, Kemiringan (roll) : -2.28
2026-05-21 09:38:30,.80, Kemiringan (roll) : -2.28
2026-05-21 09:38:30,.80, Kemiringan (roll) : -2.28
2026-05-21 09:38:30,.80, Kemiringan (roll) : -2.28
2026-05-21 09:38:30,.80, Kemiringan (roll) : -2.28
2026-05-21 09:38:30,.80, Kemiringan (roll) : -2.28
2026-05-21 09:38:30,.80, Kemiringan (roll) : -2.28
2026-05-21 09:38:30,.80, Kemiringan (roll) : -2.28
2026-05-21 09:38:30,.80, Kemiringan (roll) : -2.28
2026-05-21 09:38:30,.80, Kemiringan (roll) : -2.28
2026-05-21 09:38:30,.80, Kemiringan (roll) : -2.28
2026-05-21 09:38:30,.80, Kemiringan (roll) : -2.28
2026-05-21 09:38:30,.80, Kemiringan (roll) : -2.28
2026-05-21 09:38:30,.80, Kemiringan (roll) : -2.28
2026-05-21 09:38:30,.80, Kemiringan (roll) : -2.28
2026-05-21 09:38:30,.80, Kemiringan (roll) : -2.28
2026-05-21 09:38:30,.80, Kemiringan (roll) : -2.28
2026-05-21 09:38:30,.80, Kemiringan (roll) : -2.28
2026-05-21 09:38:30,.80, Kemiringan (roll) : -2.28
2026-05-21 09:38:30,.80, Kemiringan (roll) : -2.28
2026-05-21 09:38:30,.80, Kemiringan (roll) : -2.28
2026-05-21 09:38:30,.80, Kemiringan (roll) : -2.28
2026-05-21 09:38:30,.80, Kemiringan (roll) : -2.28
2026-05-21 09:38:30,.80, Kemiringan (roll) : -2.28
2026-05-21 09:38:30,.80, Kemiringan (roll) : -2.28
2026-05-21 09:38:30,.80, Kemiringan (roll) : -2.28
2026-05-21 09:38:30,.80, Kemiringan (roll) : -2.28
2026-05-21 09:38:30,.80, Kemiringan (roll) : -2.28
2026-05-21 09:38:30,.80, Kemiringan (roll) : -2.28
2026-05-21 09:38:30,.80, Kemiringan (roll) : -2.28
2026-05-21 09:38:30,.80, Kemiringan (roll) : -2.28
2026-05-21 09:38:30,.80, Kemiringan (roll) : -2.28
2026-05-21 09:38:30,.80, Kemiringan (roll) : -2.28
2026-05-21 09:38:30,.80, Kemiringan (roll) : -2.28
2026-05-21 09:38:30,.80, Kemiringan (roll) : -2.28
2026-05-21 09:38:30,.80, Kemiringan (roll) : -2.28
2026-05-21 09:38:30,.80, Kemiringan (roll) : -2.28
2026-05-21 09:38:30,.80, Kemiringan (roll) : -2.28
2026-05-21 09:38:30,.80, Kemiringan (roll) : -2.28
2026-05-21 09:38:30,.80, Kemiringan (roll) : -2.28
2026-05-21 09:38:30,.80, Kemiringan (roll) : -2.28
2026-05-21 09:38:30,.80, Kemiringan (roll) : -2.28
2026-05-21 09:38:30,.80, Kemiringan (roll) : -2.28
2026-05-21 09:38:30,.80, Kemiringan (roll) : -2.28
2026-05-21 09:38:30,.80, Kemiringan (roll) : -2.28
2026-05-21 09:38:30,.80, Kemiringan (roll) : -2.28
2026-05-21 09:38:30,.80, Kemiringan (roll) : -2.28
2026-05-21 09:38:30,.80, Kemiringan (roll) : -2.28
2026-05-21 09:38:30,.80, Kemiringan (roll) : -2.28
2026-05-21 09:38:30,.80, Kemiringan (roll) : -2.28
2026-05-21 09:38:30,.80, Kemiringan (roll) : -2.28
2026-05-21 09:38:30,.80, Kemiringan (roll) : -2.28
2026-05-21 09:38:30,.80, Kemiringan (roll) : -2.28
2026-05-21 09:38:30,.80, Kemiringan (roll) : -2.28
2026-05-21 09:38:30,.80, Kemiringan (roll) : -2.28
2026-05-21 09:38:30,.80, Kemiringan (roll) : -2.28
2026-05-21 09:38:30,.80, Kemiringan (roll) : -2.28
2026-05-21 09:38:30,.80, Kemiringan (roll) : -2.28
2026-05-21 09:38:30,.80, Kemiringan (roll) : -2.28
2026-05-21 09:38:30,.80, Kemiringan (roll) : -2.28
2026-05-21 09:38:30,.80, Kemiringan (roll) : -2.28
2026-05-21 09:38:30,.80, Kemiringan (roll) : -2.28
2026-05-21 09:38:30,.80, Kemiringan (roll) : -2.28
2026-05-21 09:38:30,.80, Kemiringan (roll) : -2.28
2026-05-21 09:38:30,.80, Kemiringan (roll) : -2.28
2026-05-21 09:38:30,.80, Kemiringan (roll) : -2.28
2026-05-21 09:38:30,.80, Kemiringan (roll) : -2.28
2026-05-21 09:38:30,.80, Kemiringan (roll) : -2.28
2026-05-21 09:38:30,.80, Kemiringan (roll) : -2.28
2026-05-21 09:38:30,.80, Kemiringan (roll) : -2.28
2026-05-21 09:38:30,.80, Kemiringan (roll) : -2.28
2026-05-21 09:38:30,.80, Kemiringan (roll) : -2.28
2026-05-21 09:38:30,.80, Kemiringan (roll) : -2.28
2026-05-21 09:38:30,.80, Kemiringan (roll) : -2.28
2026-05-21 09:38:30,.80, Kemiringan (roll) : -2.28
2026-05-21 09:38:30,.80, Kemiringan (roll) : -2.28
2026-05-21 09:38:30,.80, Kemiringan (roll) : -2.28
2026-05-21 09:38:30,.80, Kemiringan (roll) : -2.28
2026-05-21 09:38:30,.80, Kemiringan (roll) : -2.28
2026-05-21 09:38:30,.80, Kemiringan (roll) : -2.28
2026-05-21 09:38:30,.80, Kemiringan (roll) : -2.28
2026-05-21 09:38:30,.80, Kemiringan (roll) : -2.28
2026-05-21 09:38:30,.80, Kemiringan (roll) : -2.28
2026-05-21 09:38:30,.80, Kemiringan (roll) : -2.28
2026-05-21 09:38:30,.80, Kemiringan (roll) : -2.28
2026-05-21 09:38:30,.80, Kemiringan (roll) : -2.28
2026-05-21 09:38:30,.80, Kemiringan (roll) : -2.28
2026-05-21 09:38:30,.80, Kemiringan (roll) : -2.28
2026-05-21 09:38:30,.80, Kemiringan (roll) : -2.28
2026-05-21 09:38:30,.80, Kemiringan (roll) : -2.28
2026-05-21 09:38:30,.80, Kemiringan (roll) : -2.28
2026-05-21 09:38:30,.80, Kemiringan (roll) : -2.28
2026-05-21 09:38:30,.80, Kemiringan (roll) : -2.28
2026-05-21 09:38:30,.80, Kemiringan (roll) : -2.28
2026-05-21 09:38:30,.80, Kemiringan (roll) : -2.28
2026-05-21 09:38:30,.80, Kemiringan (roll) : -2.28
2026-05-21 09:38:30,.80, Kemiringan (roll) : -2.28
2026-05-21 09:38:30,.80, Kemiringan (roll) : -2.28
2026-05-21 09:38:30,.80, Kemiringan (roll) : -2.28
2026-05-21 09:38:30,.80, Kemiringan (roll) : -2.28
2026-05-21 09:38:30,.80, Kemiringan (roll) : -2.28
2026-05-21 09:38:30,.80, Kemiringan (roll) : -2.28
2026-05-21 09:38:30,.80, Kemiringan (roll) : -2.28
2026-05-21 09:38:30,.80, Kemiringan (roll) : -2.28
2026-05-21 09:38:30,.80, Kemiringan (roll) : -2.28
2026-05-21 09:38:30,.80, Kemiringan (roll) : -2.28
2026-05-21 09:38:30,.80, Kemiringan (roll) : -2.28
2026-05-21 09:38:30,.80, Kemiringan (roll) : -2.28
2026-05-21 09:38:30,.80, Kemiringan (roll) : -2.28
2026-05-21 09:38:30,.80, Kemiringan (roll) : -2.28
2026-05-21 09:38:30,.80, Kemiringan (roll) : -2.28
2026-05-21 09:38:30,.80, Kemiringan (roll) : -2.28
2026-05-21 09:38:30,.80, Kemiringan (roll) : -2.28
2026-05-21 09:38:30,.80, Kemiringan (roll) : -2.28
2026-05-21 09:38:30,.80, Kemiringan (roll) : -2.28
2026-05-21 09:38:30,.80, Kemiringan (roll) : -2.28
2026-05-21 09:38:30,.80, Kemiringan (roll) : -2.28
2026-05-21 09:38:30,.80, Kemiringan (roll) : -2.28
2026-05-21 09:38:30,.80, Kemiringan (roll) : -2.28
2026-05-21 09:38:30,.80, Kemiringan (roll) : -2.28
2026-05-21 09:38:30,.80, Kemiringan (roll) : -2.28
2026-05-21 09:38:30,.80, Kemiringan (roll) : -2.28
2026-05-21 09:38:30,.80, Kemiringan (roll) : -2.28
2026-05-21 09:38:30,.80, Kemiringan (roll) : -2.28
2026-05-21 09:38:30,.80, Kemiringan (roll) : -2.28
2026-05-21 09:38:30,.80, Kemiringan (roll) : -2.28
2026-05-21 09:38:30,.80, Kemiringan (roll) : -2.28
2026-05-21 09:38:30,.80, Kemiringan (roll) : -2.28
2026-05-21 09:38:30,.80, Kemiringan (roll) : -2.28
2026-05-21 09:38:30,.80, Kemiringan (roll) : -2.28
2026-05-21 09:38:30,.80, Kemiringan (roll) : -2.28
2026-05-21 09:38:30,.80, Kemiringan (roll) : -2.28
2026-05-21 09:38:30,.80, Kemiringan (roll) : -2.28
2026-05-21 09:38:30,.80, Kemiringan (roll) : -2.28
2026-05-21 09:38:30,.80, Kemiringan (roll) : -2.28
2026-05-21 09:38:30,.80, Kemiringan (roll) : -2.28
2026-05-21 09:38:30,.80, Kemiringan (roll) : -2.28
2026-05-21 09:38:30,.80, Kemiringan (roll) : -2.28
2026-05-21 09:38:30,.80, Kemiringan (roll) : -2.28
2026-05-21 09:38:30,.80, Kemiringan (roll) : -2.28
2026-05-21 09:38:30,.80, Kemiringan (roll) : -2.28
2026-05-21 09:38:30,.80, Kemiringan (roll) : -2.28
2026-05-21 09:38:30,.80, Kemiringan (roll) : -2.28
2026-05-21 09:38:30,.80, Kemiringan (roll) : -2.28
2026-05-21 09:38:30,.80, Kemiringan (roll) : -2.28
2026-05-21 09:38:30,.80, Kemiringan (roll) : -2.28
2026-05-21 09:38:30,.80, Kemiringan (roll) : -2.28
2026-05-21 09:38:30,.80, Kemiringan (roll) : -2.28
2026-05-21 09:38:30,.80, Kemiringan (roll) : -2.28
2026-05-21 09:38:30,.80, Kemiringan (roll) : -2.28
2026-05-21 09:38:30,.80, Kemiringan (roll) : -2.28
2026-05-21 09:38:30,.80, Kemiringan (roll) : -2.28
2026-05-21 09:38:30,.80, Kemiringan (roll) : -2.28
2026-05-21 09:38:30,.80, Kemiringan (roll) : -2.28
2026-05-21 09:38:30,.80, Kemiringan (roll) : -2.28
2026-05-21 09:38:30,.80, Kemiringan (roll) : -2.28
2026-05-21 09:38:30,.80, Kemiringan (roll) : -2.28
2026-05-21 09:38:30,.80, Kemiringan (roll) : -2.28
2026-05-21 09:38:30,.80, Kemiringan (roll) : -2.28
2026-05-21 09:38:30,.80, Kemiringan (roll) : -2.28
2026-05-21 09:38:30,.80, Kemiringan (roll) : -2.28
2026-05-21 09:38:30,.80, Kemiringan (roll) : -2.28
2026-05-21 09:38:30,.80, Kemiringan (roll) : -2.28
2026-05-21 09:38:30,.80, Kemiringan (roll) : -2.28
2026-05-21 09:38:30,.80, Kemiringan (roll) : -2.28
2026-05-21 09:38:30,.80, Kemiringan (roll) : -2.28
2026-05-21 09:38:30,.80, Kemiringan (roll) : -2.28
2026-05-21 09:38:30,.80, Kemiringan (roll) : -2.28
2026-05-21 09:38:30,.80, Kemiringan (roll) : -2.28
2026-05-21 09:38:30,.80, Kemiringan (roll) : -2.28
2026-05-21 09:38:30,.80, Kemiringan (roll) : -2.28
2026-05-21 09:38:30,.80, Kemiringan (roll) : -2.28
2026-05-21 09:38:30,.80, Kemiringan (roll) : -2.28
2026-05-21 09:38:30,.80, Kemiringan (roll) : -2.28
2026-05-21 09:38:30,.80, Kemiringan (roll) : -2.28
2026-05-21 09:38:30,.80, Kemiringan (roll) : -2.28
2026-05-21 09:38:30,.80, Kemiringan (roll) : -2.28
2026-05-21 09:38:30,.80, Kemiringan (roll) : -2.28
2026-05-21 09:38:30,.80, Kemiringan (roll) : -2.28
2026-05-21 09:38:30,.80, Kemiringan (roll) : -2.28
2026-05-21 09:38:30,.80, Kemiringan (roll) : -2.28
2026-05-21 09:38:30,.80, Kemiringan (roll) : -2.28
2026-05-21 09:38:30,.80, Kemiringan (roll) : -2.28
2026-05-21 09:38:30,.80, Kemiringan (roll) : -2.28
2026-05-21 09:38:30,.80, Kemiringan (roll) : -2.28
2026-05-21 09:38:30,.80, Kemiringan (roll) : -2.28
2026-05-21 09:38:30,.80, Kemiringan (roll) : -2.28
2026-05-21 09:38:30,.80, Kemiringan (roll) : -2.28
2026-05-21 09:38:30,.80, Kemiringan (roll) : -2.28
2026-05-21 09:38:30,.80, Kemiringan (roll) : -2.28
2026-05-21 09:38:30,.80, Kemiringan (roll) : -2.28
2026-05-21 09:38:30,.80, Kemiringan (roll) : -2.28
2026-05-21 09:38:30,.80, Kemiringan (roll) : -2.28
2026-05-21 09:38:30,.80, Kemiringan (roll) : -2.28
2026-05-21 09:38:30,.80, Kemiringan (roll) : -2.28
2026-05-21 09:38:30,.80, Kemiringan (roll) : -2.28
2026-05-21 09:38:30,.80, Kemiringan (roll) : -2.28
2026-05-21 09:38:30,.80, Kemiringan (roll) : -2.28
2026-05-21 09:38:30,.80, Kemiringan (roll) : -2.28
2026-05-21 09:38:30,.80, Kemiringan (roll) : -2.28
2026-05-21 09:38:30,.80, Kemiringan (roll) : -2.28
2026-05-21 09:38:30,.80, Kemiringan (roll) : -2.28
2026-05-21 09:38:30,.80, Kemiringan (roll) : -2.28
2026-05-21 09:38:30,.80, Kemiringan (roll) : -2.28
2026-05-21 09:38:30,.80, Kemiringan (roll) : -2.28
2026-05-21 09:38:30,.80, Kemiringan (roll) : -2.28
2026-05-21 09:38:30,.80, Kemiringan (roll) : -2.28
2026-05-21 09:38:30,.80, Kemiringan (roll) : -2.28
2026-05-21 09:38:30,.80, Kemiringan (roll) : -2.28
2026-05-21 09:38:30,.80, Kemiringan (roll) : -2.28
2026-05-21 09:38:30,.80, Kemiringan (roll) : -2.28
2026-05-21 09:38:30,.80, Kemiringan (roll) : -2.28
2026-05-21 09:38:30,.80, Kemiringan (roll) : -2.28
2026-05-21 09:38:30,.80, Kemiringan (roll) : -2.28
2026-05-21 09:38:30,.80, Kemiringan (roll) : -2.28
2026-05-21 09:38:30,.80, Kemiringan (roll) : -2.28
2026-05-21 09:38:30,.80, Kemiringan (roll) : -2.28
2026-05-21 09:38:30,.80, Kemiringan (roll) : -2.28
2026-05-21 09:38:30,.80, Kemiringan (roll) : -2.28
2026-05-21 09:38:30,.80, Kemiringan (roll) : -2.28
2026-05-21 09:38:30,.80, Kemiringan (roll) : -2.28
2026-05-21 09:38:30,.80, Kemiringan (roll) : -2.28
2026-05-21 09:38:30,.80, Kemiringan (roll) : -2.28
2026-05-21 09:38:30,.80, Kemiringan (roll) : -2.28
2026-05-21 09:38:30,.80, Kemiringan (roll) : -2.28
2026-05-21 09:38:30,.80, Kemiringan (roll) : -2.28
2026-05-21 09:38:30,.80, Kemiringan (roll) : -2.28
2026-05-21 09:38:30,.80, Kemiringan (roll) : -2.28
2026-05-21 09:38:30,.80, Kemiringan (roll) : -2.28
2026-05-21 09:38:30,.80, Kemiringan (roll) : -2.28
2026-05-21 09:38:30,.80, Kemiringan (roll) : -2.28
2026-05-21 09:38:30,.80, Kemiringan (roll) : -2.28
2026-05-21 09:38:30,.80, Kemiringan (roll) : -2.28
2026-05-21 09:38:30,.80, Kemiringan (roll) : -2.28
2026-05-21 09:38:30,.80, Kemiringan (roll) : -2.28
2026-05-21 09:38:30,.80, Kemiringan (roll) : -2.28
2026-05-21 09:38:30,.80, Kemiringan (roll) : -2.28
2026-05-21 09:38:30,.80, Kemiringan (roll) : -2.28
2026-05-21 09:38:30,.80, Kemiringan (roll) : -2.28
2026-05-21 09:38:30,.80, Kemiringan (roll) : -2.28
2026-05-21 09:38:30,.80, Kemiringan (roll) : -2.28
2026-05-21 09:38:30,.80, Kemiringan (roll) : -2.28
2026-05-21 09:38:30,.80, Kemiringan (roll) : -2.28
2026-05-21 09:38:30,.80, Kemiringan (roll) : -2.28
2026-05-21 09:38:30,.80, Kemiringan (roll) : -2.28
2026-05-21 09:38:30,.80, Kemiringan (roll) : -2.28
2026-05-21 09:38:30,.80, Kemiringan (roll) : -2.28
2026-05-21 09:38:30,.80, Kemiringan (roll) : -2.28
2026-05-21 09:38:30,.80, Kemiringan (roll) : -2.28
2026-05-21 09:38:30,.80, Kemiringan (roll) : -2.28
2026-05-21 09:38:30,.80, Kemiringan (roll) : -2.28
2026-05-21 09:38:30,.80, Kemiringan (roll) : -2.28
2026-05-21 09:38:30,.80, Kemiringan (roll) : -2.28
2026-05-21 09:38:30,.80, Kemiringan (roll) : -2.28
2026-05-21 09:38:30,.80, Kemiringan (roll) : -2.28
2026-05-21 09:38:30,.80, Kemiringan (roll) : -2.28
2026-05-21 09:38:30,.80, Kemiringan (roll) : -2.28
2026-05-21 09:38:30,.80, Kemiringan (roll) : -2.28
2026-05-21 09:38:30,.80, Kemiringan (roll) : -2.28
2026-05-21 09:38:30,.80, Kemiringan (roll) : -2.28
2026-05-21 09:38:30,.80, Kemiringan (roll) : -2.28
2026-05-21 09:38:30,.80, Kemiringan (roll) : -2.28
2026-05-21 09:38:30,.80, Kemiringan (roll) : -2.28
2026-05-21 09:38:30,.80, Kemiringan (roll) : -2.28
2026-05-21 09:38:30,.80, Kemiringan (roll) : -2.28
2026-05-21 09:38:30,.80, Kemiringan (roll) : -2.28
2026-05-21 09:38:30,.80, Kemiringan (roll) : -2.28
2026-05-21 09:38:30,.80, Kemiringan (roll) : -2.28
2026-05-21 09:38:30,.80, Kemiringan (roll) : -2.28
2026-05-21 09:38:30,.80, Kemiringan (roll) : -2.28
2026-05-21 09:38:30,.80, Kemiringan (roll) : -2.28
2026-05-21 09:38:30,.80, Kemiringan (roll) : -2.28
2026-05-21 09:38:30,.80, Kemiringan (roll) : -2.28
2026-05-21 09:38:30,.80, Kemiringan (roll) : -2.28
2026-05-21 09:38:30,.80, Kemiringan (roll) : -2.28
2026-05-21 09:38:30,.80, Kemiringan (roll) : -2.28
2026-05-21 09:38:30,.80, Kemiringan (roll) : -2.28
2026-05-21 09:38:30,.80, Kemiringan (roll) : -2.28
2026-05-21 09:38:30,.80, Kemiringan (roll) : -2.28
2026-05-21 09:38:30,.80, Kemiringan (roll) : -2.28
2026-05-21 09:38:30,.80, Kemiringan (roll) : -2.28
2026-05-21 09:38:30,.80, Kemiringan (roll) : -2.28
2026-05-21 09:38:30,.80, Kemiringan (roll) : -2.28
2026-05-21 09:38:30,.80, Kemiringan (roll) : -2.28
2026-05-21 09:38:30,.80, Kemiringan (roll) : -2.28
2026-05-21 09:38:30,.80, Kemiringan (roll) : -2.28
2026-05-21 09:38:30,.80, Kemiringan (roll) : -2.28
2026-05-21 09:38:30,.80, Kemiringan (roll) : -2.28
2026-05-21 09:38:30,.80, Kemiringan (roll) : -2.28
2026-05-21 09:38:30,.80, Kemiringan (roll) : -2.28
2026-05-21 09:38:30,.80, Kemiringan (roll) : -2.28
2026-05-21 09:38:30,.80, Kemiringan (roll) : -2.28
2026-05-21 09:38:30,.80, Kemiringan (roll) : -2.28
2026-05-21 09:38:30,.80, Kemiringan (roll) : -2.28
2026-05-21 09:38:30,.80, Kemiringan (roll) : -2.28
2026-05-21 09:38:30,.80, Kemiringan (roll) : -2.28
2026-05-21 09:38:30,.80, Kemiringan (roll) : -2.28
2026-05-21 09:38:30,.80, Kemiringan (roll) : -2.28
2026-05-21 09:38:30,.80, Kemiringan (roll) : -2.28
2026-05-21 09:38:30,.80, Kemiringan (roll) : -2.28
2026-05-21 09:38:30,.80, Kemiringan (roll) : -2.28
2026-05-21 09:38:30,.80, Kemiringan (roll) : -2.28
2026-05-21 09:38:30,.80, Kemiringan (roll) : -2.28
2026-05-21 09:38:30,.80, Kemiringan (roll) : -2.28
2026-05-21 09:38:30,.80, Kemiringan (roll) : -2.28
2026-05-21 09:38:30,.80, Kemiringan (roll) : -2.28
2026-05-21 09:38:30,.80, Kemiringan (roll) : -2.28
2026-05-21 09:38:30,.80, Kemiringan (roll) : -2.28
2026-05-21 09:38:30,.80, Kemiringan (roll) : -2.28
2026-05-21 09:38:30,.80, Kemiringan (roll) : -2.28
2026-05-21 09:38:30,.80, Kemiringan (roll) : -2.28
2026-05-21 09:38:30,.80, Kemiringan (roll) : -2.28
2026-05-21 09:38:30,.80, Kemiringan (roll) : -2.28
2026-05-21 09:38:30,.80, Kemiringan (roll) : -2.28
2026-05-21 09:38:30,.80, Kemiringan (roll) : -2.28
2026-05-21 09:38:30,.80, Kemiringan (roll) : -2.28
2026-05-21 09:38:30,.80, Kemiringan (roll) : -2.28
2026-05-21 09:38:30,.80, Kemiringan (roll) : -2.28
2026-05-21 09:38:30,.80, Kemiringan (roll) : -2.28
2026-05-21 09:38:30,.80, Kemiringan (roll) : -2.28
2026-05-21 09:38:30,.80, Kemiringan (roll) : -2.28
2026-05-21 09:38:30,.80, Kemiringan (roll) : -2.28
2026-05-21 09:38:30,.80, Kemiringan (roll) : -2.28
2026-05-21 09:38:30,.80, Kemiringan (roll) : -2.28
2026-05-21 09:38:30,.80, Kemiringan (roll) : -2.28
2026-05-21 09:38:30,.80, Kemiringan (roll) : -2.28
2026-05-21 09:38:30,.80, Kemiringan (roll) : -2.28
2026-05-21 09:38:30,.80, Kemiringan (roll) : -2.28
2026-05-21 09:38:30,.80, Kemiringan (roll) : -2.28
2026-05-21 09:38:30,.80, Kemiringan (roll) : -2.28
2026-05-21 09:38:30,.80, Kemiringan (roll) : -2.28
2026-05-21 09:38:30,.80, Kemiringan (roll) : -2.28
2026-05-21 09:38:30,.80, Kemiringan (roll) : -2.28
2026-05-21 09:38:30,.80, Kemiringan (roll) : -2.28
2026-05-21 09:38:30,.80, Kemiringan (roll) : -2.28
2026-05-21 09:38:30,.80, Kemiringan (roll) : -2.28
2026-05-21 09:38:30,.80, Kemiringan (roll) : -2.28
2026-05-21 09:38:30,.80, Kemiringan (roll) : -2.28
2026-05-21 09:38:30,.80, Kemiringan (roll) : -2.28
2026-05-21 09:38:30,.80, Kemiringan (roll) : -2.28
2026-05-21 09:38:30,.80, Kemiringan (roll) : -2.28
2026-05-21 09:38:30,.80, Kemiringan (roll) : -2.28
2026-05-21 09:38:30,.80, Kemiringan (roll) : -2.28
2026-05-21 09:38:30,.80, Kemiringan (roll) : -2.28
2026-05-21 09:38:30,.80, Kemiringan (roll) : -2.28
2026-05-21 09:38:30,.80, Kemiringan (roll) : -2.28
2026-05-21 09:38:30,.80, Kemiringan (roll) : -2.28
2026-05-21 09:38:30,.80, Kemiringan (roll) : -2.28
2026-05-21 09:38:30,.80, Kemiringan (roll) : -2.28
2026-05-21 09:38:30,.80, Kemiringan (roll) : -2.28
2026-05-21 09:38:30,.80, Kemiringan (roll) : -2.28
2026-05-21 09:38:30,.80, Kemiringan (roll) : -2.28
2026-05-21 09:38:30,.80, Kemiringan (roll) : -2.28
2026-05-21 09:38:30,.80, Kemiringan (roll) : -2.28
2026-05-21 09:38:30,.80, Kemiringan (roll) : -2.28
2026-05-21 09:38:30,.80, Kemiringan (roll) : -2.28
2026-05-21 09:38:30,.80, Kemiringan (roll) : -2.28
2026-05-21 09:38:30,.80, Kemiringan (roll) : -2.28
2026-05-21 09:38:30,.80, Kemiringan (roll) : -2.28
2026-05-21 09:38:30,.80, Kemiringan (roll) : -2.28
2026-05-21 09:38:30,.80, Kemiringan (roll) : -2.28
2026-05-21 09:38:30,.80, Kemiringan (roll) : -2.28
2026-05-21 09:38:30,.80, Kemiringan (roll) : -2.28
2026-05-21 09:38:30,.80, Kemiringan (roll) : -2.28
2026-05-21 09:38:30,.80, Kemiringan (roll) : -2.28
2026-05-21 09:38:30,.80, Kemiringan (roll) : -2.28
2026-05-21 09:38:30,.80, Kemiringan (roll) : -2.28
2026-05-21 09:38:30,.80, Kemiringan (roll) : -2.28
2026-05-21 09:38:30,.80, Kemiringan (roll) : -2.28
2026-05-21 09:38:30,.80, Kemiringan (roll) : -2.28
2026-05-21 09:38:30,.80, Kemiringan (roll) : -2.28
2026-05-21 09:38:30,.80, Kemiringan (roll) : -2.28
2026-05-21 09:38:30,.80, Kemiringan (roll) : -2.28
2026-05-21 09:38:30,.80, Kemiringan (roll) : -2.28
2026-05-21 09:38:30,.80, Kemiringan (roll) : -2.28
2026-05-21 09:38:30,.80, Kemiringan (roll) : -2.28
2026-05-21 09:38:30,.80, Kemiringan (roll) : -2.28
2026-05-21 09:38:30,.80, Kemiringan (roll) : -2.28
2026-05-21 09:38:30,.80, Kemiringan (roll) : -2.28
2026-05-21 09:38:30,.80, Kemiringan (roll) : -2.28
2026-05-21 09:38:30,.80, Kemiringan (roll) : -2.28
2026-05-21 09:38:30,.80, Kemiringan (roll) : -2.28
2026-05-21 09:38:30,.80, Kemiringan (roll) : -2.28
2026-05-21 09:38:30,.80, Kemiringan (roll) : -2.28
2026-05-21 09:38:30,.80, Kemiringan (roll) : -2.28
2026-05-21 09:38:30,.80, Kemiringan (roll) : -2.28
2026-05-21 09:38:30,.80, Kemiringan (roll) : -2.28
2026-05-21 09:38:30,.80, Kemiringan (roll) : -2.28
2026-05-21 09:38:30,.80, Kemiringan (roll) : -2.28
2026-05-21 09:38:30,.80, Kemiringan (roll) : -2.28
2026-05-21 09:38:30,.80, Kemiringan (roll) : -2.28
2026-05-21 09:38:30,.80, Kemiringan (roll) : -2.28
2026-05-21 09:38:30,.80, Kemiringan (roll) : -2.28
2026-05-21 09:38:30,.80, Kemiringan (roll) : -2.28
2026-05-21 09:38:30,.80, Kemiringan (roll) : -2.28
2026-05-21 09:38:30,.80, Kemiringan (roll) : -2.28
2026-05-21 09:38:30,.80, Kemiringan (roll) : -2.28
2026-05-21 09:38:30,.80, Kemiringan (roll) : -2.28
2026-05-21 09:38:30,.80, Kemiringan (roll) : -2.28
2026-05-21 09:38:30,.80, Kemiringan (roll) : -2.28
2026-05-21 09:38:30,.80, Kemiringan (roll) : -2.28
2026-05-21 09:38:30,.80, Kemiringan (roll) : -2.28
2026-05-21 09:38:30,.80, Kemiringan (roll) : -2.28
2026-05-21 09:38:30,.80, Kemiringan (roll) : -2.28
2026-05-21 09:38:30,.80, Kemiringan (roll) : -2.28
2026-05-21 09:38:30,.80, Kemiringan (roll) : -2.28
2026-05-21 09:38:30,.80, Kemiringan (roll) : -2.28
2026-05-21 09:38:30,.80, Kemiringan (roll) : -2.28
2026-05-21 09:38:30,.80, Kemiringan (roll) : -2.28
2026-05-21 09:38:30,.80, Kemiringan (roll) : -2.28
2026-05-21 09:38:30,.80, Kemiringan (roll) : -2.28
2026-05-21 09:38:30,.80, Kemiringan (roll) : -2.28
2026-05-21 09:38:30,.80, Kemiringan (roll) : -2.28
2026-05-21 09:38:30,.80, Kemiringan (roll) : -2.28
2026-05-21 09:38:30,.80, Kemiringan (roll) : -2.28
2026-05-21 09:38:30,.80, Kemiringan (roll) : -2.28
2026-05-21 09:38:30,.80, Kemiringan (roll) : -2.28
2026-05-21 09:38:30,.80, Kemiringan (roll) : -2.28
2026-05-21 09:38:30,.80, Kemiringan (roll) : -2.28
2026-05-21 09:38:30,.80, Kemiringan (roll) : -2.28
2026-05-21 09:38:30,.80, Kemiringan (roll) : -2.28
2026-05-21 09:38:30,.80, Kemiringan (roll) : -2.28
2026-05-21 09:38:30,.80, Kemiringan (roll) : -2.28
2026-05-21 09:38:30,.80, Kemiringan (roll) : -2.28
2026-05-21 09:38:30,.80, Kemiringan (roll) : -2.28
2026-05-21 09:38:30,.80, Kemiringan (roll) : -2.28
2026-05-21 09:38:30,.80, Kemiringan (roll) : -2.28
2026-05-21 09:38:30,.80, Kemiringan (roll) : -2.28
2026-05-21 09:38:30,.80, Kemiringan (roll) : -2.28
2026-05-21 09:38:30,.80, Kemiringan (roll) : -2.28
2026-05-21 09:38:30,.80, Kemiringan (roll) : -2.28
2026-05-21 09:38:30,.80, Kemiringan (roll) : -2.28
2026-05-21 09:38:30,.80, Kemiringan (roll) : -2.28
2026-05-21 09:38:30,.80, Kemiringan (roll) : -2.28
2026-05-21 09:38:30,.80, Kemiringan (roll) : -2.28
2026-05-21 09:38:30,.80, Kemiringan (roll) : -2.28
2026-05-21 09:38:30,.80, Kemiringan (roll) : -2.28
2026-05-21 09:38:30,.80, Kemiringan (roll) : -2.28
2026-05-21 09:38:30,.80, Kemiringan (roll) : -2.28
2026-05-21 09:38:30,.80, Kemiringan (roll) : -2.28
2026-05-21 09:38:30,.80, Kemiringan (roll) : -2.28
2026-05-21 09:38:30,.80, Kemiringan (roll) : -2.28
2026-05-21 09:38:30,.80, Kemiringan (roll) : -2.28
2026-05-21 09:38:30,.80, Kemiringan (roll) : -2.28
2026-05-21 09:38:30,.80, Kemiringan (roll) : -2.28
2026-05-21 09:38:30,.80, Kemiringan (roll) : -2.28
2026-05-21 09:38:30,.80, Kemiringan (roll) : -2.28
2026-05-21 09:38:30,.80, Kemiringan (roll) : -2.28
2026-05-21 09:38:30,.80, Kemiringan (roll) : -2.28
2026-05-21 09:38:30,.80, Kemiringan (roll) : -2.28
2026-05-21 09:38:30,.80, Kemiringan (roll) : -2.28
2026-05-21 09:38:30,.80, Kemiringan (roll) : -2.28
2026-05-21 09:38:30,.80, Kemiringan (roll) : -2.28
2026-05-21 09:38:30,.80, Kemiringan (roll) : -2.28
2026-05-21 09:38:30,.80, Kemiringan (roll) : -2.28
2026-05-21 09:38:30,.80, Kemiringan (roll) : -2.28
2026-05-21 09:38:30,.80, Kemiringan (roll) : -2.28
2026-05-21 09:38:30,.80, Kemiringan (roll) : -2.28
2026-05-21 09:38:30,.80, Kemiringan (roll) : -2.28
2026-05-21 09:38:30,.80, Kemiringan (roll) : -2.28
2026-05-21 09:38:30,.80, Kemiringan (roll) : -2.28
2026-05-21 09:38:30,.80, Kemiringan (roll) : -2.28
2026-05-21 09:38:30,.80, Kemiringan (roll) : -2.28
2026-05-21 09:38:30,.80, Kemiringan (roll) : -2.28
2026-05-21 09:38:30,.80, Kemiringan (roll) : -2.28
2026-05-21 09:38:30,.80, Kemiringan (roll) : -2.28
2026-05-21 09:38:30,.80, Kemiringan (roll) : -2.28
2026-05-21 09:38:30,.80, Kemiringan (roll) : -2.28
2026-05-21 09:38:30,.80, Kemiringan (roll) : -2.28
2026-05-21 09:38:30,.80, Kemiringan (roll) : -2.28
2026-05-21 09:38:30,.80, Kemiringan (roll) : -2.28
2026-05-21 09:38:30,.80, Kemiringan (roll) : -2.28
2026-05-21 09:38:30,.80, Kemiringan (roll) : -2.28
2026-05-21 09:38:30,.80, Kemiringan (roll) : -2.28
2026-05-21 09:38:30,.80, Kemiringan (roll) : -2.28
2026-05-21 09:38:30,.80, Kemiringan (roll) : -2.28
2026-05-21 09:38:30,.80, Kemiringan (roll) : -2.28
2026-05-21 09:38:30,.80, Kemiringan (roll) : -2.28
2026-05-21 09:38:30,.80, Kemiringan (roll) : -2.28
2026-05-21 09:38:30,.80, Kemiringan (roll) : -2.28
2026-05-21 09:38:30,.80, Kemiringan (roll) : -2.28
2026-05-21 09:38:30,.80, Kemiringan (roll) : -2.28
2026-05-21 09:38:30,.80, Kemiringan (roll) : -2.28
2026-05-21 09:38:30,.80, Kemiringan (roll) : -2.28
2026-05-21 09:38:30,.80, Kemiringan (roll) : -2.28
2026-05-21 09:38:30,.80, Kemiringan (roll) : -2.28
2026-05-21 09:38:30,.80, Kemiringan (roll) : -2.28
2026-05-21 09:38:30,.80, Kemiringan (roll) : -2.28
2026-05-21 09:38:30,.80, Kemiringan (roll) : -2.28
2026-05-21 09:38:30,.80, Kemiringan (roll) : -2.28
2026-05-21 09:38:30,.80, Kemiringan (roll) : -2.28
2026-05-21 09:38:30,.80, Kemiringan (roll) : -2.28
2026-05-21 09:38:30,.80, Kemiringan (roll) : -2.28
2026-05-21 09:38:30,.80, Kemiringan (roll) : -2.28
2026-05-21 09:38:30,.80, Kemiringan (roll) : -2.28
2026-05-21 09:38:30,.80, Kemiringan (roll) : -2.28
2026-05-21 09:38:30,.80, Kemiringan (roll) : -2.28
2026-05-21 09:38:30,.80, Kemiringan (roll) : -2.28
2026-05-21 09:38:30,.80, Kemiringan (roll) : -2.28
2026-05-21 09:38:30,.80, Kemiringan (roll) : -2.28
2026-05-21 09:38:30,.80, Kemiringan (roll) : -2.28
2026-05-21 09:38:30,.80, Kemiringan (roll) : -2.28
2026-05-21 09:38:30,.80, Kemiringan (roll) : -2.28
2026-05-21 09:38:30,.80, Kemiringan (roll) : -2.28
2026-05-21 09:38:30,.80, Kemiringan (roll) : -2.28
2026-05-21 09:38:30,.80, Kemiringan (roll) : -2.28
2026-05-21 09:38:30,.80, Kemiringan (roll) : -2.28
2026-05-21 09:38:30,.80, Kemiringan (roll) : -2.28
2026-05-21 09:38:30,.80, Kemiringan (roll) : -2.28
2026-05-21 09:38:30,.80, Kemiringan (roll) : -2.28
2026-05-21 09:38:30,.80, Kemiringan (roll) : -2.28
2026-05-21 09:38:30,.80, Kemiringan (roll) : -2.28
2026-05-21 09:38:30,.80, Kemiringan (roll) : -2.28
2026-05-21 09:38:30,.80, Kemiringan (roll) : -2.28
2026-05-21 09:38:30,.80, Kemiringan (roll) : -2.28
2026-05-21 09:38:30,.80, Kemiringan (roll) : -2.28
2026-05-21 09:38:30,.80, Kemiringan (roll) : -2.28
2026-05-21 09:38:30,.80, Kemiringan (roll) : -2.28
2026-05-21 09:38:30,.80, Kemiringan (roll) : -2.28
2026-05-21 09:38:30,.80, Kemiringan (roll) : -2.28
2026-05-21 09:38:30,.80, Kemiringan (roll) : -2.28
2026-05-21 09:38:30,.80, Kemiringan (roll) : -2.28
2026-05-21 09:38:30,.80, Kemiringan (roll) : -2.28
2026-05-21 09:38:30,.80, Kemiringan (roll) : -2.28
2026-05-21 09:38:30,.80, Kemiringan (roll) : -2.28
2026-05-21 09:38:30,.80, Kemiringan (roll) : -2.28
2026-05-21 09:38:30,.80, Kemiringan (roll) : -2.28
2026-05-21 09:38:30,.80, Kemiringan (roll) : -2.28
2026-05-21 09:38:30,.80, Kemiringan (roll) : -2.28
2026-05-21 09:38:30,.80, Kemiringan (roll) : -2.28
2026-05-21 09:38:30,.80, Kemiringan (roll) : -2.28
2026-05-21 09:38:30,.80, Kemiringan (roll) : -2.28
2026-05-21 09:38:30,.80, Kemiringan (roll) : -2.28
2026-05-21 09:38:30,.80, Kemiringan (roll) : -2.28
2026-05-21 09:38:30,.80, Kemiringan (roll) : -2.28
2026-05-21 09:38:30,.80, Kemiringan (roll) : -2.28
2026-05-21 09:38:30,.80, Kemiringan (roll) : -2.28
2026-05-21 09:38:30,.80, Kemiringan (roll) : -2.28
2026-05-21 09:38:30,.80, Kemiringan (roll) : -2.28
2026-05-21 09:38:30,.80, Kemiringan (roll) : -2.28
2026-05-21 09:38:30,.80, Kemiringan (roll) : -2.28
2026-05-21 09:38:30,.80, Kemiringan (roll) : -2.28
2026-05-21 09:38:30,.80, Kemiringan (roll) : -2.28
2026-05-21 09:38:30,.80, Kemiringan (roll) : -2.28
2026-05-21 09:38:30,.80, Kemiringan (roll) : -2.28
2026-05-21 09:38:30,.80, Kemiringan (roll) : -2.28
2026-05-21 09:38:30,.80, Kemiringan (roll) : -2.28
2026-05-21 09:38:30,.80, Kemiringan (roll) : -2.28
2026-05-21 09:38:30,.80, Kemiringan (roll) : -2.28
2026-05-21 09:38:30,.80, Kemiringan (roll) : -2.28
2026-05-21 09:38:30,.80, Kemiringan (roll) : -2.28
2026-05-21 09:38:30,.80, Kemiringan (roll) : -2.28
2026-05-21 09:38:30,.80, Kemiringan (roll) : -2.28
2026-05-21 09:38:30,.80, Kemiringan (roll) : -2.28
2026-05-21 09:38:30,.80, Kemiringan (roll) : -2.28
2026-05-21 09:38:30,.80, Kemiringan (roll) : -2.28
2026-05-21 09:38:30,.80, Kemiringan (roll) : -2.28
2026-05-21 09:38:30,.80, Kemiringan (roll) : -2.28
2026-05-21 09:38:30,.80, Kemiringan (roll) : -2.28
2026-05-21 09:38:30,.80, Kemiringan (roll) : -2.28
2026-05-21 09:38:30,.80, Kemiringan (roll) : -2.28
2026-05-21 09:38:30,.80, Kemiringan (roll) : -2.28
2026-05-21 09:38:30,.80, Kemiringan (roll) : -2.28
2026-05-21 09:38:30,.80, Kemiringan (roll) : -2.28
2026-05-21 09:38:30,.80, Kemiringan (roll) : -2.28
2026-05-21 09:38:30,.80, Kemiringan (roll) : -2.28
2026-05-21 09:38:30,.80, Kemiringan (roll) : -2.28
2026-05-21 09:38:30,.80, Kemiringan (roll) : -2.28
2026-05-21 09:38:30,.80, Kemiringan (roll) : -2.28
2026-05-21 09:38:30,.80, Kemiringan (roll) : -2.28
2026-05-21 09:38:30,.80, Kemiringan (roll) : -2.28
2026-05-21 09:38:30,.80, Kemiringan (roll) : -2.28
2026-05-21 09:38:30,.80, Kemiringan (roll) : -2.28
2026-05-21 09:38:30,.80, Kemiringan (roll) : -2.28
2026-05-21 09:38:30,.80, Kemiringan (roll) : -2.28
2026-05-21 09:38:30,.80, Kemiringan (roll) : -2.28
2026-05-21 09:38:30,.80, Kemiringan (roll) : -2.28
2026-05-21 09:38:30,.80, Kemiringan (roll) : -2.28
2026-05-21 09:38:30,.80, Kemiringan (roll) : -2.28
2026-05-21 09:38:30,.80, Kemiringan (roll) : -2.28
2026-05-21 09:38:30,.80, Kemiringan (roll) : -2.28
2026-05-21 09:38:30,.80, Kemiringan (roll) : -2.28
2026-05-21 09:38:30,.80, Kemiringan (roll) : -2.28
2026-05-21 09:38:30,.80, Kemiringan (roll) : -2.28
2026-05-21 09:38:30,.80, Kemiringan (roll) : -2.28
2026-05-21 09:38:30,.80, Kemiringan (roll) : -2.28
2026-05-21 09:38:30,.80, Kemiringan (roll) : -2.28
2026-05-21 09:38:30,.80, Kemiringan (roll) : -2.28
2026-05-21 09:38:30,.80, Kemiringan (roll) : -2.28
2026-05-21 09:38:30,.80, Kemiringan (roll) : -2.28
2026-05-21 09:38:30,.80, Kemiringan (roll) : -2.28
2026-05-21 09:38:30,.80, Kemiringan (roll) : -2.28
2026-05-21 09:38:30,.80, Kemiringan (roll) : -2.28
2026-05-21 09:38:30,.80, Kemiringan (roll) : -2.28
2026-05-21 09:38:30,.80, Kemiringan (roll) : -2.28
2026-05-21 09:38:30,.80, Kemiringan (roll) : -2.28
2026-05-21 09:38:30,.80, Kemiringan (roll) : -2.28
2026-05-21 09:38:30,.80, Kemiringan (roll) : -2.28
2026-05-21 09:38:30,.80, Kemiringan (roll) : -2.28
2026-05-21 09:38:30,.80, Kemiringan (roll) : -2.28
2026-05-21 09:38:30,.80, Kemiringan (roll) : -2.28
2026-05-21 09:38:30,.80, Kemiringan (roll) : -2.28
2026-05-21 09:38:30,.80, Kemiringan (roll) : -2.28
2026-05-21 09:38:30,.80, Kemiringan (roll) : -2.28
2026-05-21 09:38:30,.80, Kemiringan (roll) : -2.28
2026-05-21 09:38:30,.80, Kemiringan (roll) : -2.28
2026-05-21 09:38:30,.80, Kemiringan (roll) : -2.28
2026-05-21 09:38:30,.80, Kemiringan (roll) : -2.28
2026-05-21 09:38:30,.80, Kemiringan (roll) : -2.28
2026-05-21 09:38:30,.80, Kemiringan (roll) : -2.28
2026-05-21 09:38:30,.80, Kemiringan (roll) : -2.28
2026-05-21 09:38:30,.80, Kemiringan (roll) : -2.28
2026-05-21 09:38:30,.80, Kemiringan (roll) : -2.28
2026-05-21 09:38:30,.80, Kemiringan (roll) : -2.28
2026-05-21 09:38:30,.80, Kemiringan (roll) : -2.28
2026-05-21 09:38:30,.80, Kemiringan (roll) : -2.28
2026-05-21 09:38:30,.80, Kemiringan (roll) : -2.28
2026-05-21 09:38:30,.80, Kemiringan (roll) : -2.28
2026-05-21 09:38:30,.80, Kemiringan (roll) : -2.28
2026-05-21 09:38:30,.80, Kemiringan (roll) : -2.28
2026-05-21 09:38:30,.80, Kemiringan (roll) : -2.28
2026-05-21 09:38:30,.80, Kemiringan (roll) : -2.28
2026-05-21 09:38:30,.80, Kemiringan (roll) : -2.28
2026-05-21 09:38:30,.80, Kemiringan (roll) : -2.28
2026-05-21 09:38:30,.80, Kemiringan (roll) : -2.28
2026-05-21 09:38:30,.80, Kemiringan (roll) : -2.28
2026-05-21 09:38:30,.80, Kemiringan (roll) : -2.28
2026-05-21 09:38:30,.80, Kemiringan (roll) : -2.28
2026-05-21 09:38:30,.80, Kemiringan (roll) : -2.28
2026-05-21 09:38:30,.80, Kemiringan (roll) : -2.28
2026-05-21 09:38:30,.80, Kemiringan (roll) : -2.28
2026-05-21 09:38:30,.80, Kemiringan (roll) : -2.28
2026-05-21 09:38:30,.80, Kemiringan (roll) : -2.28
2026-05-21 09:38:30,.80, Kemiringan (roll) : -2.28
2026-05-21 09:38:30,.80, Kemiringan (roll) : -2.28
2026-05-21 09:38:30,.80, Kemiringan (roll) : -2.28
2026-05-21 09:38:30,.80, Kemiringan (roll) : -2.28
2026-05-21 09:38:30,.80, Kemiringan (roll) : -2.28
2026-05-21 09:38:30,.80, Kemiringan (roll) : -2.28
2026-05-21 09:38:30,.80, Kemiringan (roll) : -2.28
2026-05-21 09:38:30,.80, Kemiringan (roll) : -2.28
2026-05-21 09:38:30,.80, Kemiringan (roll) : -2.28
2026-05-21 09:38:30,.80, Kemiringan (roll) : -2.28
2026-05-21 09:38:30,.80, Kemiringan (roll) : -2.28
2026-05-21 09:38:30,.80, Kemiringan (roll) : -2.28
2026-05-21 09:38:30,.80, Kemiringan (roll) : -2.28
2026-05-21 09:38:30,.80, Kemiringan (roll) : -2.28
2026-05-21 09:38:30,.80, Kemiringan (roll) : -2.28
2026-05-21 09:38:30,.80, Kemiringan (roll) : -2.28
2026-05-21 09:38:30,.80, Kemiringan (roll) : -2.28
2026-05-21 09:38:30,.80, Kemiringan (roll) : -2.28
2026-05-21 09:38:30,.80, Kemiringan (roll) : -2.28
2026-05-21 09:38:30,.80, Kemiringan (roll) : -2.28
2026-05-21 09:38:30,.80, Kemiringan (roll) : -2.28
2026-05-21 09:38:30,.80, Kemiringan (roll) : -2.28
2026-05-21 09:38:30,.80, Kemiringan (roll) : -2.28
2026-05-21 09:38:30,.80, Kemiringan (roll) : -2.28
2026-05-21 09:38:30,.80, Kemiringan (roll) : -2.28
2026-05-21 09:38:30,.80, Kemiringan (roll) : -2.28
2026-05-21 09:38:30,.80, Kemiringan (roll) : -2.28
2026-05-21 09:38:30,.80, Kemiringan (roll) : -2.28
2026-05-21 09:38:30,.80, Kemiringan (roll) : -2.28
2026-05-21 09:38:30,.80, Kemiringan (roll) : -2.28
2026-05-21 09:38:30,.80, Kemiringan (roll) : -2.28
2026-05-21 09:38:30,.80, Kemiringan (roll) : -2.28
2026-05-21 09:38:30,.80, Kemiringan (roll) : -2.28
2026-05-21 09:38:30,.80, Kemiringan (roll) : -2.28
2026-05-21 09:38:30,.80, Kemiringan (roll) : -2.28
2026-05-21 09:38:30,.80, Kemiringan (roll) : -2.28
2026-05-21 09:38:30,.80, Kemiringan (roll) : -2.28
2026-05-21 09:38:30,.80, Kemiringan (roll) : -2.28
2026-05-21 09:38:30,.80, Kemiringan (roll) : -2.28
2026-05-21 09:38:30,.80, Kemiringan (roll) : -2.28
2026-05-21 09:38:30,.80, Kemiringan (roll) : -2.28
2026-05-21 09:38:30,.80, Kemiringan (roll) : -2.28
2026-05-21 09:38:30,.80, Kemiringan (roll) : -2.28
2026-05-21 09:38:30,.80, Kemiringan (roll) : -2.28
2026-05-21 09:38:30,.80, Kemiringan (roll) : -2.28
2026-05-21 09:38:30,.80, Kemiringan (roll) : -2.28
2026-05-21 09:38:30,.80, Kemiringan (roll) : -2.28
2026-05-21 09:38:30,.80, Kemiringan (roll) : -2.28
2026-05-21 09:38:30,.80, Kemiringan (roll) : -2.28
2026-05-21 09:38:30,.80, Kemiringan (roll) : -2.28
2026-05-21 09:38:30,.80, Kemiringan (roll) : -2.28
2026-05-21 09:38:30,.80, Kemiringan (roll) : -2.28
2026-05-21 09:38:30,.80, Kemiringan (roll) : -2.28
2026-05-21 09:38:30,.80, Kemiringan (roll) : -2.28
2026-05-21 09:38:30,.80, Kemiringan (roll) : -2.28
2026-05-21 09:38:30,.80, Kemiringan (roll) : -2.28
2026-05-21 09:38:30,.80, Kemiringan (roll) : -2.28
2026-05-21 09:38:30,.80, Kemiringan (roll) : -2.28
2026-05-21 09:38:30,.80, Kemiringan (roll) : -2.28
2026-05-21 09:38:30,.80, Kemiringan (roll) : -2.28
2026-05-21 09:38:30,.80, Kemiringan (roll) : -2.28
2026-05-21 09:38:30,.80, Kemiringan (roll) : -2.28
2026-05-21 09:38:30,.80, Kemiringan (roll) : -2.28
2026-05-21 09:38:30,.80, Kemiringan (roll) : -2.28
2026-05-21 09:38:30,.80, Kemiringan (roll) : -2.28
2026-05-21 09:38:30,.80, Kemiringan (roll) : -2.28
2026-05-21 09:38:30,.80, Kemiringan (roll) : -2.28
2026-05-21 09:38:30,.80, Kemiringan (roll) : -2.28
2026-05-21 09:38:30,.80, Kemiringan (roll) : -2.28
2026-05-21 09:38:30,.80, Kemiringan (roll) : -2.28
2026-05-21 09:38:30,.80, Kemiringan (roll) : -2.28
2026-05-21 09:38:30,.80, Kemiringan (roll) : -2.28
2026-05-21 09:38:30,.80, Kemiringan (roll) : -2.28
2026-05-21 09:38:30,.80, Kemiringan (roll) : -2.28
2026-05-21 09:38:30,.80, Kemiringan (roll) : -2.28
2026-05-21 09:38:30,.80, Kemiringan (roll) : -2.28
2026-05-21 09:38:30,.80, Kemiringan (roll) : -2.28
2026-05-21 09:38:30,.80, Kemiringan (roll) : -2.28
2026-05-21 09:38:30,.80, Kemiringan (roll) : -2.28
2026-05-21 09:38:30,.80, Kemiringan (roll) : -2.28
2026-05-21 09:38:30,.80, Kemiringan (roll) : -2.28
2026-05-21 09:38:30,.80, Kemiringan (roll) : -2.28
2026-05-21 09:38:30,.80, Kemiringan (roll) : -2.28
2026-05-21 09:38:30,.80, Kemiringan (roll) : -2.28
2026-05-21 09:38:30,.80, Kemiringan (roll) : -2.28
2026-05-21 09:38:30,.80, Kemiringan (roll) : -2.28
2026-05-21 09:38:30,.80, Kemiringan (roll) : -2.28
2026-05-21 09:38:30,.80, Kemiringan (roll) : -2.28
2026-05-21 09:38:30,.80, Kemiringan (roll) : -2.28
2026-05-21 09:38:30,.80, Kemiringan (roll) : -2.28
2026-05-21 09:38:30,.80, Kemiringan (roll) : -2.28
2026-05-21 09:38:30,.80, Kemiringan (roll) : -2.28
2026-05-21 09:38:30,.80, Kemiringan (roll) : -2.28
2026-05-21 09:38:30,.80, Kemiringan (roll) : -2.28
2026-05-21 09:38:30,.80, Kemiringan (roll) : -2.28
2026-05-21 09:38:30,.80, Kemiringan (roll) : -2.28
2026-05-21 09:38:30,.80, Kemiringan (roll) : -2.28
2026-05-21 09:38:30,.80, Kemiringan (roll) : -2.28
2026-05-21 09:38:30,.80, Kemiringan (roll) : -2.28
2026-05-21 09:38:30,.80, Kemiringan (roll) : -2.28
2026-05-21 09:38:30,.80, Kemiringan (roll) : -2.28
2026-05-21 09:38:30,.80, Kemiringan (roll) : -2.28
2026-05-21 09:38:30,.80, Kemiringan (roll) : -2.28
2026-05-21 09:38:30,.80, Kemiringan (roll) : -2.28
2026-05-21 09:38:30,.80, Kemiringan (roll) : -2.28
2026-05-21 09:38:30,.80, Kemiringan (roll) : -2.28
2026-05-21 09:38:30,.80, Kemiringan (roll) : -2.28
2026-05-21 09:38:30,.80, Kemiringan (roll) : -2.28
2026-05-21 09:38:30,.80, Kemiringan (roll) : -2.28
2026-05-21 09:38:30,.80, Kemiringan (roll) : -2.28
2026-05-21 09:38:30,.80, Kemiringan (roll) : -2.28
2026-05-21 09:38:30,.80, Kemiringan (roll) : -2.28
2026-05-21 09:38:30,.80, Kemiringan (roll) : -2.28
2026-05-21 09:38:30,.80, Kemiringan (roll) : -2.28
2026-05-21 09:38:30,.80, Kemiringan (roll) : -2.28
2026-05-21 09:38:30,.80, Kemiringan (roll) : -2.28
2026-05-21 09:38:30,.80, Kemiringan (roll) : -2.28
2026-05-21 09:38:30,.80, Kemiringan (roll) : -2.28
2026-05-21 09:38:30,.80, Kemiringan (roll) : -2.28
2026-05-21 09:38:30,.80, Kemiringan (roll) : -2.28
2026-05-21 09:38:30,.80, Kemiringan (roll) : -2.28
2026-05-21 09:38:30,.80, Kemiringan (roll) : -2.28
2026-05-21 09:38:30,.80, Kemiringan (roll) : -2.28
2026-05-21 09:38:30,.80, Kemiringan (roll) : -2.28
2026-05-21 09:38:30,.80, Kemiringan (roll) : -2.28
2026-05-21 09:38:30,.80, Kemiringan (roll) : -2.28
2026-05-21 09:38:30,.80, Kemiringan (roll) : -2.28
2026-05-21 09:38:30,.80, Kemiringan (roll) : -2.28
2026-05-21 09:38:30,.80, Kemiringan (roll) : -2.28
2026-05-21 09:38:30,.80, Kemiringan (roll) : -2.28
2026-05-21 09:38:30,.80, Kemiringan (roll) : -2.28
2026-05-21 09:38:30,.80, Kemiringan (roll) : -2.28
2026-05-21 09:38:30,.80, Kemiringan (roll) : -2.28
2026-05-21 09:38:30,.80, Kemiringan (roll) : -2.28
2026-05-21 09:38:30,.80, Kemiringan (roll) : -2.28
2026-05-21 09:38:30,.80, Kemiringan (roll) : -2.28
2026-05-21 09:38:30,.80, Kemiringan (roll) : -2.28
2026-05-21 09:38:30,.80, Kemiringan (roll) : -2.28
2026-05-21 09:38:30,.80, Kemiringan (roll) : -2.28
2026-05-21 09:38:30,.80, Kemiringan (roll) : -2.28
2026-05-21 09:38:30,.80, Kemiringan (roll) : -2.28
2026-05-21 09:38:30,.80, Kemiringan (roll) : -2.28
2026-05-21 09:38:30,.80, Kemiringan (roll) : -2.28
2026-05-21 09:38:30,.80, Kemiringan (roll) : -2.28
2026-05-21 09:38:30,.80, Kemiringan (roll) : -2.28
2026-05-21 09:38:30,.80, Kemiringan (roll) : -2.28
2026-05-21 09:38:30,.80, Kemiringan (roll) : -2.28
2026-05-21 09:38:30,.80, Kemiringan (roll) : -2.28
2026-05-21 09:38:30,.80, Kemiringan (roll) : -2.28
2026-05-21 09:38:30,.80, Kemiringan (roll) : -2.28
2026-05-21 09:38:30,.80, Kemiringan (roll) : -2.28
2026-05-21 09:38:30,.80, Kemiringan (roll) : -2.28
2026-05-21 09:38:30,.80, Kemiringan (roll) : -2.28
2026-05-21 09:38:30,.80, Kemiringan (roll) : -2.28
2026-05-21 09:38:30,.80, Kemiringan (roll) : -2.28
2026-05-21 09:38:30,.80, Kemiringan (roll) : -2.28
2026-05-21 09:38:30,.80, Kemiringan (roll) : -2.28
2026-05-21 09:38:30,.80, Kemiringan (roll) : -2.28
2026-05-21 09:38:30,.80, Kemiringan (roll) : -2.28
2026-05-21 09:38:30,.80, Kemiringan (roll) : -2.28
2026-05-21 09:38:30,.80, Kemiringan (roll) : -2.28
2026-05-21 09:38:30,.80, Kemiringan (roll) : -2.28
2026-05-21 09:38:30,.80, Kemiringan (roll) : -2.28
2026-05-21 09:38:30,.80, Kemiringan (roll) : -2.28
2026-05-21 09:38:30,.80, Kemiringan (roll) : -2.28
2026-05-21 09:38:30,.80, Kemiringan (roll) : -2.28
2026-05-21 09:38:30,.80, Kemiringan (roll) : -2.28
2026-05-21 09:38:30,.80, Kemiringan (roll) : -2.28
2026-05-21 09:38:30,.80, Kemiringan (roll) : -2.28
2026-05-21 09:38:30,.80, Kemiringan (roll) : -2.28
2026-05-21 09:38:30,.80, Kemiringan (roll) : -2.28
2026-05-21 09:38:30,.80, Kemiringan (roll) : -2.28
2026-05-21 09:38:30,.80, Kemiringan (roll) : -2.28
2026-05-21 09:38:30,.80, Kemiringan (roll) : -2.28
2026-05-21 09:38:30,.80, Kemiringan (roll) : -2.28
2026-05-21 09:38:30,.80, Kemiringan (roll) : -2.28
2026-05-21 09:38:30,.80, Kemiringan (roll) : -2.28
2026-05-21 09:38:30,.80, Kemiringan (roll) : -2.28
2026-05-21 09:38:30,.80, Kemiringan (roll) : -2.28
2026-05-21 09:38:30,.80, Kemiringan (roll) : -2.28
2026-05-21 09:38:30,.80, Kemiringan (roll) : -2.28
2026-05-21 09:38:30,.80, Kemiringan (roll) : -2.28
2026-05-21 09:38:30,.80, Kemiringan (roll) : -2.28
2026-05-21 09:38:30,.80, Kemiringan (roll) : -2.28
2026-05-21 09:38:30,.80, Kemiringan (roll) : -2.28
2026-05-21 09:38:30,.80, Kemiringan (roll) : -2.28
2026-05-21 09:38:30,.80, Kemiringan (roll) : -2.28
2026-05-21 09:38:30,.80, Kemiringan (roll) : -2.28
2026-05-21 09:38:30,.80, Kemiringan (roll) : -2.28
2026-05-21 09:38:30,.80, Kemiringan (roll) : -2.28
2026-05-21 09:38:30,.80, Kemiringan (roll) : -2.28
2026-05-21 09:38:30,.80, Kemiringan (roll) : -2.28
2026-05-21 09:38:30,.80, Kemiringan (roll) : -2.28
2026-05-21 09:38:30,.80, Kemiringan (roll) : -2.28
2026-05-21 09:38:30,.80, Kemiringan (roll) : -2.28
2026-05-21 09:38:30,.80, Kemiringan (roll) : -2.28
2026-05-21 09:38:30,.80, Kemiringan (roll) : -2.28
2026-05-21 09:38:30,.80, Kemiringan (roll) : -2.28
2026-05-21 09:38:30,.80, Kemiringan (roll) : -2.28
2026-05-21 09:38:30,.80, Kemiringan (roll) : -2.28
2026-05-21 09:38:30,.80, Kemiringan (roll) : -2.28
2026-05-21 09:38:30,.80, Kemiringan (roll) : -2.28
2026-05-21 09:38:30,.80, Kemiringan (roll) : -2.28
2026-05-21 09:38:30,.80, Kemiringan (roll) : -2.28
2026-05-21 09:38:30,.80, Kemiringan (roll) : -2.28
2026-05-21 09:38:30,.80, Kemiringan (roll) : -2.28
2026-05-21 09:38:30,.80, Kemiringan (roll) : -2.28
2026-05-21 09:38:30,.80, Kemiringan (roll) : -2.28
2026-05-21 09:38:30,.80, Kemiringan (roll) : -2.28
2026-05-21 09:38:30,.80, Kemiringan (roll) : -2.28
2026-05-21 09:38:30,.80, Kemiringan (roll) : -2.28
2026-05-21 09:38:30,.80, Kemiringan (roll) : -2.28
2026-05-21 09:38:30,.80, Kemiringan (roll) : -2.28
2026-05-21 09:38:30,.80, Kemiringan (roll) : -2.28
2026-05-21 09:38:30,.80, Kemiringan (roll) : -2.28
2026-05-21 09:38:30,.80, Kemiringan (roll) : -2.28
2026-05-21 09:38:30,.80, Kemiringan (roll) : -2.28
2026-05-21 09:38:30,.80, Kemiringan (roll) : -2.28
2026-05-21 09:38:30,.80, Kemiringan (roll) : -2.28
2026-05-21 09:38:30,.80, Kemiringan (roll) : -2.28
2026-05-21 09:38:30,.80, Kemiringan (roll) : -2.28
2026-05-21 09:38:30,.80, Kemiringan (roll) : -2.28
2026-05-21 09:38:30,.80, Kemiringan (roll) : -2.28
2026-05-21 09:38:30,.80, Kemiringan (roll) : -2.28
2026-05-21 09:38:30,.80, Kemiringan (roll) : -2.28
2026-05-21 09:38:30,.80, Kemiringan (roll) : -2.28
2026-05-21 09:38:30,.80, Kemiringan (roll) : -2.28
2026-05-21 09:38:30,.80, Kemiringan (roll) : -2.28
2026-05-21 09:38:30,.80, Kemiringan (roll) : -2.28
2026-05-21 09:38:30,.80, Kemiringan (roll) : -2.28
2026-05-21 09:38:30,.80, Kemiringan (roll) : -2.28
2026-05-21 09:38:30,.80, Kemiringan (roll) : -2.28
2026-05-21 09:38:30,.80, Kemiringan (roll) : -2.28
2026-05-21 09:38:30,.80, Kemiringan (roll) : -2.28
2026-05-21 09:38:30,.80, Kemiringan (roll) : -2.28
2026-05-21 09:38:30,.80, Kemiringan (roll) : -2.28
2026-05-21 09:38:30,.80, Kemiringan (roll) : -2.28
2026-05-21 09:38:30,.80, Kemiringan (roll) : -2.28
2026-05-21 09:38:30,.80, Kemiringan (roll) : -2.28
2026-05-21 09:38:30,.80, Kemiringan (roll) : -2.28
2026-05-21 09:38:30,.80, Kemiringan (roll) : -2.28
2026-05-21 09:38:30,.80, Kemiringan (roll) : -2.28
2026-05-21 09:38:30,.80, Kemiringan (roll) : -2.28
2026-05-21 09:38:30,.80, Kemiringan (roll) : -2.28
2026-05-21 09:38:30,.80, Kemiringan (roll) : -2.28
2026-05-21 09:38:30,.80, Kemiringan (roll) : -2.28
2026-05-21 09:38:30,.80, Kemiringan (roll) : -2.28
2026-05-21 09:38:30,.80, Kemiringan (roll) : -2.28
2026-05-21 09:38:30,.80, Kemiringan (roll) : -2.28
2026-05-21 09:38:30,.80, Kemiringan (roll) : -2.28
2026-05-21 09:38:30,.80, Kemiringan (roll) : -2.28
2026-05-21 09:38:30,.80, Kemiringan (roll) : -2.28
2026-05-21 09:38:30,.80, Kemiringan (roll) : -2.28
2026-05-21 09:38:30,.80, Kemiringan (roll) : -2.28
2026-05-21 09:38:30,.80, Kemiringan (roll) : -2.28
2026-05-21 09:38:30,.80, Kemiringan (roll) : -2.28
2026-05-21 09:38:30,.80, Kemiringan (roll) : -2.28
2026-05-21 09:38:30,.80, Kemiringan (roll) : -2.28
2026-05-21 09:38:30,.80, Kemiringan (roll) : -2.28
2026-05-21 09:38:30,.80, Kemiringan (roll) : -2.28
2026-05-21 09:38:30,.80, Kemiringan (roll) : -2.28
2026-05-21 09:38:30,.80, Kemiringan (roll) : -2.28
2026-05-21 09:38:30,.80, Kemiringan (roll) : -2.28
2026-05-21 09:38:30,.80, Kemiringan (roll) : -2.28
2026-05-21 09:38:30,.80, Kemiringan (roll) : -2.28
2026-05-21 09:38:30,.80, Kemiringan (roll) : -2.28
2026-05-21 09:38:30,.80, Kemiringan (roll) : -2.28
2026-05-21 09:38:30,.80, Kemiringan (roll) : -2.28
2026-05-21 09:38:30,.80, Kemiringan (roll) : -2.28
2026-05-21 09:38:30,.80, Kemiringan (roll) : -2.28
2026-05-21 09:38:30,.80, Kemiringan (roll) : -2.28
2026-05-21 09:38:30,.80, Kemiringan (roll) : -2.28
2026-05-21 09:38:30,.80, Kemiringan (roll) : -2.28
2026-05-21 09:38:30,.80, Kemiringan (roll) : -2.28
2026-05-21 09:38:30,.80, Kemiringan (roll) : -2.28
2026-05-21 09:38:30,.80, Kemiringan (roll) : -2.28
2026-05-21 09:38:30,.80, Kemiringan (roll) : -2.28
2026-05-21 09:38:30,.80, Kemiringan (roll) : -2.28
2026-05-21 09:38:30,.80, Kemiringan (roll) : -2.28
2026-05-21 09:38:30,.80, Kemiringan (roll) : -2.28
2026-05-21 09:38:30,.80, Kemiringan (roll) : -2.28
2026-05-21 09:38:30,.80, Kemiringan (roll) : -2.28
2026-05-21 09:38:30,.80, Kemiringan (roll) : -2.28
2026-05-21 09:38:30,.80, Kemiringan (roll) : -2.28
2026-05-21 09:38:30,.80, Kemiringan (roll) : -2.28
2026-05-21 09:38:30,.80, Kemiringan (roll) : -2.28
2026-05-21 09:38:30,.80, Kemiringan (roll) : -2.28
2026-05-21 09:38:30,.80, Kemiringan (roll) : -2.28
2026-05-21 09:38:30,.80, Kemiringan (roll) : -2.28
2026-05-21 09:38:30,.80, Kemiringan (roll) : -2.28
2026-05-21 09:38:30,.80, Kemiringan (roll) : -2.28
2026-05-21 09:38:30,.80, Kemiringan (roll) : -2.28
2026-05-21 09:38:30,.80, Kemiringan (roll) : -2.28
2026-05-21 09:38:30,.80, Kemiringan (roll) : -2.28
2026-05-21 09:38:30,.80, Kemiringan (roll) : -2.28
2026-05-21 09:38:30,.80, Kemiringan (roll) : -2.28
2026-05-21 09:38:30,.80, Kemiringan (roll) : -2.28
2026-05-21 09:38:30,.80, Kemiringan (roll) : -2.28
2026-05-21 09:38:30,.80, Kemiringan (roll) : -2.28
2026-05-21 09:38:30,.80, Kemiringan (roll) : -2.28
2026-05-21 09:38:30,.80, Kemiringan (roll) : -2.28
2026-05-21 09:38:30,.80, Kemiringan (roll) : -2.28
2026-05-21 09:38:30,.80, Kemiringan (roll) : -2.28
2026-05-21 09:38:30,.80, Kemiringan (roll) : -2.28
2026-05-21 09:38:30,.80, Kemiringan (roll) : -2.28
2026-05-21 09:38:30,.80, Kemiringan (roll) : -2.28
2026-05-21 09:38:30,.80, Kemiringan (roll) : -2.28
2026-05-21 09:38:30,.80, Kemiringan (roll) : -2.28
2026-05-21 09:38:30,.80, Kemiringan (roll) : -2.28
2026-05-21 09:38:30,.80, Kemiringan (roll) : -2.28
2026-05-21 09:38:30,.80, Kemiringan (roll) : -2.28
2026-05-21 09:38:30,.80, Kemiringan (roll) : -2.28
2026-05-21 09:38:30,.80, Kemiringan (roll) : -2.28
2026-05-21 09:38:30,.80, Kemiringan (roll) : -2.28
2026-05-21 09:38:30,.80, Kemiringan (roll) : -2.28
2026-05-21 09:38:30,.80, Kemiringan (roll) : -2.28
2026-05-21 09:38:30,.80, Kemiringan (roll) : -2.28
2026-05-21 09:38:30,.80, Kemiringan (roll) : -2.28
2026-05-21 09:38:30,.80, Kemiringan (roll) : -2.28
2026-05-21 09:38:30,.80, Kemiringan (roll) : -2.28
2026-05-21 09:38:30,.80, Kemiringan (roll) : -2.28
2026-05-21 09:38:30,.80, Kemiringan (roll) : -2.28
2026-05-21 09:38:30,.80, Kemiringan (roll) : -2.28
2026-05-21 09:38:30,.80, Kemiringan (roll) : -2.28
2026-05-21 09:38:30,.80, Kemiringan (roll) : -2.28
2026-05-21 09:38:30,.80, Kemiringan (roll) : -2.28
2026-05-21 09:38:30,.80, Kemiringan (roll) : -2.28
2026-05-21 09:38:30,.80, Kemiringan (roll) : -2.28
2026-05-21 09:38:30,.80, Kemiringan (roll) : -2.28
2026-05-21 09:38:30,.80, Kemiringan (roll) : -2.28
2026-05-21 09:38:30,.80, Kemiringan (roll) : -2.28
2026-05-21 09:38:30,.80, Kemiringan (roll) : -2.28
2026-05-21 09:38:30,.80, Kemiringan (roll) : -2.28
2026-05-21 09:38:30,.80, Kemiringan (roll) : -2.28
2026-05-21 09:38:30,.80, Kemiringan (roll) : -2.28
2026-05-21 09:38:30,.80, Kemiringan (roll) : -2.28
2026-05-21 09:38:30,.80, Kemiringan (roll) : -2.28
2026-05-21 09:38:30,.80, Kemiringan (roll) : -2.28
2026-05-21 09:38:30,.80, Kemiringan (roll) : -2.28
2026-05-21 09:38:30,.80, Kemiringan (roll) : -2.28
2026-05-21 09:38:30,.80, Kemiringan (roll) : -2.28
2026-05-21 09:38:30,.80, Kemiringan (roll) : -2.28
2026-05-21 09:38:30,.80, Kemiringan (roll) : -2.28
2026-05-21 09:38:30,.80, Kemiringan (roll) : -2.28
2026-05-21 09:38:30,.80, Kemiringan (roll) : -2.28
2026-05-21 09:38:30,.80, Kemiringan (roll) : -2.28
2026-05-21 09:38:30,.80, Kemiringan (roll) : -2.28
2026-05-21 09:38:30,.80, Kemiringan (roll) : -2.28
2026-05-21 09:38:30,.80, Kemiringan (roll) : -2.28
2026-05-21 09:38:30,.80, Kemiringan (roll) : -2.28
2026-05-21 09:38:30,.80, Kemiringan (roll) : -2.28
2026-05-21 09:38:30,.80, Kemiringan (roll) : -2.28
2026-05-21 09:38:30,.80, Kemiringan (roll) : -2.28
2026-05-21 09:38:30,.80, Kemiringan (roll) : -2.28
2026-05-21 09:38:30,.80, Kemiringan (roll) : -2.28
2026-05-21 09:38:30,.80, Kemiringan (roll) : -2.28
2026-05-21 09:38:30,.80, Kemiringan (roll) : -2.28
2026-05-21 09:38:30,.80, Kemiringan (roll) : -2.28
2026-05-21 09:38:30,.80, Kemiringan (roll) : -2.28
2026-05-21 09:38:30,.80, Kemiringan (roll) : -2.28
2026-05-21 09:38:30,.80, Kemiringan (roll) : -2.28
2026-05-21 09:38:30,.80, Kemiringan (roll) : -2.28
2026-05-21 09:38:30,.80, Kemiringan (roll) : -2.28
2026-05-21 09:38:30,.80, Kemiringan (roll) : -2.28
2026-05-21 09:38:30,.80, Kemiringan (roll) : -2.28
2026-05-21 09:38:30,.80, Kemiringan (roll) : -2.28
2026-05-21 09:38:30,.80, Kemiringan (roll) : -2.28
2026-05-21 09:38:30,.80, Kemiringan (roll) : -2.28
2026-05-21 09:38:30,.80, Kemiringan (roll) : -2.28
2026-05-21 09:38:30,.80, Kemiringan (roll) : -2.28
2026-05-21 09:38:30,.80, Kemiringan (roll) : -2.28
2026-05-21 09:38:30,.80, Kemiringan (roll) : -2.28
2026-05-21 09:38:30,.80, Kemiringan (roll) : -2.28
2026-05-21 09:38:30,.80, Kemiringan (roll) : -2.28
2026-05-21 09:38:30,.80, Kemiringan (roll) : -2.28
2026-05-21 09:38:30,.80, Kemiringan (roll) : -2.28
2026-05-21 09:38:30,.80, Kemiringan (roll) : -2.28
2026-05-21 09:38:30,.80, Kemiringan (roll) : -2.28
2026-05-21 09:38:30,.80, Kemiringan (roll) : -2.28
2026-05-21 09:38:30,.80, Kemiringan (roll) : -2.28
2026-05-21 09:38:30,.80, Kemiringan (roll) : -2.28
2026-05-21 09:38:30,.80, Kemiringan (roll) : -2.28
2026-05-21 09:38:30,.80, Kemiringan (roll) : -2.28
2026-05-21 09:38:30,.80, Kemiringan (roll) : -2.28
2026-05-21 09:38:30,.80, Kemiringan (roll) : -2.28
2026-05-21 09:38:30,.80, Kemiringan (roll) : -2.28
2026-05-21 09:38:30,.80, Kemiringan (roll) : -2.28
2026-05-21 09:38:30,.80, Kemiringan (roll) : -2.28
2026-05-21 09:38:30,.80, Kemiringan (roll) : -2.28
2026-05-21 09:38:30,.80, Kemiringan (roll) : -2.28
2026-05-21 09:38:30,.80, Kemiringan (roll) : -2.28
2026-05-21 09:38:30,.80, Kemiringan (roll) : -2.28
2026-05-21 09:38:30,.80, Kemiringan (roll) : -2.28
2026-05-21 09:38:30,.80, Kemiringan (roll) : -2.28
2026-05-21 09:38:30,.80, Kemiringan (roll) : -2.28
2026-05-21 09:38:30,.80, Kemiringan (roll) : -2.28
2026-05-21 09:38:30,.80, Kemiringan (roll) : -2.28
2026-05-21 09:38:30,.80, Kemiringan (roll) : -2.28
2026-05-21 09:38:30,.80, Kemiringan (roll) : -2.28
2026-05-21 09:38:30,.80, Kemiringan (roll) : -2.28
2026-05-21 09:38:30,.80, Kemiringan (roll) : -2.28
2026-05-21 09:38:30,.80, Kemiringan (roll) : -2.28
2026-05-21 09:38:30,.80, Kemiringan (roll) : -2.28
2026-05-21 09:38:30,.80, Kemiringan (roll) : -2.28
2026-05-21 09:38:30,.80, Kemiringan (roll) : -2.28
2026-05-21 09:38:30,.80, Kemiringan (roll) : -2.28
2026-05-21 09:38:30,.80, Kemiringan (roll) : -2.28
2026-05-21 09:38:30,.80, Kemiringan (roll) : -2.28
2026-05-21 09:38:30,.80, Kemiringan (roll) : -2.28
2026-05-21 09:38:30,.80, Kemiringan (roll) : -2.28
2026-05-21 09:38:30,.80, Kemiringan (roll) : -2.28
2026-05-21 09:38:30,.80, Kemiringan (roll) : -2.28
2026-05-21 09:38:30,.80, Kemiringan (roll) : -2.28
2026-05-21 09:38:30,.80, Kemiringan (roll) : -2.28
2026-05-21 09:38:30,.80, Kemiringan (roll) : -2.28
2026-05-21 09:38:30,.80, Kemiringan (roll) : -2.28
2026-05-21 09:38:30,.80, Kemiringan (roll) : -2.28
2026-05-21 09:38:30,.80, Kemiringan (roll) : -2.28
2026-05-21 09:38:30,.80, Kemiringan (roll) : -2.28
2026-05-21 09:38:30,.80, Kemiringan (roll) : -2.28
2026-05-21 09:38:30,.80, Kemiringan (roll) : -2.28
2026-05-21 09:38:30,.80, Kemiringan (roll) : -2.28
2026-05-21 09:38:30,.80, Kemiringan (roll) : -2.28
2026-05-21 09:38:30,.80, Kemiringan (roll) : -2.28
2026-05-21 09:38:30,.80, Kemiringan (roll) : -2.28
2026-05-21 09:38:30,.80, Kemiringan (roll) : -2.28
2026-05-21 09:38:30,.80, Kemiringan (roll) : -2.28
2026-05-21 09:38:30,.80, Kemiringan (roll) : -2.28
2026-05-21 09:38:30,.80, Kemiringan (roll) : -2.28
2026-05-21 09:38:30,.80, Kemiringan (roll) : -2.28
2026-05-21 09:38:30,.80, Kemiringan (roll) : -2.28
2026-05-21 09:38:30,.80, Kemiringan (roll) : -2.28
2026-05-21 09:38:30,.80, Kemiringan (roll) : -2.28
2026-05-21 09:38:30,.80, Kemiringan (roll) : -2.28
2026-05-21 09:38:30,.80, Kemiringan (roll) : -2.28
2026-05-21 09:38:30,.80, Kemiringan (roll) : -2.28
2026-05-21 09:38:30,.80, Kemiringan (roll) : -2.28
2026-05-21 09:38:30,.80, Kemiringan (roll) : -2.28
2026-05-21 09:38:30,.80, Kemiringan (roll) : -2.28
2026-05-21 09:38:30,.80, Kemiringan (roll) : -2.28
2026-05-21 09:38:30,.80, Kemiringan (roll) : -2.28
2026-05-21 09:38:30,.80, Kemiringan (roll) : -2.28
2026-05-21 09:38:30,.80, Kemiringan (roll) : -2.28
2026-05-21 09:38:30,.80, Kemiringan (roll) : -2.28
2026-05-21 09:38:30,.80, Kemiringan (roll) : -2.28
2026-05-21 09:38:30,.80, Kemiringan (roll) : -2.28
2026-05-21 09:38:30,.80, Kemiringan (roll) : -2.28
2026-05-21 09:38:30,.80, Kemiringan (roll) : -2.28
2026-05-21 09:38:30,.80, Kemiringan (roll) : -2.28
2026-05-21 09:38:30,.80, Kemiringan (roll) : -2.28
2026-05-21 09:38:30,.80, Kemiringan (roll) : -2.28
2026-05-21 09:38:30,.80, Kemiringan (roll) : -2.28
2026-05-21 09:38:30,.80, Kemiringan (roll) : -2.28
2026-05-21 09:38:30,.80, Kemiringan (roll) : -2.28
2026-05-21 09:38:30,.80, Kemiringan (roll) : -2.28
2026-05-21 09:38:30,.80, Kemiringan (roll) : -2.28
2026-05-21 09:38:30,.80, Kemiringan (roll) : -2.28
2026-05-21 09:38:30,.80, Kemiringan (roll) : -2.28
2026-05-21 09:38:30,.80, Kemiringan (roll) : -2.28
2026-05-21 09:38:30,.80, Kemiringan (roll) : -2.28
2026-05-21 09:38:30,.80, Kemiringan (roll) : -2.28
2026-05-21 09:38:30,.80, Kemiringan (roll) : -2.28
2026-05-21 09:38:30,.80, Kemiringan (roll) : -2.28
2026-05-21 09:38:30,.80, Kemiringan (roll) : -2.28
2026-05-21 09:38:30,.80, Kemiringan (roll) : -2.28
2026-05-21 09:38:30,.80, Kemiringan (roll) : -2.28
2026-05-21 09:38:30,.80, Kemiringan (roll) : -2.28
2026-05-21 09:38:30,.80, Kemiringan (roll) : -2.28
2026-05-21 09:38:30,.80, Kemiringan (roll) : -2.28
2026-05-21 09:38:30,.80, Kemiringan (roll) : -2.28
2026-05-21 09:38:30,.80, Kemiringan (roll) : -2.28
2026-05-21 09:38:30,.80, Kemiringan (roll) : -2.28
2026-05-21 09:38:30,.80, Kemiringan (roll) : -2.28
2026-05-21 09:38:30,.80, Kemiringan (roll) : -2.28
2026-05-21 09:38:30,.80, Kemiringan (roll) : -2.28
2026-05-21 09:38:30,.80, Kemiringan (roll) : -2.28
2026-05-21 09:38:30,.80, Kemiringan (roll) : -2.28
2026-05-21 09:38:30,.80, Kemiringan (roll) : -2.28
2026-05-21 09:38:30,.80, Kemiringan (roll) : -2.28
2026-05-21 09:38:30,.80, Kemiringan (roll) : -2.28
2026-05-21 09:38:30,.80, Kemiringan (roll) : -2.28
2026-05-21 09:38:30,.80, Kemiringan (roll) : -2.28
2026-05-21 09:38:30,.80, Kemiringan (roll) : -2.28
2026-05-21 09:38:30,.80, Kemiringan (roll) : -2.28
2026-05-21 09:38:30,.80, Kemiringan (roll) : -2.28
2026-05-21 09:38:30,.80, Kemiringan (roll) : -2.28
2026-05-21 09:38:30,.80, Kemiringan (roll) : -2.28
2026-05-21 09:38:30,.80, Kemiringan (roll) : -2.28
2026-05-21 09:38:30,.80, Kemiringan (roll) : -2.28
2026-05-21 09:38:30,.80, Kemiringan (roll) : -2.28
2026-05-21 09:38:30,.80, Kemiringan (roll) : -2.28
2026-05-21 09:38:30,.80, Kemiringan (roll) : -2.28
2026-05-21 09:38:30,.80, Kemiringan (roll) : -2.28
2026-05-21 09:38:30,.80, Kemiringan (roll) : -2.28
2026-05-21 09:38:30,.80, Kemiringan (roll) : -2.28
2026-05-21 09:38:30,.80, Kemiringan (roll) : -2.28
2026-05-21 09:38:30,.80, Kemiringan (roll) : -2.28
2026-05-21 09:38:30,.80, Kemiringan (roll) : -2.28
2026-05-21 09:38:30,.80, Kemiringan (roll) : -2.28
2026-05-21 09:38:30,.80, Kemiringan (roll) : -2.28
2026-05-21 09:38:30,.80, Kemiringan (roll) : -2.28
2026-05-21 09:38:30,.80, Kemiringan (roll) : -2.28
2026-05-21 09:38:30,.80, Kemiringan (roll) : -2.28
2026-05-21 09:38:30,.80, Kemiringan (roll) : -2.28
2026-05-21 09:38:30,.80, Kemiringan (roll) : -2.28
2026-05-21 09:38:30,.80, Kemiringan (roll) : -2.28
2026-05-21 09:38:30,.80, Kemiringan (roll) : -2.28
2026-05-21 09:38:30,.80, Kemiringan (roll) : -2.28
2026-05-21 09:38:30,.80, Kemiringan (roll) : -2.28
2026-05-21 09:38:30,.80, Kemiringan (roll) : -2.28
2026-05-21 09:38:30,.80, Kemiringan (roll) : -2.28
2026-05-21 09:38:30,.80, Kemiringan (roll) : -2.28
2026-05-21 09:38:30,.80, Kemiringan (roll) : -2.28
2026-05-21 09:38:30,.80, Kemiringan (roll) : -2.28
2026-05-21 09:38:30,.80, Kemiringan (roll) : -2.28
2026-05-21 09:38:30,.80, Kemiringan (roll) : -2.28
2026-05-21 09:38:30,.80, Kemiringan (roll) : -2.28
2026-05-21 09:38:30,.80, Kemiringan (roll) : -2.28
2026-05-21 09:38:30,.80, Kemiringan (roll) : -2.28
2026-05-21 09:38:30,.80, Kemiringan (roll) : -2.28
2026-05-21 09:38:30,.80, Kemiringan (roll) : -2.28
2026-05-21 09:38:30,.80, Kemiringan (roll) : -2.28
2026-05-21 09:38:30,.80, Kemiringan (roll) : -2.28
2026-05-21 09:38:30,.80, Kemiringan (roll) : -2.28
2026-05-21 09:38:30,.80, Kemiringan (roll) : -2.28
2026-05-21 09:38:30,.80, Kemiringan (roll) : -2.28
2026-05-21 09:38:30,.80, Kemiringan (roll) : -2.28
2026-05-21 09:38:30,.80, Kemiringan (roll) : -2.28
2026-05-21 09:38:30,.80, Kemiringan (roll) : -2.28
2026-05-21 09:38:30,.80, Kemiringan (roll) : -2.28
2026-05-21 09:38:30,.80, Kemiringan (roll) : -2.28
2026-05-21 09:38:30,.80, Kemiringan (roll) : -2.28
2026-05-21 09:38:30,.80, Kemiringan (roll) : -2.28
2026-05-21 09:38:30,.80, Kemiringan (roll) : -2.28
2026-05-21 09:38:30,.80, Kemiringan (roll) : -2.28
2026-05-21 09:38:30,.80, Kemiringan (roll) : -2.28
2026-05-21 09:38:30,.80, Kemiringan (roll) : -2.28
2026-05-21 09:38:30,.80, Kemiringan (roll) : -2.28
2026-05-21 09:38:30,.80, Kemiringan (roll) : -2.28
2026-05-21 09:38:30,.80, Kemiringan (roll) : -2.28
2026-05-21 09:38:30,.80, Kemiringan (roll) : -2.28
2026-05-21 09:38:30,.80, Kemiringan (roll) : -2.28
2026-05-21 09:38:30,.80, Kemiringan (roll) : -2.28
2026-05-21 09:38:30,.80, Kemiringan (roll) : -2.28
2026-05-21 09:38:30,.80, Kemiringan (roll) : -2.28
2026-05-21 09:38:30,.80, Kemiringan (roll) : -2.28
2026-05-21 09:38:30,.80, Kemiringan (roll) : -2.28
2026-05-21 09:38:30,.80, Kemiringan (roll) : -2.28
2026-05-21 09:38:30,.80, Kemiringan (roll) : -2.28
2026-05-21 09:38:30,.80, Kemiringan (roll) : -2.28
2026-05-21 09:38:30,.80, Kemiringan (roll) : -2.28
2026-05-21 09:38:30,.80, Kemiringan (roll) : -2.28
2026-05-21 09:38:30,.80, Kemiringan (roll) : -2.28
2026-05-21 09:38:30,.80, Kemiringan (roll) : -2.28
2026-05-21 09:38:30,.80, Kemiringan (roll) : -2.28
2026-05-21 09:38:30,.80, Kemiringan (roll) : -2.28
2026-05-21 09:38:30,.80, Kemiringan (roll) : -2.28
2026-05-21 09:38:30,.80, Kemiringan (roll) : -2.28
2026-05-21 09:38:30,.80, Kemiringan (roll) : -2.28
2026-05-21 09:38:30,.80, Kemiringan (roll) : -2.28
2026-05-21 09:38:30,.80, Kemiringan (roll) : -2.28
2026-05-21 09:38:30,.80, Kemiringan (roll) : -2.28
2026-05-21 09:38:30,.80, Kemiringan (roll) : -2.28
2026-05-21 09:38:30,.80, Kemiringan (roll) : -2.28
2026-05-21 09:38:30,.80, Kemiringan (roll) : -2.28
2026-05-21 09:38:30,.80, Kemiringan (roll) : -2.28
2026-05-21 09:38:30,.80, Kemiringan (roll) : -2.28
2026-05-21 09:38:30,.80, Kemiringan (roll) : -2.28
2026-05-21 09:38:30,.80, Kemiringan (roll) : -2.28
2026-05-21 09:38:30,.80, Kemiringan (roll) : -2.28
2026-05-21 09:38:30,.80, Kemiringan (roll) : -2.28
2026-05-21 09:38:30,.80, Kemiringan (roll) : -2.28
2026-05-21 09:38:30,.80, Kemiringan (roll) : -2.28
2026-05-21 09:38:30,.80, Kemiringan (roll) : -2.28
2026-05-21 09:38:30,.80, Kemiringan (roll) : -2.28
2026-05-21 09:38:30,.80, Kemiringan (roll) : -2.28
2026-05-21 09:38:30,.80, Kemiringan (roll) : -2.28
2026-05-21 09:38:30,.80, Kemiringan (roll) : -2.28
2026-05-21 09:38:30,.80, Kemiringan (roll) : -2.28
2026-05-21 09:38:30,.80, Kemiringan (roll) : -2.28
2026-05-21 09:38:30,.80, Kemiringan (roll) : -2.28
2026-05-21 09:38:30,.80, Kemiringan (roll) : -2.28
2026-05-21 09:38:30,.80, Kemiringan (roll) : -2.28
2026-05-21 09:38:30,.80, Kemiringan (roll) : -2.28
2026-05-21 09:38:30,.80, Kemiringan (roll) : -2.28
2026-05-21 09:38:30,.80, Kemiringan (roll) : -2.28
2026-05-21 09:38:30,.80, Kemiringan (roll) : -2.28
2026-05-21 09:38:30,.80, Kemiringan (roll) : -2.28
2026-05-21 09:38:30,.80, Kemiringan (roll) : -2.28
2026-05-21 09:38:30,.80, Kemiringan (roll) : -2.28
2026-05-21 09:38:30,.80, Kemiringan (roll) : -2.28
2026-05-21 09:38:30,.80, Kemiringan (roll) : -2.28
2026-05-21 09:38:30,.80, Kemiringan (roll) : -2.28
2026-05-21 09:38:30,.80, Kemiringan (roll) : -2.28
2026-05-21 09:38:30,.80, Kemiringan (roll) : -2.28
2026-05-21 09:38:30,.80, Kemiringan (roll) : -2.28
2026-05-21 09:38:30,.80, Kemiringan (roll) : -2.28
2026-05-21 09:38:30,.80, Kemiringan (roll) : -2.28
2026-05-21 09:38:30,.80, Kemiringan (roll) : -2.28
2026-05-21 09:38:30,.80, Kemiringan (roll) : -2.28
2026-05-21 09:38:30,.80, Kemiringan (roll) : -2.28
2026-05-21 09:38:30,.80, Kemiringan (roll) : -2.28
2026-05-21 09:38:30,.80, Kemiringan (roll) : -2.28
2026-05-21 09:38:30,.80, Kemiringan (roll) : -2.28
2026-05-21 09:38:30,.80, Kemiringan (roll) : -2.28
2026-05-21 09:38:30,.80, Kemiringan (roll) : -2.28
2026-05-21 09:38:30,.80, Kemiringan (roll) : -2.28
2026-05-21 09:38:30,.80, Kemiringan (roll) : -2.28
2026-05-21 09:38:30,.80, Kemiringan (roll) : -2.28
2026-05-21 09:38:30,.80, Kemiringan (roll) : -2.28
2026-05-21 09:38:30,.80, Kemiringan (roll) : -2.28
2026-05-21 09:38:30,.80, Kemiringan (roll) : -2.28
2026-05-21 09:38:30,.80, Kemiringan (roll) : -2.28
2026-05-21 09:38:30,.80, Kemiringan (roll) : -2.28
2026-05-21 09:38:30,.80, Kemiringan (roll) : -2.28
2026-05-21 09:38:30,.80, Kemiringan (roll) : -2.28
2026-05-21 09:38:30,.80, Kemiringan (roll) : -2.28
2026-05-21 09:38:30,.80, Kemiringan (roll) : -2.28
2026-05-21 09:38:30,.80, Kemiringan (roll) : -2.28
2026-05-21 09:38:30,.80, Kemiringan (roll) : -2.28
2026-05-21 09:38:30,.80, Kemiringan (roll) : -2.28
2026-05-21 09:38:30,.80, Kemiringan (roll) : -2.28
2026-05-21 09:38:30,.80, Kemiringan (roll) : -2.28
2026-05-21 09:38:30,.80, Kemiringan (roll) : -2.28
2026-05-21 09:38:30,.80, Kemiringan (roll) : -2.28
2026-05-21 09:38:30,.80, Kemiringan (roll) : -2.28
2026-05-21 09:38:30,.80, Kemiringan (roll) : -2.28
2026-05-21 09:38:30,.80, Kemiringan (roll) : -2.28
2026-05-21 09:38:30,.80, Kemiringan (roll) : -2.28
2026-05-21 09:38:30,.80, Kemiringan (roll) : -2.28
2026-05-21 09:38:30,.80, Kemiringan (roll) : -2.28
2026-05-21 09:38:30,.80, Kemiringan (roll) : -2.28
2026-05-21 09:38:30,.80, Kemiringan (roll) : -2.28
2026-05-21 09:38:30,.80, Kemiringan (roll) : -2.28
2026-05-21 09:38:30,.80, Kemiringan (roll) : -2.28
2026-05-21 09:38:30,.80, Kemiringan (roll) : -2.28
2026-05-21 09:38:30,.80, Kemiringan (roll) : -2.28
2026-05-21 09:38:30,.80, Kemiringan (roll) : -2.28
2026-05-21 09:38:30,.80, Kemiringan (roll) : -2.28
2026-05-21 09:38:30,.80, Kemiringan (roll) : -2.28
2026-05-21 09:38:30,.80, Kemiringan (roll) : -2.28
2026-05-21 09:38:30,.80, Kemiringan (roll) : -2.28
2026-05-21 09:38:30,.80, Kemiringan (roll) : -2.28
2026-05-21 09:38:30,.80, Kemiringan (roll) : -2.28
2026-05-21 09:38:30,.80, Kemiringan (roll) : -2.28
2026-05-21 09:38:30,.80, Kemiringan (roll) : -2.28
2026-05-21 09:38:30,.80, Kemiringan (roll) : -2.28
2026-05-21 09:38:30,.80, Kemiringan (roll) : -2.28
2026-05-21 09:38:30,.80, Kemiringan (roll) : -2.28
2026-05-21 09:38:30,.80, Kemiringan (roll) : -2.28
2026-05-21 09:38:30,.80, Kemiringan (roll) : -2.28
2026-05-21 09:38:30,.80, Kemiringan (roll) : -2.28
2026-05-21 09:38:30,.80, Kemiringan (roll) : -2.28
2026-05-21 09:38:30,.80, Kemiringan (roll) : -2.28
2026-05-21 09:38:30,.80, Kemiringan (roll) : -2.28
2026-05-21 09:38:30,.80, Kemiringan (roll) : -2.28
2026-05-21 09:38:30,.80, Kemiringan (roll) : -2.28
2026-05-21 09:38:30,.80, Kemiringan (roll) : -2.28
2026-05-21 09:38:30,.80, Kemiringan (roll) : -2.28
2026-05-21 09:38:30,.80, Kemiringan (roll) : -2.28
2026-05-21 09:38:30,.80, Kemiringan (roll) : -2.28
2026-05-21 09:38:30,.80, Kemiringan (roll) : -2.28
2026-05-21 09:38:30,.80, Kemiringan (roll) : -2.28
2026-05-21 09:38:30,.80, Kemiringan (roll) : -2.28
2026-05-21 09:38:30,.80, Kemiringan (roll) : -2.28
2026-05-21 09:38:30,.80, Kemiringan (roll) : -2.28
2026-05-21 09:38:30,.80, Kemiringan (roll) : -2.28
2026-05-21 09:38:30,.80, Kemiringan (roll) : -2.28
2026-05-21 09:38:30,.80, Kemiringan (roll) : -2.28
2026-05-21 09:38:30,.80, Kemiringan (roll) : -2.28
2026-05-21 09:38:30,.80, Kemiringan (roll) : -2.28
2026-05-21 09:38:30,.80, Kemiringan (roll) : -2.28
2026-05-21 09:38:30,.80, Kemiringan (roll) : -2.28
2026-05-21 09:38:30,.80, Kemiringan (roll) : -2.28
2026-05-21 09:38:30,.80, Kemiringan (roll) : -2.28
2026-05-21 09:38:30,.80, Kemiringan (roll) : -2.28
2026-05-21 09:38:30,.80, Kemiringan (roll) : -2.28
2026-05-21 09:38:30,.80, Kemiringan (roll) : -2.28
2026-05-21 09:38:30,.80, Kemiringan (roll) : -2.28
2026-05-21 09:38:30,.80, Kemiringan (roll) : -2.28
2026-05-21 09:38:30,.80, Kemiringan (roll) : -2.28
2026-05-21 09:38:30,.80, Kemiringan (roll) : -2.28
2026-05-21 09:38:30,.80, Kemiringan (roll) : -2.28
2026-05-21 09:38:30,.80, Kemiringan (roll) : -2.28
2026-05-21 09:38:30,.80, Kemiringan (roll) : -2.28
2026-05-21 09:38:30,.80, Kemiringan (roll) : -2.28
2026-05-21 09:38:30,.80, Kemiringan (roll) : -2.28
2026-05-21 09:38:30,.80, Kemiringan (roll) : -2.28
2026-05-21 09:38:30,.80, Kemiringan (roll) : -2.28
2026-05-21 09:38:30,.80, Kemiringan (roll) : -2.28
2026-05-21 09:38:30,.80, Kemiringan (roll) : -2.28
2026-05-21 09:38:30,.80, Kemiringan (roll) : -2.28
2026-05-21 09:38:30,.80, Kemiringan (roll) : -2.28
2026-05-21 09:38:30,.80, Kemiringan (roll) : -2.28
2026-05-21 09:38:30,.80, Kemiringan (roll) : -2.28
2026-05-21 09:38:30,.80, Kemiringan (roll) : -2.28
2026-05-21 09:38:30,.80, Kemiringan (roll) : -2.28
2026-05-21 09:38:30,.80, Kemiringan (roll) : -2.28
2026-05-21 09:38:30,.80, Kemiringan (roll) : -2.28
2026-05-21 09:38:30,.80, Kemiringan (roll) : -2.28
2026-05-21 09:38:30,.80, Kemiringan (roll) : -2.28
2026-05-21 09:38:30,.80, Kemiringan (roll) : -2.28
2026-05-21 09:38:30,.80, Kemiringan (roll) : -2.28
2026-05-21 09:38:30,.80, Kemiringan (roll) : -2.28
2026-05-21 09:38:30,.80, Kemiringan (roll) : -2.28
2026-05-21 09:38:30,.80, Kemiringan (roll) : -2.28
2026-05-21 09:38:30,.80, Kemiringan (roll) : -2.28
2026-05-21 09:38:30,.80, Kemiringan (roll) : -2.28
2026-05-21 09:38:30,.80, Kemiringan (roll) : -2.28
2026-05-21 09:38:30,.80, Kemiringan (roll) : -2.28
2026-05-21 09:38:30,.80, Kemiringan (roll) : -2.28
2026-05-21 09:38:30,.80, Kemiringan (roll) : -2.28
2026-05-21 09:38:30,.80, Kemiringan (roll) : -2.28
2026-05-21 09:38:30,.80, Kemiringan (roll) : -2.28
2026-05-21 09:38:30,.80, Kemiringan (roll) : -2.28
2026-05-21 09:38:30,.80, Kemiringan (roll) : -2.28
2026-05-21 09:38:30,.80, Kemiringan (roll) : -2.28
2026-05-21 09:38:30,.80, Kemiringan (roll) : -2.28
2026-05-21 09:38:30,.80, Kemiringan (roll) : -2.28
2026-05-21 09:38:30,.80, Kemiringan (roll) : -2.28
2026-05-21 09:38:30,.80, Kemiringan (roll) : -2.28
2026-05-21 09:38:30,.80, Kemiringan (roll) : -2.28
2026-05-21 09:38:30,.80, Kemiringan (roll) : -2.28
2026-05-21 09:38:30,.80, Kemiringan (roll) : -2.28
2026-05-21 09:38:30,.80, Kemiringan (roll) : -2.28
2026-05-21 09:38:30,.80, Kemiringan (roll) : -2.28
2026-05-21 09:38:30,.80, Kemiringan (roll) : -2.28
2026-05-21 09:38:30,.80, Kemiringan (roll) : -2.28
2026-05-21 09:38:30,.80, Kemiringan (roll) : -2.28
2026-05-21 09:38:30,.80, Kemiringan (roll) : -2.28
2026-05-21 09:38:30,.80, Kemiringan (roll) : -2.28
2026-05-21 09:38:30,.80, Kemiringan (roll) : -2.28
2026-05-21 09:38:30,.80, Kemiringan (roll) : -2.28
2026-05-21 09:38:30,.80, Kemiringan (roll) : -2.28
2026-05-21 09:38:30,.80, Kemiringan (roll) : -2.28
2026-05-21 09:38:30,.80, Kemiringan (roll) : -2.28
2026-05-21 09:38:30,.80, Kemiringan (roll) : -2.28
2026-05-21 09:38:30,.80, Kemiringan (roll) : -2.28
2026-05-21 09:38:30,.80, Kemiringan (roll) : -2.28
2026-05-21 09:38:30,.80, Kemiringan (roll) : -2.28
2026-05-21 09:38:30,.80, Kemiringan (roll) : -2.28
2026-05-21 09:38:30,.80, Kemiringan (roll) : -2.28
2026-05-21 09:38:30,.80, Kemiringan (roll) : -2.28
2026-05-21 09:38:30,.80, Kemiringan (roll) : -2.28
2026-05-21 09:38:30,.80, Kemiringan (roll) : -2.28
2026-05-21 09:38:30,.80, Kemiringan (roll) : -2.28
2026-05-21 09:38:30,.80, Kemiringan (roll) : -2.28
2026-05-21 09:38:30,.80, Kemiringan (roll) : -2.28
2026-05-21 09:38:30,.80, Kemiringan (roll) : -2.28
2026-05-21 09:38:30,.80, Kemiringan (roll) : -2.28
2026-05-21 09:38:30,.80, Kemiringan (roll) : -2.28
2026-05-21 09:38:30,.80, Kemiringan (roll) : -2.28
2026-05-21 09:38:30,.80, Kemiringan (roll) : -2.28
2026-05-21 09:38:30,.80, Kemiringan (roll) : -2.28
2026-05-21 09:38:30,.80, Kemiringan (roll) : -2.28
2026-05-21 09:38:30,.80, Kemiringan (roll) : -2.28
2026-05-21 09:38:30,.80, Kemiringan (roll) : -2.28
2026-05-21 09:38:30,.80, Kemiringan (roll) : -2.28
2026-05-21 09:38:30,.80, Kemiringan (roll) : -2.28
2026-05-21 09:38:30,.80, Kemiringan (roll) : -2.28
2026-05-21 09:38:30,.80, Kemiringan (roll) : -2.28
2026-05-21 09:38:30,.80, Kemiringan (roll) : -2.28
2026-05-21 09:38:30,.80, Kemiringan (roll) : -2.28
2026-05-21 09:38:30,.80, Kemiringan (roll) : -2.28
2026-05-21 09:38:30,.80, Kemiringan (roll) : -2.28
2026-05-21 09:38:30,.80, Kemiringan (roll) : -2.28
2026-05-21 09:38:30,.80, Kemiringan (roll) : -2.28
2026-05-21 09:38:30,.80, Kemiringan (roll) : -2.28
2026-05-21 09:38:30,.80, Kemiringan (roll) : -2.28
2026-05-21 09:38:30,.80, Kemiringan (roll) : -2.28
2026-05-21 09:38:30,.80, Kemiringan (roll) : -2.28
2026-05-21 09:38:30,.80, Kemiringan (roll) : -2.28
2026-05-21 09:38:30,.80, Kemiringan (roll) : -2.28
2026-05-21 09:38:30,.80, Kemiringan (roll) : -2.28
2026-05-21 09:38:30,.80, Kemiringan (roll) : -2.28
2026-05-21 09:38:30,.80, Kemiringan (roll) : -2.28
2026-05-21 09:38:30,.80, Kemiringan (roll) : -2.28
2026-05-21 09:38:30,.80, Kemiringan (roll) : -2.28
2026-05-21 09:38:30,.80, Kemiringan (roll) : -2.28
2026-05-21 09:38:30,.80, Kemiringan (roll) : -2.28
2026-05-21 09:38:30,.80, Kemiringan (roll) : -2.28
2026-05-21 09:38:30,.80, Kemiringan (roll) : -2.28
2026-05-21 09:38:30,.80, Kemiringan (roll) : -2.28
2026-05-21 09:38:30,.80, Kemiringan (roll) : -2.28
2026-05-21 09:38:30,.80, Kemiringan (roll) : -2.28
2026-05-21 09:38:30,.80, Kemiringan (roll) : -2.28
2026-05-21 09:38:30,.80, Kemiringan (roll) : -2.28
2026-05-21 09:38:30,.80, Kemiringan (roll) : -2.28
2026-05-21 09:38:30,.80, Kemiringan (roll) : -2.28
2026-05-21 09:38:30,.80, Kemiringan (roll) : -2.28
2026-05-21 09:38:30,.80, Kemiringan (roll) : -2.28
2026-05-21 09:38:30,.80, Kemiringan (roll) : -2.28
2026-05-21 09:38:30,.80, Kemiringan (roll) : -2.28
2026-05-21 09:38:30,.80, Kemiringan (roll) : -2.28
2026-05-21 09:38:30,.80, Kemiringan (roll) : -2.28
2026-05-21 09:38:30,.80, Kemiringan (roll) : -2.28
2026-05-21 09:38:30,.80, Kemiringan (roll) : -2.28
2026-05-21 09:38:30,.80, Kemiringan (roll) : -2.28
2026-05-21 09:38:30,.80, Kemiringan (roll) : -2.28
2026-05-21 09:38:30,.80, Kemiringan (roll) : -2.28
2026-05-21 09:38:30,.80, Kemiringan (roll) : -2.28
2026-05-21 09:38:30,.80, Kemiringan (roll) : -2.28
2026-05-21 09:38:30,.80, Kemiringan (roll) : -2.28
2026-05-21 09:38:30,.80, Kemiringan (roll) : -2.28
2026-05-21 09:38:30,.80, Kemiringan (roll) : -2.28
2026-05-21 09:38:30,.80, Kemiringan (roll) : -2.28
2026-05-21 09:38:30,.80, Kemiringan (roll) : -2.28
2026-05-21 09:38:30,.80, Kemiringan (roll) : -2.28
2026-05-21 09:38:30,.80, Kemiringan (roll) : -2.28
2026-05-21 09:38:30,.80, Kemiringan (roll) : -2.28
2026-05-21 09:38:30,.80, Kemiringan (roll) : -2.28
2026-05-21 09:38:30,.80, Kemiringan (roll) : -2.28
2026-05-21 09:38:30,.80, Kemiringan (roll) : -2.28
2026-05-21 09:38:30,.80, Kemiringan (roll) : -2.28
2026-05-21 09:38:30,.80, Kemiringan (roll) : -2.28
2026-05-21 09:38:30,.80, Kemiringan (roll) : -2.28
2026-05-21 09:38:30,.80, Kemiringan (roll) : -2.28
2026-05-21 09:38:30,.80, Kemiringan (roll) : -2.28
2026-05-21 09:38:30,.80, Kemiringan (roll) : -2.28
2026-05-21 09:38:30,.80, Kemiringan (roll) : -2.28
2026-05-21 09:38:30,.80, Kemiringan (roll) : -2.28
2026-05-21 09:38:30,.80, Kemiringan (roll) : -2.28
2026-05-21 09:38:30,.80, Kemiringan (roll) : -2.28
2026-05-21 09:38:30,.80, Kemiringan (roll) : -2.28
2026-05-21 09:38:30,.80, Kemiringan (roll) : -2.28
2026-05-21 09:38:30,.80, Kemiringan (roll) : -2.28
2026-05-21 09:38:30,.80, Kemiringan (roll) : -2.28
2026-05-21 09:38:30,.80, Kemiringan (roll) : -2.28
2026-05-21 09:38:30,.80, Kemiringan (roll) : -2.28
2026-05-21 09:38:30,.80, Kemiringan (roll) : -2.28
2026-05-21 09:38:30,.80, Kemiringan (roll) : -2.28
2026-05-21 09:38:30,.80, Kemiringan (roll) : -2.28
2026-05-21 09:38:30,.80, Kemiringan (roll) : -2.28
2026-05-21 09:38:30,.80, Kemiringan (roll) : -2.28
2026-05-21 09:38:30,.80, Kemiringan (roll) : -2.28
2026-05-21 09:38:30,.80, Kemiringan (roll) : -2.28
2026-05-21 09:38:30,.80, Kemiringan (roll) : -2.28
2026-05-21 09:38:30,.80, Kemiringan (roll) : -2.28
2026-05-21 09:38:30,.80, Kemiringan (roll) : -2.28
2026-05-21 09:38:30,.80, Kemiringan (roll) : -2.28
2026-05-21 09:38:30,.80, Kemiringan (roll) : -2.28
2026-05-21 09:38:30,.80, Kemiringan (roll) : -2.28
2026-05-21 09:38:30,.80, Kemiringan (roll) : -2.28
2026-05-21 09:38:30,.80, Kemiringan (roll) : -2.28
2026-05-21 09:38:30,.80, Kemiringan (roll) : -2.28
2026-05-21 09:38:30,.80, Kemiringan (roll) : -2.28
2026-05-21 09:38:30,.80, Kemiringan (roll) : -2.28
2026-05-21 09:38:30,.80, Kemiringan (roll) : -2.28
2026-05-21 09:38:30,.80, Kemiringan (roll) : -2.28
2026-05-21 09:38:30,.80, Kemiringan (roll) : -2.28
2026-05-21 09:38:30,.80, Kemiringan (roll) : -2.28
2026-05-21 09:38:30,.80, Kemiringan (roll) : -2.28
2026-05-21 09:38:30,.80, Kemiringan (roll) : -2.28
2026-05-21 09:38:30,.80, Kemiringan (roll) : -2.28
2026-05-21 09:38:30,.80, Kemiringan (roll) : -2.28
2026-05-21 09:38:30,.80, Kemiringan (roll) : -2.28
2026-05-21 09:38:30,.80, Kemiringan (roll) : -2.28
2026-05-21 09:38:30,.80, Kemiringan (roll) : -2.28
2026-05-21 09:38:30,.80, Kemiringan (roll) : -2.28
2026-05-21 09:38:30,.80, Kemiringan (roll) : -2.28
2026-05-21 09:38:30,.80, Kemiringan (roll) : -2.28
2026-05-21 09:38:30,.80, Kemiringan (roll) : -2.28
2026-05-21 09:38:30,.80, Kemiringan (roll) : -2.28
2026-05-21 09:38:30,.80, Kemiringan (roll) : -2.28
2026-05-21 09:38:30,.80, Kemiringan (roll) : -2.28
2026-05-21 09:38:30,.80, Kemiringan (roll) : -2.28
2026-05-21 09:38:30,.80, Kemiringan (roll) : -2.28
2026-05-21 09:38:30,.80, Kemiringan (roll) : -2.28
2026-05-21 09:38:30,.80, Kemiringan (roll) : -2.28
2026-05-21 09:38:30,.80, Kemiringan (roll) : -2.28
2026-05-21 09:38:30,.80, Kemiringan (roll) : -2.28
2026-05-21 09:38:30,.80, Kemiringan (roll) : -2.28
2026-05-21 09:38:30,.80, Kemiringan (roll) : -2.28
2026-05-21 09:38:30,.80, Kemiringan (roll) : -2.28
2026-05-21 09:38:30,.80, Kemiringan (roll) : -2.28
2026-05-21 09:38:30,.80, Kemiringan (roll) : -2.28
2026-05-21 09:38:30,.80, Kemiringan (roll) : -2.28
2026-05-21 09:38:30,.80, Kemiringan (roll) : -2.28
2026-05-21 09:38:30,.80, Kemiringan (roll) : -2.28
2026-05-21 09:38:30,.80, Kemiringan (roll) : -2.28
2026-05-21 09:38:30,.80, Kemiringan (roll) : -2.28
2026-05-21 09:38:30,.80, Kemiringan (roll) : -2.28
2026-05-21 09:38:30,.80, Kemiringan (roll) : -2.28
2026-05-21 09:38:30,.80, Kemiringan (roll) : -2.28
2026-05-21 09:38:30,.80, Kemiringan (roll) : -2.28
2026-05-21 09:38:30,.80, Kemiringan (roll) : -2.28
2026-05-21 09:38:30,.80, Kemiringan (roll) : -2.28
2026-05-21 09:38:30,.80, Kemiringan (roll) : -2.28
2026-05-21 09:38:30,.80, Kemiringan (roll) : -2.28
2026-05-21 09:38:30,.80, Kemiringan (roll) : -2.28
2026-05-21 09:38:30,.80, Kemiringan (roll) : -2.28
2026-05-21 09:38:30,.80, Kemiringan (roll) : -2.28
2026-05-21 09:38:30,.80, Kemiringan (roll) : -2.28
2026-05-21 09:38:30,.80, Kemiringan (roll) : -2.28
2026-05-21 09:38:30,.80, Kemiringan (roll) : -2.28
2026-05-21 09:38:30,.80, Kemiringan (roll) : -2.28
2026-05-21 09:38:30,.80, Kemiringan (roll) : -2.28
2026-05-21 09:38:30,.80, Kemiringan (roll) : -2.28
2026-05-21 09:38:30,.80, Kemiringan (roll) : -2.28
2026-05-21 09:38:30,.80, Kemiringan (roll) : -2.28
2026-05-21 09:38:30,.80, Kemiringan (roll) : -2.28
2026-05-21 09:38:30,.80, Kemiringan (roll) : -2.28
2026-05-21 09:38:30,.80, Kemiringan (roll) : -2.28
2026-05-21 09:38:30,.80, Kemiringan (roll) : -2.28
2026-05-21 09:38:30,.80, Kemiringan (roll) : -2.28
2026-05-21 09:38:30,.80, Kemiringan (roll) : -2.28
2026-05-21 09:38:30,.80, Kemiringan (roll) : -2.28
2026-05-21 09:38:30,.80, Kemiringan (roll) : -2.28
2026-05-21 09:38:30,.80, Kemiringan (roll) : -2.28
2026-05-21 09:38:30,.80, Kemiringan (roll) : -2.28
2026-05-21 09:38:30,.80, Kemiringan (roll) : -2.28
2026-05-21 09:38:30,.80, Kemiringan (roll) : -2.28
2026-05-21 09:38:30,.80, Kemiringan (roll) : -2.28
2026-05-21 09:38:30,.80, Kemiringan (roll) : -2.28
2026-05-21 09:38:30,.80, Kemiringan (roll) : -2.28
2026-05-21 09:38:30,.80, Kemiringan (roll) : -2.28
2026-05-21 09:38:30,.80, Kemiringan (roll) : -2.28
2026-05-21 09:38:30,.80, Kemiringan (roll) : -2.28
2026-05-21 09:38:30,.80, Kemiringan (roll) : -2.28
2026-05-21 09:38:30,.80, Kemiringan (roll) : -2.28
2026-05-21 09:38:30,.80, Kemiringan (roll) : -2.28
2026-05-21 09:38:30,.80, Kemiringan (roll) : -2.28
2026-05-21 09:38:30,.80, Kemiringan (roll) : -2.28
2026-05-21 09:38:30,.80, Kemiringan (roll) : -2.28
2026-05-21 09:38:30,.80, Kemiringan (roll) : -2.28
2026-05-21 09:38:30,.80, Kemiringan (roll) : -2.28
2026-05-21 09:38:30,.80, Kemiringan (roll) : -2.28
2026-05-21 09:38:30,.80, Kemiringan (roll) : -2.28
2026-05-21 09:38:30,.80, Kemiringan (roll) : -2.28
2026-05-21 09:38:30,.80, Kemiringan (roll) : -2.28
2026-05-21 09:38:30,.80, Kemiringan (roll) : -2.28
2026-05-21 09:38:30,.80, Kemiringan (roll) : -2.28
2026-05-21 09:38:30,.80, Kemiringan (roll) : -2.28
2026-05-21 09:38:30,.80, Kemiringan (roll) : -2.28
2026-05-21 09:38:30,.80, Kemiringan (roll) : -2.28
2026-05-21 09:38:30,.80, Kemiringan (roll) : -2.28
2026-05-21 09:38:30,.80, Kemiringan (roll) : -2.28
2026-05-21 09:38:30,.80, Kemiringan (roll) : -2.28
2026-05-21 09:38:30,.80, Kemiringan (roll) : -2.28
2026-05-21 09:38:30,.80, Kemiringan (roll) : -2.28
2026-05-21 09:38:30,.80, Kemiringan (roll) : -2.28
2026-05-21 09:38:30,.80, Kemiringan (roll) : -2.28
2026-05-21 09:38:30,.80, Kemiringan (roll) : -2.28
2026-05-21 09:38:30,.80, Kemiringan (roll) : -2.28
2026-05-21 09:38:30,.80, Kemiringan (roll) : -2.28
2026-05-21 09:38:30,.80, Kemiringan (roll) : -2.28
2026-05-21 09:38:30,.80, Kemiringan (roll) : -2.28
2026-05-21 09:38:30,.80, Kemiringan (roll) : -2.28
2026-05-21 09:38:30,.80, Kemiringan (roll) : -2.28
2026-05-21 09:38:30,.80, Kemiringan (roll) : -2.28
2026-05-21 09:38:30,.80, Kemiringan (roll) : -2.28
2026-05-21 09:38:30,.80, Kemiringan (roll) : -2.28
2026-05-21 09:38:30,.80, Kemiringan (roll) : -2.28
2026-05-21 09:38:30,.80, Kemiringan (roll) : -2.28
2026-05-21 09:38:30,.80, Kemiringan (roll) : -2.28
2026-05-21 09:38:30,.80, Kemiringan (roll) : -2.28
2026-05-21 09:38:30,.80, Kemiringan (roll) : -2.28
2026-05-21 09:38:30,.80, Kemiringan (roll) : -2.28
2026-05-21 09:38:30,.80, Kemiringan (roll) : -2.28
2026-05-21 09:38:30,.80, Kemiringan (roll) : -2.28
2026-05-21 09:38:30,.80, Kemiringan (roll) : -2.28
2026-05-21 09:38:30,.80, Kemiringan (roll) : -2.28
2026-05-21 09:38:30,.80, Kemiringan (roll) : -2.28
2026-05-21 09:38:30,.80, Kemiringan (roll) : -2.28
2026-05-21 09:38:30,.80, Kemiringan (roll) : -2.28
2026-05-21 09:38:30,.80, Kemiringan (roll) : -2.28
2026-05-21 09:38:30,.80, Kemiringan (roll) : -2.28
2026-05-21 09:38:30,.80, Kemiringan (roll) : -2.28
2026-05-21 09:38:30,.80, Kemiringan (roll) : -2.28
2026-05-21 09:38:30,.80, Kemiringan (roll) : -2.28
2026-05-21 09:38:30,.80, Kemiringan (roll) : -2.28
2026-05-21 09:38:30,.80, Kemiringan (roll) : -2.28
2026-05-21 09:38:30,.80, Kemiringan (roll) : -2.28
2026-05-21 09:38:30,.80, Kemiringan (roll) : -2.28
2026-05-21 09:38:30,.80, Kemiringan (roll) : -2.28
2026-05-21 09:38:30,.80, Kemiringan (roll) : -2.28
2026-05-21 09:38:30,.80, Kemiringan (roll) : -2.28
2026-05-21 09:38:30,.80, Kemiringan (roll) : -2.28
2026-05-21 09:38:30,.80, Kemiringan (roll) : -2.28
2026-05-21 09:38:30,.80, Kemiringan (roll) : -2.28
2026-05-21 09:38:30,.80, Kemiringan (roll) : -2.28
2026-05-21 09:38:30,.80, Kemiringan (roll) : -2.28
2026-05-21 09:38:30,.80, Kemiringan (roll) : -2.28
2026-05-21 09:38:30,.80, Kemiringan (roll) : -2.28
2026-05-21 09:38:30,.80, Kemiringan (roll) : -2.28
2026-05-21 09:38:30,.80, Kemiringan (roll) : -2.28
2026-05-21 09:38:30,.80, Kemiringan (roll) : -2.28
2026-05-21 09:38:30,.80, Kemiringan (roll) : -2.28
2026-05-21 09:38:30,.80, Kemiringan (roll) : -2.28
2026-05-21 09:38:30,.80, Kemiringan (roll) : -2.28
2026-05-21 09:38:30,.80, Kemiringan (roll) : -2.28
2026-05-21 09:38:30,.80, Kemiringan (roll) : -2.28
2026-05-21 09:38:30,.80, Kemiringan (roll) : -2.28
2026-05-21 09:38:30,.80, Kemiringan (roll) : -2.28
2026-05-21 09:38:30,.80, Kemiringan (roll) : -2.28
2026-05-21 09:38:30,.80, Kemiringan (roll) : -2.28
2026-05-21 09:38:30,.80, Kemiringan (roll) : -2.28
2026-05-21 09:38:30,.80, Kemiringan (roll) : -2.28
2026-05-21 09:38:30,.80, Kemiringan (roll) : -2.28
2026-05-21 09:38:30,.80, Kemiringan (roll) : -2.28
2026-05-21 09:38:30,.80, Kemiringan (roll) : -2.28
2026-05-21 09:38:30,.80, Kemiringan (roll) : -2.28
2026-05-21 09:38:30,.80, Kemiringan (roll) : -2.28
2026-05-21 09:38:30,.80, Kemiringan (roll) : -2.28
2026-05-21 09:38:30,.80, Kemiringan (roll) : -2.28
2026-05-21 09:38:30,.80, Kemiringan (roll) : -2.28
2026-05-21 09:38:30,.80, Kemiringan (roll) : -2.28
2026-05-21 09:38:30,.80, Kemiringan (roll) : -2.28
2026-05-21 09:38:30,.80, Kemiringan (roll) : -2.28
2026-05-21 09:38:30,.80, Kemiringan (roll) : -2.28
2026-05-21 09:38:30,.80, Kemiringan (roll) : -2.28
2026-05-21 09:38:30,.80, Kemiringan (roll) : -2.28
2026-05-21 09:38:30,.80, Kemiringan (roll) : -2.28
2026-05-21 09:38:30,.80, Kemiringan (roll) : -2.28
2026-05-21 09:38:30,.80, Kemiringan (roll) : -2.28
2026-05-21 09:38:30,.80, Kemiringan (roll) : -2.28
2026-05-21 09:38:30,.80, Kemiringan (roll) : -2.28
2026-05-21 09:38:30,.80, Kemiringan (roll) : -2.28
2026-05-21 09:38:30,.80, Kemiringan (roll) : -2.28
2026-05-21 09:38:30,.80, Kemiringan (roll) : -2.28
2026-05-21 09:38:30,.80, Kemiringan (roll) : -2.28
2026-05-21 09:38:30,.80, Kemiringan (roll) : -2.28
2026-05-21 09:38:30,.80, Kemiringan (roll) : -2.28
2026-05-21 09:38:30,.80, Kemiringan (roll) : -2.28
2026-05-21 09:38:30,.80, Kemiringan (roll) : -2.28
2026-05-21 09:38:30,.80, Kemiringan (roll) : -2.28
2026-05-21 09:38:30,.80, Kemiringan (roll) : -2.28
2026-05-21 09:38:30,.80, Kemiringan (roll) : -2.28
2026-05-21 09:38:30,.80, Kemiringan (roll) : -2.28
2026-05-21 09:38:30,.80, Kemiringan (roll) : -2.28
2026-05-21 09:38:30,.80, Kemiringan (roll) : -2.28
2026-05-21 09:38:30,.80, Kemiringan (roll) : -2.28
2026-05-21 09:38:30,.80, Kemiringan (roll) : -2.28
2026-05-21 09:38:30,.80, Kemiringan (roll) : -2.28
2026-05-21 09:38:30,.80, Kemiringan (roll) : -2.28
2026-05-21 09:38:30,.80, Kemiringan (roll) : -2.28
2026-05-21 09:38:30,.80, Kemiringan (roll) : -2.28
2026-05-21 09:38:30,.80, Kemiringan (roll) : -2.28
2026-05-21 09:38:30,.80, Kemiringan (roll) : -2.28
2026-05-21 09:38:30,.80, Kemiringan (roll) : -2.28
2026-05-21 09:38:30,.80, Kemiringan (roll) : -2.28
2026-05-21 09:38:30,.80, Kemiringan (roll) : -2.28
2026-05-21 09:38:30,.80, Kemiringan (roll) : -2.28
2026-05-21 09:38:30,.80, Kemiringan (roll) : -2.28
2026-05-21 09:38:30,.80, Kemiringan (roll) : -2.28
2026-05-21 09:38:30,.80, Kemiringan (roll) : -2.28
2026-05-21 09:38:30,.80, Kemiringan (roll) : -2.28
2026-05-21 09:38:30,.80, Kemiringan (roll) : -2.28
2026-05-21 09:38:30,.80, Kemiringan (roll) : -2.28
2026-05-21 09:38:30,.80, Kemiringan (roll) : -2.28
2026-05-21 09:38:30,.80, Kemiringan (roll) : -2.28
2026-05-21 09:38:30,.80, Kemiringan (roll) : -2.28
2026-05-21 09:38:30,.80, Kemiringan (roll) : -2.28
2026-05-21 09:38:30,.80, Kemiringan (roll) : -2.28
2026-05-21 09:38:30,.80, Kemiringan (roll) : -2.28
2026-05-21 09:38:30,.80, Kemiringan (roll) : -2.28
2026-05-21 09:38:30,.80, Kemiringan (roll) : -2.28
2026-05-21 09:38:30,.80, Kemiringan (roll) : -2.28
2026-05-21 09:38:30,.80, Kemiringan (roll) : -2.28
2026-05-21 09:38:30,.80, Kemiringan (roll) : -2.28
2026-05-21 09:38:30,.80, Kemiringan (roll) : -2.28
2026-05-21 09:38:30,.80, Kemiringan (roll) : -2.28
2026-05-21 09:38:30,.80, Kemiringan (roll) : -2.28
2026-05-21 09:38:30,.80, Kemiringan (roll) : -2.28
2026-05-21 09:38:30,.80, Kemiringan (roll) : -2.28
2026-05-21 09:38:30,.80, Kemiringan (roll) : -2.28
2026-05-21 09:38:30,.80, Kemiringan (roll) : -2.28
2026-05-21 09:38:30,.80, Kemiringan (roll) : -2.28
2026-05-21 09:38:30,.80, Kemiringan (roll) : -2.28
2026-05-21 09:38:30,.80, Kemiringan (roll) : -2.28
2026-05-21 09:38:30,.80, Kemiringan (roll) : -2.28
2026-05-21 09:38:30,.80, Kemiringan (roll) : -2.28
2026-05-21 09:38:30,.80, Kemiringan (roll) : -2.28
2026-05-21 09:38:30,.80, Kemiringan (roll) : -2.28
2026-05-21 09:38:30,.80, Kemiringan (roll) : -2.28
2026-05-21 09:38:30,.80, Kemiringan (roll) : -2.28
2026-05-21 09:38:30,.80, Kemiringan (roll) : -2.28
2026-05-21 09:38:30,.80, Kemiringan (roll) : -2.28
2026-05-21 09:38:30,.80, Kemiringan (roll) : -2.28
2026-05-21 09:38:30,.80, Kemiringan (roll) : -2.28
2026-05-21 09:38:30,.80, Kemiringan (roll) : -2.28
2026-05-21 09:38:30,.80, Kemiringan (roll) : -2.28
2026-05-21 09:38:30,.80, Kemiringan (roll) : -2.28
2026-05-21 09:38:30,.80, Kemiringan (roll) : -2.28
2026-05-21 09:38:30,.80, Kemiringan (roll) : -2.28
2026-05-21 09:38:30,.80, Kemiringan (roll) : -2.28
2026-05-21 09:38:30,.80, Kemiringan (roll) : -2.28
2026-05-21 09:38:30,.80, Kemiringan (roll) : -2.28
2026-05-21 09:38:30,.80, Kemiringan (roll) : -2.28
2026-05-21 09:38:30,.80, Kemiringan (roll) : -2.28
2026-05-21 09:38:30,.80, Kemiringan (roll) : -2.28
2026-05-21 09:38:30,.80, Kemiringan (roll) : -2.28
2026-05-21 09:38:30,.80, Kemiringan (roll) : -2.28
2026-05-21 09:38:30,.80, Kemiringan (roll) : -2.28
2026-05-21 09:38:30,.80, Kemiringan (roll) : -2.28
2026-05-21 09:38:30,.80, Kemiringan (roll) : -2.28
2026-05-21 09:38:30,.80, Kemiringan (roll) : -2.28
2026-05-21 09:38:30,.80, Kemiringan (roll) : -2.28
2026-05-21 09:38:30,.80, Kemiringan (roll) : -2.28
2026-05-21 09:38:30,.80, Kemiringan (roll) : -2.28
2026-05-21 09:38:30,.80, Kemiringan (roll) : -2.28
2026-05-21 09:38:30,.80, Kemiringan (roll) : -2.28
2026-05-21 09:38:30,.80, Kemiringan (roll) : -2.28
2026-05-21 09:38:30,.80, Kemiringan (roll) : -2.28
2026-05-21 09:38:30,.80, Kemiringan (roll) : -2.28
2026-05-21 09:38:30,.80, Kemiringan (roll) : -2.28
2026-05-21 09:38:30,.80, Kemiringan (roll) : -2.28
2026-05-21 09:38:30,.80, Kemiringan (roll) : -2.28
2026-05-21 09:38:30,.80, Kemiringan (roll) : -2.28
2026-05-21 09:38:30,.80, Kemiringan (roll) : -2.28
2026-05-21 09:38:30,.80, Kemiringan (roll) : -2.28
2026-05-21 09:38:30,.80, Kemiringan (roll) : -2.28
2026-05-21 09:38:30,.80, Kemiringan (roll) : -2.28
2026-05-21 09:38:30,.80, Kemiringan (roll) : -2.28
2026-05-21 09:38:30,.80, Kemiringan (roll) : -2.28
2026-05-21 09:38:30,.80, Kemiringan (roll) : -2.28
2026-05-21 09:38:30,.80, Kemiringan (roll) : -2.28
2026-05-21 09:38:30,.80, Kemiringan (roll) : -2.28
2026-05-21 09:38:30,.80, Kemiringan (roll) : -2.28
2026-05-21 09:38:30,.80, Kemiringan (roll) : -2.28
2026-05-21 09:38:30,.80, Kemiringan (roll) : -2.28
2026-05-21 09:38:30,.80, Kemiringan (roll) : -2.28
2026-05-21 09:38:30,.80, Kemiringan (roll) : -2.28
2026-05-21 09:38:30,.80, Kemiringan (roll) : -2.28
2026-05-21 09:38:30,.80, Kemiringan (roll) : -2.28
2026-05-21 09:38:30,.80, Kemiringan (roll) : -2.28
2026-05-21 09:38:30,.80, Kemiringan (roll) : -2.28
2026-05-21 09:38:30,.80, Kemiringan (roll) : -2.28
2026-05-21 09:38:30,.80, Kemiringan (roll) : -2.28
2026-05-21 09:38:30,.80, Kemiringan (roll) : -2.28
2026-05-21 09:38:30,.80, Kemiringan (roll) : -2.28
2026-05-21 09:38:30,.80, Kemiringan (roll) : -2.28
2026-05-21 09:38:30,.80, Kemiringan (roll) : -2.28
2026-05-21 09:38:30,.80, Kemiringan (roll) : -2.28
2026-05-21 09:38:30,.80, Kemiringan (roll) : -2.28
2026-05-21 09:38:30,.80, Kemiringan (roll) : -2.28
2026-05-21 09:38:30,.80, Kemiringan (roll) : -2.28
2026-05-21 09:38:30,.80, Kemiringan (roll) : -2.28
2026-05-21 09:38:30,.80, Kemiringan (roll) : -2.28
2026-05-21 09:38:30,.80, Kemiringan (roll) : -2.28
2026-05-21 09:38:30,.80, Kemiringan (roll) : -2.28
2026-05-21 09:38:30,.80, Kemiringan (roll) : -2.28
2026-05-21 09:38:30,.80, Kemiringan (roll) : -2.28
2026-05-21 09:38:30,.80, Kemiringan (roll) : -2.28
2026-05-21 09:38:30,.80, Kemiringan (roll) : -2.28
2026-05-21 09:38:30,.80, Kemiringan (roll) : -2.28
2026-05-21 09:38:30,.80, Kemiringan (roll) : -2.28
2026-05-21 09:38:30,.80, Kemiringan (roll) : -2.28
2026-05-21 09:38:30,.80, Kemiringan (roll) : -2.28
2026-05-21 09:38:30,.80, Kemiringan (roll) : -2.28
2026-05-21 09:38:30,.80, Kemiringan (roll) : -2.28
2026-05-21 09:38:30,.80, Kemiringan (roll) : -2.28
2026-05-21 09:38:30,.80, Kemiringan (roll) : -2.28
2026-05-21 09:38:30,.80, Kemiringan (roll) : -2.28
2026-05-21 09:38:30,.80, Kemiringan (roll) : -2.28
2026-05-21 09:38:30,.80, Kemiringan (roll) : -2.28
2026-05-21 09:38:30,.80, Kemiringan (roll) : -2.28
2026-05-21 09:38:30,.80, Kemiringan (roll) : -2.28
2026-05-21 09:38:30,.80, Kemiringan (roll) : -2.28
2026-05-21 09:38:30,.80, Kemiringan (roll) : -2.28
2026-05-21 09:38:30,.80, Kemiringan (roll) : -2.28
2026-05-21 09:38:30,.80, Kemiringan (roll) : -2.28
2026-05-21 09:38:30,.80, Kemiringan (roll) : -2.28
2026-05-21 09:38:30,.80, Kemiringan (roll) : -2.28
2026-05-21 09:38:30,.80, Kemiringan (roll) : -2.28
2026-05-21 09:38:30,.80, Kemiringan (roll) : -2.28
2026-05-21 09:38:30,.80, Kemiringan (roll) : -2.28
2026-05-21 09:38:30,.80, Kemiringan (roll) : -2.28
2026-05-21 09:38:30,.80, Kemiringan (roll) : -2.28
2026-05-21 09:38:30,.80, Kemiringan (roll) : -2.28
2026-05-21 09:38:30,.80, Kemiringan (roll) : -2.28
2026-05-21 09:38:30,.80, Kemiringan (roll) : -2.28
2026-05-21 09:38:30,.80, Kemiringan (roll) : -2.28
2026-05-21 09:38:30,.80, Kemiringan (roll) : -2.28
2026-05-21 09:38:30,.80, Kemiringan (roll) : -2.28
2026-05-21 09:38:30,.80, Kemiringan (roll) : -2.28
2026-05-21 09:38:30,.80, Kemiringan (roll) : -2.28
2026-05-21 09:38:30,.80, Kemiringan (roll) : -2.28
2026-05-21 09:38:30,.80, Kemiringan (roll) : -2.28
2026-05-21 09:38:30,.80, Kemiringan (roll) : -2.28
2026-05-21 09:38:30,.80, Kemiringan (roll) : -2.28
2026-05-21 09:38:30,.80, Kemiringan (roll) : -2.28
2026-05-21 09:38:30,.80, Kemiringan (roll) : -2.28
2026-05-21 09:38:30,.80, Kemiringan (roll) : -2.28
2026-05-21 09:38:30,.80, Kemiringan (roll) : -2.28
2026-05-21 09:38:30,.80, Kemiringan (roll) : -2.28
2026-05-21 09:38:30,.80, Kemiringan (roll) : -2.28
2026-05-21 09:38:30,.80, Kemiringan (roll) : -2.28
2026-05-21 09:38:30,.80, Kemiringan (roll) : -2.28
2026-05-21 09:38:30,.80, Kemiringan (roll) : -2.28
2026-05-21 09:38:30,.80, Kemiringan (roll) : -2.28
2026-05-21 09:38:30,.80, Kemiringan (roll) : -2.28
2026-05-21 09:38:30,.80, Kemiringan (roll) : -2.28
2026-05-21 09:38:30,.80, Kemiringan (roll) : -2.28
2026-05-21 09:38:30,.80, Kemiringan (roll) : -2.28
2026-05-21 09:38:30,.80, Kemiringan (roll) : -2.28
2026-05-21 09:38:30,.80, Kemiringan (roll) : -2.28
2026-05-21 09:38:30,.80, Kemiringan (roll) : -2.28
2026-05-21 09:38:30,.80, Kemiringan (roll) : -2.28
2026-05-21 09:38:30,.80, Kemiringan (roll) : -2.28
2026-05-21 09:38:30,.80, Kemiringan (roll) : -2.28
2026-05-21 09:38:30,.80, Kemiringan (roll) : -2.28
2026-05-21 09:38:30,.80, Kemiringan (roll) : -2.28
2026-05-21 09:38:30,.80, Kemiringan (roll) : -2.28
2026-05-21 09:38:30,.80, Kemiringan (roll) : -2.28
2026-05-21 09:38:30,.80, Kemiringan (roll) : -2.28
2026-05-21 09:38:30,.80, Kemiringan (roll) : -2.28
2026-05-21 09:38:30,.80, Kemiringan (roll) : -2.28
2026-05-21 09:38:30,.80, Kemiringan (roll) : -2.28
2026-05-21 09:38:30,.80, Kemiringan (roll) : -2.28
2026-05-21 09:38:30,.80, Kemiringan (roll) : -2.28
2026-05-21 09:38:30,.80, Kemiringan (roll) : -2.28
2026-05-21 09:38:30,.80, Kemiringan (roll) : -2.28
2026-05-21 09:38:30,.80, Kemiringan (roll) : -2.28
2026-05-21 09:38:30,.80, Kemiringan (roll) : -2.28
2026-05-21 09:38:30,.80, Kemiringan (roll) : -2.28
2026-05-21 09:38:30,.80, Kemiringan (roll) : -2.28
2026-05-21 09:38:30,.80, Kemiringan (roll) : -2.28
2026-05-21 09:38:30,.80, Kemiringan (roll) : -2.28
2026-05-21 09:38:30,.80, Kemiringan (roll) : -2.28
2026-05-21 09:38:30,.80, Kemiringan (roll) : -2.28
2026-05-21 09:38:30,.80, Kemiringan (roll) : -2.28
2026-05-21 09:38:30,.80, Kemiringan (roll) : -2.28
2026-05-21 09:38:30,.80, Kemiringan (roll) : -2.28
2026-05-21 09:38:30,.80, Kemiringan (roll) : -2.28
2026-05-21 09:38:30,.80, Kemiringan (roll) : -2.28
2026-05-21 09:38:30,.80, Kemiringan (roll) : -2.28
2026-05-21 09:38:30,.80, Kemiringan (roll) : -2.28
2026-05-21 09:38:30,.80, Kemiringan (roll) : -2.28
2026-05-21 09:38:30,.80, Kemiringan (roll) : -2.28
2026-05-21 09:38:30,.80, Kemiringan (roll) : -2.28
2026-05-21 09:38:30,.80, Kemiringan (roll) : -2.28
2026-05-21 09:38:30,.80, Kemiringan (roll) : -2.28
2026-05-21 09:38:30,.80, Kemiringan (roll) : -2.28
2026-05-21 09:38:30,.80, Kemiringan (roll) : -2.28
2026-05-21 09:38:30,.80, Kemiringan (roll) : -2.28
2026-05-21 09:38:30,.80, Kemiringan (roll) : -2.28
2026-05-21 09:38:30,.80, Kemiringan (roll) : -2.28
2026-05-21 09:38:30,.80, Kemiringan (roll) : -2.28
2026-05-21 09:38:30,.80, Kemiringan (roll) : -2.28
2026-05-21 09:38:30,.80, Kemiringan (roll) : -2.28
2026-05-21 09:38:30,.80, Kemiringan (roll) : -2.28
2026-05-21 09:38:30,.80, Kemiringan (roll) : -2.28
2026-05-21 09:38:30,.80, Kemiringan (roll) : -2.28
2026-05-21 09:38:30,.80, Kemiringan (roll) : -2.28
2026-05-21 09:38:30,.80, Kemiringan (roll) : -2.28
2026-05-21 09:38:30,.80, Kemiringan (roll) : -2.28
2026-05-21 09:38:30,.80, Kemiringan (roll) : -2.28
2026-05-21 09:38:30,.80, Kemiringan (roll) : -2.28
2026-05-21 09:38:30,.80, Kemiringan (roll) : -2.28
2026-05-21 09:38:30,.80, Kemiringan (roll) : -2.28
2026-05-21 09:38:30,.80, Kemiringan (roll) : -2.28
2026-05-21 09:38:30,.80, Kemiringan (roll) : -2.28
2026-05-21 09:38:30,.80, Kemiringan (roll) : -2.28
2026-05-21 09:38:30,.80, Kemiringan (roll) : -2.28
2026-05-21 09:38:30,.80, Kemiringan (roll) : -2.28
2026-05-21 09:38:30,.80, Kemiringan (roll) : -2.28
2026-05-21 09:38:30,.80, Kemiringan (roll) : -2.28
2026-05-21 09:38:30,.80, Kemiringan (roll) : -2.28
2026-05-21 09:38:30,.80, Kemiringan (roll) : -2.28
2026-05-21 09:38:30,.80, Kemiringan (roll) : -2.28
2026-05-21 09:38:30,.80, Kemiringan (roll) : -2.28
2026-05-21 09:38:30,.80, Kemiringan (roll) : -2.28
2026-05-21 09:38:30,.80, Kemiringan (roll) : -2.28
2026-05-21 09:38:30,.80, Kemiringan (roll) : -2.28
2026-05-21 09:38:30,.80, Kemiringan (roll) : -2.28
2026-05-21 09:38:30,.80, Kemiringan (roll) : -2.28
2026-05-21 09:38:30,.80, Kemiringan (roll) : -2.28
2026-05-21 09:38:30,.80, Kemiringan (roll) : -2.28
2026-05-21 09:38:30,.80, Kemiringan (roll) : -2.28
2026-05-21 09:38:30,.80, Kemiringan (roll) : -2.28
2026-05-21 09:38:30,.80, Kemiringan (roll) : -2.28
2026-05-21 09:38:30,.80, Kemiringan (roll) : -2.28
2026-05-21 09:38:30,.80, Kemiringan (roll) : -2.28
2026-05-21 09:38:30,.80, Kemiringan (roll) : -2.28
2026-05-21 09:38:30,.80, Kemiringan (roll) : -2.28
2026-05-21 09:38:30,.80, Kemiringan (roll) : -2.28
2026-05-21 09:38:30,.80, Kemiringan (roll) : -2.28
2026-05-21 09:38:30,.80, Kemiringan (roll) : -2.28
2026-05-21 09:38:30,.80, Kemiringan (roll) : -2.28
2026-05-21 09:38:30,.80, Kemiringan (roll) : -2.28
2026-05-21 09:38:30,.80, Kemiringan (roll) : -2.28
2026-05-21 09:38:30,.80, Kemiringan (roll) : -2.28
2026-05-21 09:38:30,.80, Kemiringan (roll) : -2.28
2026-05-21 09:38:30,.80, Kemiringan (roll) : -2.28
2026-05-21 09:38:30,.80, Kemiringan (roll) : -2.28
2026-05-21 09:38:30,.80, Kemiringan (roll) : -2.28
2026-05-21 09:38:30,.80, Kemiringan (roll) : -2.28
2026-05-21 09:38:30,.80, Kemiringan (roll) : -2.28
2026-05-21 09:38:30,.80, Kemiringan (roll) : -2.28
2026-05-21 09:38:30,.80, Kemiringan (roll) : -2.28
2026-05-21 09:38:30,.80, Kemiringan (roll) : -2.28
2026-05-21 09:38:30,.80, Kemiringan (roll) : -2.28
2026-05-21 09:38:30,.80, Kemiringan (roll) : -2.28
2026-05-21 09:38:30,.80, Kemiringan (roll) : -2.28
2026-05-21 09:38:30,.80, Kemiringan (roll) : -2.28
2026-05-21 09:38:30,.80, Kemiringan (roll) : -2.28
2026-05-21 09:38:30,.80, Kemiringan (roll) : -2.28
2026-05-21 09:38:30,.80, Kemiringan (roll) : -2.28
2026-05-21 09:38:30,.80, Kemiringan (roll) : -2.28
2026-05-21 09:38:30,.80, Kemiringan (roll) : -2.28
2026-05-21 09:38:30,.80, Kemiringan (roll) : -2.28
2026-05-21 09:38:30,.80, Kemiringan (roll) : -2.28
2026-05-21 09:38:30,.80, Kemiringan (roll) : -2.28
2026-05-21 09:38:30,.80, Kemiringan (roll) : -2.28
2026-05-21 09:38:30,.80, Kemiringan (roll) : -2.28
2026-05-21 09:38:30,.80, Kemiringan (roll) : -2.28
2026-05-21 09:38:30,.80, Kemiringan (roll) : -2.28
2026-05-21 09:38:30,.80, Kemiringan (roll) : -2.28
2026-05-21 09:38:30,.80, Kemiringan (roll) : -2.28
2026-05-21 09:38:30,.80, Kemiringan (roll) : -2.28
2026-05-21 09:38:30,.80, Kemiringan (roll) : -2.28
2026-05-21 09:38:30,.80, Kemiringan (roll) : -2.28
2026-05-21 09:38:30,.80, Kemiringan (roll) : -2.28
2026-05-21 09:38:30,.80, Kemiringan (roll) : -2.28
2026-05-21 09:38:30,.80, Kemiringan (roll) : -2.28
2026-05-21 09:38:30,.80, Kemiringan (roll) : -2.28
2026-05-21 09:38:30,.80, Kemiringan (roll) : -2.28
2026-05-21 09:38:30,.80, Kemiringan (roll) : -2.28
2026-05-21 09:38:30,.80, Kemiringan (roll) : -2.28
2026-05-21 09:38:30,.80, Kemiringan (roll) : -2.28
2026-05-21 09:38:30,.80, Kemiringan (roll) : -2.28
2026-05-21 09:38:30,.80, Kemiringan (roll) : -2.28
2026-05-21 09:38:30,.80, Kemiringan (roll) : -2.28
2026-05-21 09:38:30,.80, Kemiringan (roll) : -2.28
2026-05-21 09:38:30,.80, Kemiringan (roll) : -2.28
2026-05-21 09:38:30,.80, Kemiringan (roll) : -2.28
2026-05-21 09:38:30,.80, Kemiringan (roll) : -2.28
2026-05-21 09:38:30,.80, Kemiringan (roll) : -2.28
2026-05-21 09:38:30,.80, Kemiringan (roll) : -2.28
2026-05-21 09:38:30,.80, Kemiringan (roll) : -2.28
2026-05-21 09:38:30,.80, Kemiringan (roll) : -2.28
2026-05-21 09:38:30,.80, Kemiringan (roll) : -2.28
2026-05-21 09:38:30,.80, Kemiringan (roll) : -2.28
2026-05-21 09:38:30,.80, Kemiringan (roll) : -2.28
2026-05-21 09:38:30,.80, Kemiringan (roll) : -2.28
2026-05-21 09:38:30,.80, Kemiringan (roll) : -2.28
2026-05-21 09:38:30,.80, Kemiringan (roll) : -2.28
2026-05-21 09:38:30,.80, Kemiringan (roll) : -2.28
2026-05-21 09:38:30,.80, Kemiringan (roll) : -2.28
2026-05-21 09:38:30,.80, Kemiringan (roll) : -2.28
2026-05-21 09:38:30,.80, Kemiringan (roll) : -2.28
2026-05-21 09:38:30,.80, Kemiringan (roll) : -2.28
2026-05-21 09:38:30,.80, Kemiringan (roll) : -2.28
2026-05-21 09:38:30,.80, Kemiringan (roll) : -2.28
2026-05-21 09:38:30,.80, Kemiringan (roll) : -2.28
2026-05-21 09:38:30,.80, Kemiringan (roll) : -2.28
2026-05-21 09:38:30,.80, Kemiringan (roll) : -2.28
2026-05-21 09:38:30,.80, Kemiringan (roll) : -2.28
2026-05-21 09:38:30,.80, Kemiringan (roll) : -2.28
2026-05-21 09:38:30,.80, Kemiringan (roll) : -2.28
2026-05-21 09:38:30,.80, Kemiringan (roll) : -2.28
2026-05-21 09:38:30,.80, Kemiringan (roll) : -2.28
2026-05-21 09:38:30,.80, Kemiringan (roll) : -2.28
2026-05-21 09:38:30,.80, Kemiringan (roll) : -2.28
2026-05-21 09:38:30,.80, Kemiringan (roll) : -2.28
2026-05-21 09:38:30,.80, Kemiringan (roll) : -2.28
2026-05-21 09:38:30,.80, Kemiringan (roll) : -2.28
2026-05-21 09:38:30,.80, Kemiringan (roll) : -2.28
2026-05-21 09:38:30,.80, Kemiringan (roll) : -2.28
2026-05-21 09:38:30,.80, Kemiringan (roll) : -2.28
2026-05-21 09:38:30,.80, Kemiringan (roll) : -2.28
2026-05-21 09:38:30,.80, Kemiringan (roll) : -2.28
2026-05-21 09:38:30,.80, Kemiringan (roll) : -2.28
2026-05-21 09:38:30,.80, Kemiringan (roll) : -2.28
2026-05-21 09:38:30,.80, Kemiringan (roll) : -2.28
2026-05-21 09:38:30,.80, Kemiringan (roll) : -2.28
2026-05-21 09:38:30,.80, Kemiringan (roll) : -2.28
2026-05-21 09:38:30,.80, Kemiringan (roll) : -2.28
2026-05-21 09:38:30,.80, Kemiringan (roll) : -2.28
2026-05-21 09:38:30,.80, Kemiringan (roll) : -2.28
2026-05-21 09:38:30,.80, Kemiringan (roll) : -2.28
2026-05-21 09:38:30,.80, Kemiringan (roll) : -2.28
2026-05-21 09:38:30,.80, Kemiringan (roll) : -2.28
2026-05-21 09:38:30,.80, Kemiringan (roll) : -2.28
2026-05-21 09:38:30,.80, Kemiringan (roll) : -2.28
2026-05-21 09:38:30,.80, Kemiringan (roll) : -2.28
2026-05-21 09:38:30,.80, Kemiringan (roll) : -2.28
2026-05-21 09:38:30,.80, Kemiringan (roll) : -2.28
2026-05-21 09:38:30,.80, Kemiringan (roll) : -2.28
2026-05-21 09:38:30,.80, Kemiringan (roll) : -2.28
2026-05-21 09:38:30,.80, Kemiringan (roll) : -2.28
2026-05-21 09:38:30,.80, Kemiringan (roll) : -2.28
2026-05-21 09:38:30,.80, Kemiringan (roll) : -2.28
2026-05-21 09:38:30,.80, Kemiringan (roll) : -2.28
2026-05-21 09:38:30,.80, Kemiringan (roll) : -2.28
2026-05-21 09:38:30,.80, Kemiringan (roll) : -2.28
2026-05-21 09:38:30,.80, Kemiringan (roll) : -2.28
2026-05-21 09:38:30,.80, Kemiringan (roll) : -2.28
2026-05-21 09:38:30,.80, Kemiringan (roll) : -2.28
2026-05-21 09:38:30,.80, Kemiringan (roll) : -2.28
2026-05-21 09:38:30,.80, Kemiringan (roll) : -2.28
2026-05-21 09:38:30,.80, Kemiringan (roll) : -2.28
2026-05-21 09:38:30,.80, Kemiringan (roll) : -2.28
2026-05-21 09:38:30,.80, Kemiringan (roll) : -2.28
2026-05-21 09:38:30,.80, Kemiringan (roll) : -2.28
2026-05-21 09:38:30,.80, Kemiringan (roll) : -2.28
2026-05-21 09:38:30,.80, Kemiringan (roll) : -2.28
2026-05-21 09:38:30,.80, Kemiringan (roll) : -2.28
2026-05-21 09:38:30,.80, Kemiringan (roll) : -2.28
2026-05-21 09:38:30,.80, Kemiringan (roll) : -2.28
2026-05-21 09:38:30,.80, Kemiringan (roll) : -2.28
2026-05-21 09:38:30,.80, Kemiringan (roll) : -2.28
2026-05-21 09:38:30,.80, Kemiringan (roll) : -2.28
2026-05-21 09:38:30,.80, Kemiringan (roll) : -2.28
2026-05-21 09:38:30,.80, Kemiringan (roll) : -2.28
2026-05-21 09:38:30,.80, Kemiringan (roll) : -2.28
2026-05-21 09:38:30,.80, Kemiringan (roll) : -2.28
2026-05-21 09:38:30,.80, Kemiringan (roll) : -2.28
2026-05-21 09:38:30,.80, Kemiringan (roll) : -2.28
2026-05-21 09:38:30,.80, Kemiringan (roll) : -2.28
2026-05-21 09:38:30,.80, Kemiringan (roll) : -2.28
2026-05-21 09:38:30,.80, Kemiringan (roll) : -2.28
2026-05-21 09:38:30,.80, Kemiringan (roll) : -2.28
2026-05-21 09:38:30,.80, Kemiringan (roll) : -2.28
2026-05-21 09:38:30,.80, Kemiringan (roll) : -2.28
2026-05-21 09:38:30,.80, Kemiringan (roll) : -2.28
2026-05-21 09:38:30,.80, Kemiringan (roll) : -2.28
2026-05-21 09:38:30,.80, Kemiringan (roll) : -2.28
2026-05-21 09:38:30,.80, Kemiringan (roll) : -2.28
2026-05-21 09:38:30,.80, Kemiringan (roll) : -2.28
2026-05-21 09:38:30,.80, Kemiringan (roll) : -2.28
2026-05-21 09:38:30,.80, Kemiringan (roll) : -2.28
2026-05-21 09:38:30,.80, Kemiringan (roll) : -2.28
2026-05-21 09:38:30,.80, Kemiringan (roll) : -2.28
2026-05-21 09:38:30,.80, Kemiringan (roll) : -2.28
2026-05-21 09:38:30,.80, Kemiringan (roll) : -2.28
2026-05-21 09:38:30,.80, Kemiringan (roll) : -2.28
2026-05-21 09:38:30,.80, Kemiringan (roll) : -2.28
2026-05-21 09:38:30,.80, Kemiringan (roll) : -2.28
2026-05-21 09:38:30,.80, Kemiringan (roll) : -2.28
2026-05-21 09:38:30,.80, Kemiringan (roll) : -2.28
2026-05-21 09:38:30,.80, Kemiringan (roll) : -2.28
2026-05-21 09:38:30,.80, Kemiringan (roll) : -2.28
2026-05-21 09:38:30,.80, Kemiringan (roll) : -2.28
2026-05-21 09:38:30,.80, Kemiringan (roll) : -2.28
2026-05-21 09:38:30,.80, Kemiringan (roll) : -2.28
2026-05-21 09:38:30,.80, Kemiringan (roll) : -2.28
2026-05-21 09:38:30,.80, Kemiringan (roll) : -2.28
2026-05-21 09:38:30,.80, Kemiringan (roll) : -2.28
2026-05-21 09:38:30,.80, Kemiringan (roll) : -2.28
2026-05-21 09:38:30,.80, Kemiringan (roll) : -2.28
2026-05-21 09:38:30,.80, Kemiringan (roll) : -2.28
2026-05-21 09:38:30,.80, Kemiringan (roll) : -2.28
2026-05-21 09:38:30,.80, Kemiringan (roll) : -2.28
2026-05-21 09:38:30,.80, Kemiringan (roll) : -2.28
2026-05-21 09:38:30,.80, Kemiringan (roll) : -2.28
2026-05-21 09:38:30,.80, Kemiringan (roll) : -2.28
2026-05-21 09:38:30,.80, Kemiringan (roll) : -2.28
2026-05-21 09:38:30,.80, Kemiringan (roll) : -2.28
2026-05-21 09:38:30,.80, Kemiringan (roll) : -2.28
2026-05-21 09:38:30,.80, Kemiringan (roll) : -2.28
2026-05-21 09:38:30,.80, Kemiringan (roll) : -2.28
2026-05-21 09:38:30,.80, Kemiringan (roll) : -2.28
2026-05-21 09:38:30,.80, Kemiringan (roll) : -2.28
2026-05-21 09:38:30,.80, Kemiringan (roll) : -2.28
2026-05-21 09:38:30,.80, Kemiringan (roll) : -2.28
2026-05-21 09:38:30,.80, Kemiringan (roll) : -2.28
2026-05-21 09:38:30,.80, Kemiringan (roll) : -2.28
2026-05-21 09:38:30,.80, Kemiringan (roll) : -2.28
2026-05-21 09:38:30,.80, Kemiringan (roll) : -2.28
2026-05-21 09:38:30,.80, Kemiringan (roll) : -2.28
2026-05-21 09:38:30,.80, Kemiringan (roll) : -2.28
2026-05-21 09:38:30,.80, Kemiringan (roll) : -2.28
2026-05-21 09:38:30,.80, Kemiringan (roll) : -2.28
2026-05-21 09:38:30,.80, Kemiringan (roll) : -2.28
2026-05-21 09:38:30,.80, Kemiringan (roll) : -2.28
2026-05-21 09:38:30,.80, Kemiringan (roll) : -2.28
2026-05-21 09:38:30,.80, Kemiringan (roll) : -2.28
2026-05-21 09:38:30,.80, Kemiringan (roll) : -2.28
2026-05-21 09:38:30,.80, Kemiringan (roll) : -2.28
2026-05-21 09:38:30,.80, Kemiringan (roll) : -2.28
2026-05-21 09:38:30,.80, Kemiringan (roll) : -2.28
2026-05-21 09:38:30,.80, Kemiringan (roll) : -2.28
2026-05-21 09:38:30,.80, Kemiringan (roll) : -2.28
2026-05-21 09:38:30,.80, Kemiringan (roll) : -2.28
2026-05-21 09:38:30,.80, Kemiringan (roll) : -2.28
2026-05-21 09:38:30,.80, Kemiringan (roll) : -2.28
2026-05-21 09:38:30,.80, Kemiringan (roll) : -2.28
2026-05-21 09:38:30,.80, Kemiringan (roll) : -2.28
2026-05-21 09:38:30,.80, Kemiringan (roll) : -2.28
2026-05-21 09:38:30,.80, Kemiringan (roll) : -2.28
2026-05-21 09:38:30,.80, Kemiringan (roll) : -2.28
2026-05-21 09:38:30,.80, Kemiringan (roll) : -2.28
2026-05-21 09:38:30,.80, Kemiringan (roll) : -2.28
2026-05-21 09:38:30,.80, Kemiringan (roll) : -2.28
2026-05-21 09:38:30,.80, Kemiringan (roll) : -2.28
2026-05-21 09:38:30,.80, Kemiringan (roll) : -2.28
2026-05-21 09:38:30,.80, Kemiringan (roll) : -2.28
2026-05-21 09:38:30,.80, Kemiringan (roll) : -2.28
2026-05-21 09:38:30,.80, Kemiringan (roll) : -2.28
2026-05-21 09:38:30,.80, Kemiringan (roll) : -2.28
2026-05-21 09:38:30,.80, Kemiringan (roll) : -2.28
2026-05-21 09:38:30,.80, Kemiringan (roll) : -2.28
2026-05-21 09:38:30,.80, Kemiringan (roll) : -2.28
2026-05-21 09:38:30,.80, Kemiringan (roll) : -2.28
2026-05-21 09:38:30,.80, Kemiringan (roll) : -2.28
2026-05-21 09:38:30,.80, Kemiringan (roll) : -2.28
2026-05-21 09:38:30,.80, Kemiringan (roll) : -2.28
2026-05-21 09:38:30,.80, Kemiringan (roll) : -2.28
2026-05-21 09:38:30,.80, Kemiringan (roll) : -2.28
2026-05-21 09:38:30,.80, Kemiringan (roll) : -2.28
2026-05-21 09:38:30,.80, Kemiringan (roll) : -2.28
2026-05-21 09:38:30,.80, Kemiringan (roll) : -2.28
2026-05-21 09:38:30,.80, Kemiringan (roll) : -2.28
2026-05-21 09:38:30,.80, Kemiringan (roll) : -2.28
2026-05-21 09:38:30,.80, Kemiringan (roll) : -2.28
2026-05-21 09:38:30,.80, Kemiringan (roll) : -2.28
2026-05-21 09:38:30,.80, Kemiringan (roll) : -2.28
2026-05-21 09:38:30,.80, Kemiringan (roll) : -2.28
2026-05-21 09:38:30,.80, Kemiringan (roll) : -2.28
2026-05-21 09:38:30,.80, Kemiringan (roll) : -2.28
2026-05-21 09:38:30,.80, Kemiringan (roll) : -2.28
2026-05-21 09:38:30,.80, Kemiringan (roll) : -2.28
2026-05-21 09:38:30,.80, Kemiringan (roll) : -2.28
2026-05-21 09:38:30,.80, Kemiringan (roll) : -2.28
2026-05-21 09:38:30,.80, Kemiringan (roll) : -2.28
2026-05-21 09:38:30,.80, Kemiringan (roll) : -2.28
2026-05-21 09:38:30,.80, Kemiringan (roll) : -2.28
2026-05-21 09:38:30,.80, Kemiringan (roll) : -2.28
2026-05-21 09:38:30,.80, Kemiringan (roll) : -2.28
2026-05-21 09:38:30,.80, Kemiringan (roll) : -2.28
2026-05-21 09:38:30,.80, Kemiringan (roll) : -2.28
2026-05-21 09:38:30,.80, Kemiringan (roll) : -2.28
2026-05-21 09:38:30,.80, Kemiringan (roll) : -2.28
2026-05-21 09:38:30,.80, Kemiringan (roll) : -2.28
2026-05-21 09:38:30,.80, Kemiringan (roll) : -2.28
2026-05-21 09:38:30,.80, Kemiringan (roll) : -2.28
2026-05-21 09:38:30,.80, Kemiringan (roll) : -2.28
2026-05-21 09:38:30,.80, Kemiringan (roll) : -2.28
2026-05-21 09:38:30,.80, Kemiringan (roll) : -2.28
2026-05-21 09:38:30,.80, Kemiringan (roll) : -2.28
2026-05-21 09:38:30,.80, Kemiringan (roll) : -2.28
2026-05-21 09:38:30,.80, Kemiringan (roll) : -2.28
2026-05-21 09:38:30,.80, Kemiringan (roll) : -2.28
2026-05-21 09:38:30,.80, Kemiringan (roll) : -2.28
2026-05-21 09:38:30,.80, Kemiringan (roll) : -2.28
2026-05-21 09:38:30,.80, Kemiringan (roll) : -2.28
2026-05-21 09:38:30,.80, Kemiringan (roll) : -2.28
2026-05-21 09:38:30,.80, Kemiringan (roll) : -2.28
2026-05-21 09:38:30,.80, Kemiringan (roll) : -2.28
2026-05-21 09:38:30,.80, Kemiringan (roll) : -2.28
2026-05-21 09:38:30,.80, Kemiringan (roll) : -2.28
2026-05-21 09:38:30,.80, Kemiringan (roll) : -2.28
2026-05-21 09:38:30,.80, Kemiringan (roll) : -2.28
2026-05-21 09:38:30,.80, Kemiringan (roll) : -2.28
2026-05-21 09:38:30,.80, Kemiringan (roll) : -2.28
2026-05-21 09:38:30,.80, Kemiringan (roll) : -2.28
2026-05-21 09:38:30,.80, Kemiringan (roll) : -2.28
2026-05-21 09:38:30,.80, Kemiringan (roll) : -2.28
2026-05-21 09:38:30,.80, Kemiringan (roll) : -2.28
2026-05-21 09:38:30,.80, Kemiringan (roll) : -2.28
2026-05-21 09:38:30,.80, Kemiringan (roll) : -2.28
2026-05-21 09:38:30,.80, Kemiringan (roll) : -2.28
2026-05-21 09:38:30,.80, Kemiringan (roll) : -2.28
2026-05-21 09:38:30,.80, Kemiringan (roll) : -2.28
2026-05-21 09:38:30,.80, Kemiringan (roll) : -2.28
2026-05-21 09:38:30,.80, Kemiringan (roll) : -2.28
2026-05-21 09:38:30,.80, Kemiringan (roll) : -2.28
2026-05-21 09:38:30,.80, Kemiringan (roll) : -2.28
2026-05-21 09:38:30,.80, Kemiringan (roll) : -2.28
2026-05-21 09:38:30,.80, Kemiringan (roll) : -2.28
2026-05-21 09:38:30,.80, Kemiringan (roll) : -2.28
2026-05-21 09:38:30,.80, Kemiringan (roll) : -2.28
2026-05-21 09:38:30,.80, Kemiringan (roll) : -2.28
2026-05-21 09:38:30,.80, Kemiringan (roll) : -2.28
2026-05-21 09:38:30,.80, Kemiringan (roll) : -2.28
2026-05-21 09:38:30,.80, Kemiringan (roll) : -2.28
2026-05-21 09:38:30,.80, Kemiringan (roll) : -2.28
2026-05-21 09:38:30,.80, Kemiringan (roll) : -2.28
2026-05-21 09:38:30,.80, Kemiringan (roll) : -2.28
2026-05-21 09:38:30,.80, Kemiringan (roll) : -2.28
2026-05-21 09:38:30,.80, Kemiringan (roll) : -2.28
2026-05-21 09:38:30,.80, Kemiringan (roll) : -2.28
2026-05-21 09:38:30,.80, Kemiringan (roll) : -2.28
2026-05-21 09:38:30,.80, Kemiringan (roll) : -2.28
2026-05-21 09:38:30,.80, Kemiringan (roll) : -2.28
2026-05-21 09:38:30,.80, Kemiringan (roll) : -2.28
2026-05-21 09:38:30,.80, Kemiringan (roll) : -2.28
2026-05-21 09:38:30,.80, Kemiringan (roll) : -2.28
2026-05-21 09:38:30,.80, Kemiringan (roll) : -2.28
2026-05-21 09:38:30,.80, Kemiringan (roll) : -2.28
2026-05-21 09:38:30,.80, Kemiringan (roll) : -2.28
2026-05-21 09:38:30,.80, Kemiringan (roll) : -2.28
2026-05-21 09:38:30,.80, Kemiringan (roll) : -2.28
2026-05-21 09:38:30,.80, Kemiringan (roll) : -2.28
2026-05-21 09:38:30,.80, Kemiringan (roll) : -2.28
2026-05-21 09:38:30,.80, Kemiringan (roll) : -2.28
2026-05-21 09:38:30,.80, Kemiringan (roll) : -2.28
2026-05-21 09:38:30,.80, Kemiringan (roll) : -2.28
2026-05-21 09:38:30,.80, Kemiringan (roll) : -2.28
2026-05-21 09:38:30,.80, Kemiringan (roll) : -2.28
2026-05-21 09:38:30,.80, Kemiringan (roll) : -2.28
2026-05-21 09:38:30,.80, Kemiringan (roll) : -2.28
2026-05-21 09:38:30,.80, Kemiringan (roll) : -2.28
2026-05-21 09:38:30,.80, Kemiringan (roll) : -2.28
2026-05-21 09:38:30,.80, Kemiringan (roll) : -2.28
2026-05-21 09:38:30,.80, Kemiringan (roll) : -2.28
2026-05-21 09:38:30,.80, Kemiringan (roll) : -2.28
2026-05-21 09:38:30,.80, Kemiringan (roll) : -2.28
2026-05-21 09:38:30,.80, Kemiringan (roll) : -2.28
2026-05-21 09:38:30,.80, Kemiringan (roll) : -2.28
2026-05-21 09:38:30,.80, Kemiringan (roll) : -2.28
2026-05-21 09:38:30,.80, Kemiringan (roll) : -2.28
2026-05-21 09:38:30,.80, Kemiringan (roll) : -2.28
2026-05-21 09:38:30,.80, Kemiringan (roll) : -2.28
2026-05-21 09:38:30,.80, Kemiringan (roll) : -2.28
2026-05-21 09:38:30,.80, Kemiringan (roll) : -2.28
2026-05-21 09:38:30,.80, Kemiringan (roll) : -2.28
2026-05-21 09:38:30,.80, Kemiringan (roll) : -2.28
2026-05-21 09:38:30,.80, Kemiringan (roll) : -2.28
2026-05-21 09:38:30,.80, Kemiringan (roll) : -2.28
2026-05-21 09:38:30,.80, Kemiringan (roll) : -2.28
2026-05-21 09:38:30,.80, Kemiringan (roll) : -2.28
2026-05-21 09:38:30,.80, Kemiringan (roll) : -2.28
2026-05-21 09:38:30,.80, Kemiringan (roll) : -2.28
2026-05-21 09:38:30,.80, Kemiringan (roll) : -2.28
2026-05-21 09:38:30,.80, Kemiringan (roll) : -2.28
2026-05-21 09:38:30,.80, Kemiringan (roll) : -2.28
2026-05-21 09:38:30,.80, Kemiringan (roll) : -2.28
2026-05-21 09:38:30,.80, Kemiringan (roll) : -2.28
2026-05-21 09:38:30,.80, Kemiringan (roll) : -2.28
2026-05-21 09:38:30,.80, Kemiringan (roll) : -2.28
2026-05-21 09:38:30,.80, Kemiringan (roll) : -2.28
2026-05-21 09:38:30,.80, Kemiringan (roll) : -2.28
2026-05-21 09:38:30,.80, Kemiringan (roll) : -2.28
2026-05-21 09:38:30,.80, Kemiringan (roll) : -2.28
2026-05-21 09:38:30,.80, Kemiringan (roll) : -2.28
2026-05-21 09:38:30,.80, Kemiringan (roll) : -2.28
2026-05-21 09:38:30,.80, Kemiringan (roll) : -2.28
2026-05-21 09:38:30,.80, Kemiringan (roll) : -2.28
2026-05-21 09:38:30,.80, Kemiringan (roll) : -2.28
2026-05-21 09:38:30,.80, Kemiringan (roll) : -2.28
2026-05-21 09:38:30,.80, Kemiringan (roll) : -2.28
2026-05-21 09:38:30,.80, Kemiringan (roll) : -2.28
2026-05-21 09:38:30,.80, Kemiringan (roll) : -2.28
2026-05-21 09:38:30,.80, Kemiringan (roll) : -2.28
2026-05-21 09:38:30,.80, Kemiringan (roll) : -2.28
2026-05-21 09:38:30,.80, Kemiringan (roll) : -2.28
2026-05-21 09:38:30,.80, Kemiringan (roll) : -2.28
2026-05-21 09:38:30,.80, Kemiringan (roll) : -2.28
2026-05-21 09:38:30,.80, Kemiringan (roll) : -2.28
2026-05-21 09:38:30,.80, Kemiringan (roll) : -2.28
2026-05-21 09:38:30,.80, Kemiringan (roll) : -2.28
2026-05-21 09:38:30,.80, Kemiringan (roll) : -2.28
2026-05-21 09:38:30,.80, Kemiringan (roll) : -2.28
2026-05-21 09:38:30,.80, Kemiringan (roll) : -2.28
2026-05-21 09:38:30,.80, Kemiringan (roll) : -2.28
2026-05-21 09:38:30,.80, Kemiringan (roll) : -2.28
2026-05-21 09:38:30,.80, Kemiringan (roll) : -2.28
2026-05-21 09:38:30,.80, Kemiringan (roll) : -2.28
2026-05-21 09:38:30,.80, Kemiringan (roll) : -2.28
2026-05-21 09:38:30,.80, Kemiringan (roll) : -2.28
2026-05-21 09:38:30,.80, Kemiringan (roll) : -2.28
2026-05-21 09:38:30,.80, Kemiringan (roll) : -2.28
2026-05-21 09:38:30,.80, Kemiringan (roll) : -2.28
2026-05-21 09:38:30,.80, Kemiringan (roll) : -2.28
2026-05-21 09:38:30,.80, Kemiringan (roll) : -2.28
2026-05-21 09:38:30,.80, Kemiringan (roll) : -2.28
2026-05-21 09:38:30,.80, Kemiringan (roll) : -2.28
2026-05-21 09:38:30,.80, Kemiringan (roll) : -2.28
2026-05-21 09:38:30,.80, Kemiringan (roll) : -2.28
2026-05-21 09:38:30,.80, Kemiringan (roll) : -2.28
2026-05-21 09:38:30,.80, Kemiringan (roll) : -2.28
2026-05-21 09:38:30,.80, Kemiringan (roll) : -2.28
2026-05-21 09:38:30,.80, Kemiringan (roll) : -2.28
2026-05-21 09:38:30,.80, Kemiringan (roll) : -2.28
2026-05-21 09:38:30,.80, Kemiringan (roll) : -2.28
2026-05-21 09:38:30,.80, Kemiringan (roll) : -2.28
2026-05-21 09:38:30,.80, Kemiringan (roll) : -2.28
2026-05-21 09:38:30,.80, Kemiringan (roll) : -2.28
2026-05-21 09:38:30,.80, Kemiringan (roll) : -2.28
2026-05-21 09:38:30,.80, Kemiringan (roll) : -2.28
2026-05-21 09:38:30,.80, Kemiringan (roll) : -2.28
2026-05-21 09:38:30,.80, Kemiringan (roll) : -2.28
2026-05-21 09:38:30,.80, Kemiringan (roll) : -2.28
2026-05-21 09:38:30,.80, Kemiringan (roll) : -2.28
2026-05-21 09:38:30,.80, Kemiringan (roll) : -2.28
2026-05-21 09:38:30,.80, Kemiringan (roll) : -2.28
2026-05-21 09:38:30,.80, Kemiringan (roll) : -2.28
2026-05-21 09:38:30,.80, Kemiringan (roll) : -2.28
2026-05-21 09:38:30,.80, Kemiringan (roll) : -2.28
2026-05-21 09:38:30,.80, Kemiringan (roll) : -2.28
2026-05-21 09:38:30,.80, Kemiringan (roll) : -2.28
2026-05-21 09:38:30,.80, Kemiringan (roll) : -2.28
2026-05-21 09:38:30,.80, Kemiringan (roll) : -2.28
2026-05-21 09:38:30,.80, Kemiringan (roll) : -2.28
2026-05-21 09:38:30,.80, Kemiringan (roll) : -2.28
2026-05-21 09:38:30,.80, Kemiringan (roll) : -2.28
2026-05-21 09:38:30,.80, Kemiringan (roll) : -2.28
2026-05-21 09:38:30,.80, Kemiringan (roll) : -2.28
2026-05-21 09:38:30,.80, Kemiringan (roll) : -2.28
2026-05-21 09:38:30,.80, Kemiringan (roll) : -2.28
2026-05-21 09:38:30,.80, Kemiringan (roll) : -2.28
2026-05-21 09:38:30,.80, Kemiringan (roll) : -2.28
2026-05-21 09:38:30,.80, Kemiringan (roll) : -2.28
2026-05-21 09:38:30,.80, Kemiringan (roll) : -2.28
2026-05-21 09:38:30,.80, Kemiringan (roll) : -2.28
2026-05-21 09:38:30,.80, Kemiringan (roll) : -2.28
2026-05-21 09:38:30,.80, Kemiringan (roll) : -2.28
2026-05-21 09:38:30,.80, Kemiringan (roll) : -2.28
2026-05-21 09:38:30,.80, Kemiringan (roll) : -2.28
2026-05-21 09:38:30,.80, Kemiringan (roll) : -2.28
2026-05-21 09:38:30,.80, Kemiringan (roll) : -2.28
2026-05-21 09:38:30,.80, Kemiringan (roll) : -2.28
2026-05-21 09:38:30,.80, Kemiringan (roll) : -2.28
2026-05-21 09:38:30,.80, Kemiringan (roll) : -2.28
2026-05-21 09:38:30,.80, Kemiringan (roll) : -2.28
2026-05-21 09:38:30,.80, Kemiringan (roll) : -2.28
2026-05-21 09:38:30,.80, Kemiringan (roll) : -2.28
2026-05-21 09:38:30,.80, Kemiringan (roll) : -2.28
2026-05-21 09:38:30,.80, Kemiringan (roll) : -2.28
2026-05-21 09:38:30,.80, Kemiringan (roll) : -2.28
2026-05-21 09:38:30,.80, Kemiringan (roll) : -2.28
2026-05-21 09:38:30,.80, Kemiringan (roll) : -2.28
2026-05-21 09:38:30,.80, Kemiringan (roll) : -2.28
2026-05-21 09:38:30,.80, Kemiringan (roll) : -2.28
2026-05-21 09:38:30,.80, Kemiringan (roll) : -2.28
2026-05-21 09:38:30,.80, Kemiringan (roll) : -2.28
2026-05-21 09:38:30,.80, Kemiringan (roll) : -2.28
2026-05-21 09:38:30,.80, Kemiringan (roll) : -2.28
2026-05-21 09:38:30,.80, Kemiringan (roll) : -2.28
2026-05-21 09:38:30,.80, Kemiringan (roll) : -2.28
2026-05-21 09:38:30,.80, Kemiringan (roll) : -2.28
2026-05-21 09:38:30,.80, Kemiringan (roll) : -2.28
2026-05-21 09:38:30,.80, Kemiringan (roll) : -2.28
2026-05-21 09:38:30,.80, Kemiringan (roll) : -2.28
2026-05-21 09:38:30,.80, Kemiringan (roll) : -2.28
2026-05-21 09:38:30,.80, Kemiringan (roll) : -2.28
2026-05-21 09:38:30,.80, Kemiringan (roll) : -2.28
2026-05-21 09:38:30,.80, Kemiringan (roll) : -2.28
2026-05-21 09:38:30,.80, Kemiringan (roll) : -2.28
2026-05-21 09:38:30,.80, Kemiringan (roll) : -2.28
2026-05-21 09:38:30,.80, Kemiringan (roll) : -2.28
2026-05-21 09:38:30,.80, Kemiringan (roll) : -2.28
2026-05-21 09:38:30,.80, Kemiringan (roll) : -2.28
2026-05-21 09:38:30,.80, Kemiringan (roll) : -2.28
2026-05-21 09:38:30,.80, Kemiringan (roll) : -2.28
2026-05-21 09:38:30,.80, Kemiringan (roll) : -2.28
2026-05-21 09:38:30,.80, Kemiringan (roll) : -2.28
2026-05-21 09:38:30,.80, Kemiringan (roll) : -2.28
2026-05-21 09:38:30,.80, Kemiringan (roll) : -2.28
2026-05-21 09:38:30,.80, Kemiringan (roll) : -2.28
2026-05-21 09:38:30,.80, Kemiringan (roll) : -2.28
2026-05-21 09:38:30,.80, Kemiringan (roll) : -2.28
2026-05-21 09:38:30,.80, Kemiringan (roll) : -2.28
2026-05-21 09:38:30,.80, Kemiringan (roll) : -2.28
2026-05-21 09:38:30,.80, Kemiringan (roll) : -2.28
2026-05-21 09:38:30,.80, Kemiringan (roll) : -2.28
2026-05-21 09:38:30,.80, Kemiringan (roll) : -2.28
2026-05-21 09:38:30,.80, Kemiringan (roll) : -2.28
2026-05-21 09:38:30,.80, Kemiringan (roll) : -2.28
2026-05-21 09:38:30,.80, Kemiringan (roll) : -2.28
2026-05-21 09:38:30,.80, Kemiringan (roll) : -2.28
2026-05-21 09:38:30,.80, Kemiringan (roll) : -2.28
2026-05-21 09:38:30,.80, Kemiringan (roll) : -2.28
2026-05-21 09:38:30,.80, Kemiringan (roll) : -2.28
2026-05-21 09:38:30,.80, Kemiringan (roll) : -2.28
2026-05-21 09:38:30,.80, Kemiringan (roll) : -2.28
2026-05-21 09:38:30,.80, Kemiringan (roll) : -2.28
2026-05-21 09:38:30,.80, Kemiringan (roll) : -2.28
2026-05-21 09:38:30,.80, Kemiringan (roll) : -2.28
2026-05-21 09:38:30,.80, Kemiringan (roll) : -2.28
2026-05-21 09:38:30,.80, Kemiringan (roll) : -2.28
2026-05-21 09:38:30,.80, Kemiringan (roll) : -2.28
2026-05-21 09:38:30,.80, Kemiringan (roll) : -2.28
2026-05-21 09:38:30,.80, Kemiringan (roll) : -2.28
2026-05-21 09:38:30,.80, Kemiringan (roll) : -2.28
2026-05-21 09:38:30,.80, Kemiringan (roll) : -2.28
2026-05-21 09:38:30,.80, Kemiringan (roll) : -2.28
2026-05-21 09:38:30,.80, Kemiringan (roll) : -2.28
2026-05-21 09:38:30,.80, Kemiringan (roll) : -2.28
2026-05-21 09:38:30,.80, Kemiringan (roll) : -2.28
2026-05-21 09:38:30,.80, Kemiringan (roll) : -2.28
2026-05-21 09:38:30,.80, Kemiringan (roll) : -2.28
2026-05-21 09:38:30,.80, Kemiringan (roll) : -2.28
2026-05-21 09:38:30,.80, Kemiringan (roll) : -2.28
2026-05-21 09:38:30,.80, Kemiringan (roll) : -2.28
2026-05-21 09:38:30,.80, Kemiringan (roll) : -2.28
2026-05-21 09:38:30,.80, Kemiringan (roll) : -2.28
2026-05-21 09:38:30,.80, Kemiringan (roll) : -2.28
2026-05-21 09:38:30,.80, Kemiringan (roll) : -2.28
2026-05-21 09:38:30,.80, Kemiringan (roll) : -2.28
2026-05-21 09:38:30,.80, Kemiringan (roll) : -2.28
2026-05-21 09:38:30,.80, Kemiringan (roll) : -2.28
2026-05-21 09:38:30,.80, Kemiringan (roll) : -2.28
2026-05-21 09:38:30,.80, Kemiringan (roll) : -2.28
2026-05-21 09:38:30,.80, Kemiringan (roll) : -2.28
2026-05-21 09:38:30,.80, Kemiringan (roll) : -2.28
2026-05-21 09:38:30,.80, Kemiringan (roll) : -2.28
2026-05-21 09:38:30,.80, Kemiringan (roll) : -2.28
2026-05-21 09:38:30,.80, Kemiringan (roll) : -2.28
2026-05-21 09:38:30,.80, Kemiringan (roll) : -2.28
2026-05-21 09:38:30,.80, Kemiringan (roll) : -2.28
2026-05-21 09:38:30,.80, Kemiringan (roll) : -2.28
2026-05-21 09:38:30,.80, Kemiringan (roll) : -2.28
2026-05-21 09:38:30,.80, Kemiringan (roll) : -2.28
2026-05-21 09:38:30,.80, Kemiringan (roll) : -2.28
2026-05-21 09:38:30,.80, Kemiringan (roll) : -2.28
2026-05-21 09:38:30,.80, Kemiringan (roll) : -2.28
2026-05-21 09:38:30,.80, Kemiringan (roll) : -2.28
2026-05-21 09:38:30,.80, Kemiringan (roll) : -2.28
2026-05-21 09:38:30,.80, Kemiringan (roll) : -2.28
2026-05-21 09:38:30,.80, Kemiringan (roll) : -2.28
2026-05-21 09:38:30,.80, Kemiringan (roll) : -2.28
2026-05-21 09:38:30,.80, Kemiringan (roll) : -2.28
2026-05-21 09:38:30,.80, Kemiringan (roll) : -2.28
2026-05-21 09:38:30,.80, Kemiringan (roll) : -2.28
2026-05-21 09:38:30,.80, Kemiringan (roll) : -2.28
2026-05-21 09:38:30,.80, Kemiringan (roll) : -2.28
2026-05-21 09:38:30,.80, Kemiringan (roll) : -2.28
2026-05-21 09:38:30,.80, Kemiringan (roll) : -2.28
2026-05-21 09:38:30,.80, Kemiringan (roll) : -2.28
2026-05-21 09:38:30,.80, Kemiringan (roll) : -2.28
2026-05-21 09:38:30,.80, Kemiringan (roll) : -2.28
2026-05-21 09:38:30,.80, Kemiringan (roll) : -2.28
2026-05-21 09:38:30,.80, Kemiringan (roll) : -2.28
2026-05-21 09:38:30,.80, Kemiringan (roll) : -2.28
2026-05-21 09:38:30,.80, Kemiringan (roll) : -2.28
2026-05-21 09:38:30,.80, Kemiringan (roll) : -2.28
2026-05-21 09:38:30,.80, Kemiringan (roll) : -2.28
2026-05-21 09:38:30,.80, Kemiringan (roll) : -2.28
2026-05-21 09:38:30,.80, Kemiringan (roll) : -2.28
2026-05-21 09:38:30,.80, Kemiringan (roll) : -2.28
2026-05-21 09:38:30,.80, Kemiringan (roll) : -2.28
2026-05-21 09:38:30,.80, Kemiringan (roll) : -2.28
2026-05-21 09:38:30,.80, Kemiringan (roll) : -2.28
2026-05-21 09:38:30,.80, Kemiringan (roll) : -2.28
2026-05-21 09:38:30,.80, Kemiringan (roll) : -2.28
2026-05-21 09:38:30,.80, Kemiringan (roll) : -2.28
2026-05-21 09:38:30,.80, Kemiringan (roll) : -2.28
2026-05-21 09:38:30,.80, Kemiringan (roll) : -2.28
2026-05-21 09:38:30,.80, Kemiringan (roll) : -2.28
2026-05-21 09:38:30,.80, Kemiringan (roll) : -2.28
2026-05-21 09:38:30,.80, Kemiringan (roll) : -2.28
2026-05-21 09:38:30,.80, Kemiringan (roll) : -2.28
2026-05-21 09:38:30,.80, Kemiringan (roll) : -2.28
2026-05-21 09:38:30,.80, Kemiringan (roll) : -2.28
2026-05-21 09:38:30,.80, Kemiringan (roll) : -2.28
2026-05-21 09:38:30,.80, Kemiringan (roll) : -2.28
2026-05-21 09:38:30,.80, Kemiringan (roll) : -2.28
2026-05-21 09:38:30,.80, Kemiringan (roll) : -2.28
2026-05-21 09:38:30,.80, Kemiringan (roll) : -2.28
2026-05-21 09:38:30,.80, Kemiringan (roll) : -2.28
2026-05-21 09:38:30,.80, Kemiringan (roll) : -2.28
2026-05-21 09:38:30,.80, Kemiringan (roll) : -2.28
2026-05-21 09:38:30,.80, Kemiringan (roll) : -2.28
2026-05-21 09:38:30,.80, Kemiringan (roll) : -2.28
2026-05-21 09:38:30,.80, Kemiringan (roll) : -2.28
2026-05-21 09:38:30,.80, Kemiringan (roll) : -2.28
2026-05-21 09:38:30,.80, Kemiringan (roll) : -2.28
2026-05-21 09:38:30,.80, Kemiringan (roll) : -2.28
2026-05-21 09:38:30,.80, Kemiringan (roll) : -2.28
2026-05-21 09:38:30,.80, Kemiringan (roll) : -2.28
2026-05-21 09:38:30,.80, Kemiringan (roll) : -2.28
2026-05-21 09:38:30,.80, Kemiringan (roll) : -2.28
2026-05-21 09:38:30,.80, Kemiringan (roll) : -2.28
2026-05-21 09:38:30,.80, Kemiringan (roll) : -2.28
2026-05-21 09:38:30,.80, Kemiringan (roll) : -2.28
2026-05-21 09:38:30,.80, Kemiringan (roll) : -2.28
2026-05-21 09:38:30,.80, Kemiringan (roll) : -2.28
2026-05-21 09:38:30,.80, Kemiringan (roll) : -2.28
2026-05-21 09:38:30,.80, Kemiringan (roll) : -2.28
2026-05-21 09:38:30,.80, Kemiringan (roll) : -2.28
2026-05-21 09:38:30,.80, Kemiringan (roll) : -2.28
2026-05-21 09:38:30,.80, Kemiringan (roll) : -2.28
2026-05-21 09:38:30,.80, Kemiringan (roll) : -2.28
2026-05-21 09:38:30,.80, Kemiringan (roll) : -2.28
2026-05-21 09:38:30,.80, Kemiringan (roll) : -2.28
2026-05-21 09:38:30,.80, Kemiringan (roll) : -2.28
2026-05-21 09:38:30,.80, Kemiringan (roll) : -2.28
2026-05-21 09:38:30,.80, Kemiringan (roll) : -2.28
2026-05-21 09:38:30,.80, Kemiringan (roll) : -2.28
2026-05-21 09:38:30,.80, Kemiringan (roll) : -2.28
2026-05-21 09:38:30,.80, Kemiringan (roll) : -2.28
2026-05-21 09:38:30,.80, Kemiringan (roll) : -2.28
2026-05-21 09:38:30,.80, Kemiringan (roll) : -2.28
2026-05-21 09:38:30,.80, Kemiringan (roll) : -2.28
2026-05-21 09:38:30,.80, Kemiringan (roll) : -2.28
2026-05-21 09:38:30,.80, Kemiringan (roll) : -2.28
2026-05-21 09:38:30,.80, Kemiringan (roll) : -2.28
2026-05-21 09:38:30,.80, Kemiringan (roll) : -2.28
2026-05-21 09:38:30,.80, Kemiringan (roll) : -2.28
2026-05-21 09:38:30,.80, Kemiringan (roll) : -2.28
2026-05-21 09:38:30,.80, Kemiringan (roll) : -2.28
2026-05-21 09:38:30,.80, Kemiringan (roll) : -2.28
2026-05-21 09:38:30,.80, Kemiringan (roll) : -2.28
2026-05-21 09:38:30,.80, Kemiringan (roll) : -2.28
2026-05-21 09:38:30,.80, Kemiringan (roll) : -2.28
2026-05-21 09:38:30,.80, Kemiringan (roll) : -2.28
2026-05-21 09:38:30,.80, Kemiringan (roll) : -2.28
2026-05-21 09:38:30,.80, Kemiringan (roll) : -2.28
2026-05-21 09:38:30,.80, Kemiringan (roll) : -2.28
2026-05-21 09:38:30,.80, Kemiringan (roll) : -2.28
2026-05-21 09:38:30,.80, Kemiringan (roll) : -2.28
2026-05-21 09:38:30,.80, Kemiringan (roll) : -2.28
2026-05-21 09:38:30,.80, Kemiringan (roll) : -2.28
2026-05-21 09:38:30,.80, Kemiringan (roll) : -2.28
2026-05-21 09:38:30,.80, Kemiringan (roll) : -2.28
2026-05-21 09:38:30,.80, Kemiringan (roll) : -2.28
2026-05-21 09:38:30,.80, Kemiringan (roll) : -2.28
2026-05-21 09:38:30,.80, Kemiringan (roll) : -2.28
2026-05-21 09:38:30,.80, Kemiringan (roll) : -2.28
2026-05-21 09:38:30,.80, Kemiringan (roll) : -2.28
2026-05-21 09:38:30,.80, Kemiringan (roll) : -2.28
2026-05-21 09:38:30,.80, Kemiringan (roll) : -2.28
2026-05-21 09:38:30,.80, Kemiringan (roll) : -2.28
2026-05-21 09:38:30,.80, Kemiringan (roll) : -2.28
2026-05-21 09:38:30,.80, Kemiringan (roll) : -2.28
2026-05-21 09:38:30,.80, Kemiringan (roll) : -2.28
2026-05-21 09:38:30,.80, Kemiringan (roll) : -2.28
2026-05-21 09:38:30,.80, Kemiringan (roll) : -2.28
2026-05-21 09:38:30,.80, Kemiringan (roll) : -2.28
2026-05-21 09:38:30,.80, Kemiringan (roll) : -2.28
2026-05-21 09:38:30,.80, Kemiringan (roll) : -2.28
2026-05-21 09:38:30,.80, Kemiringan (roll) : -2.28
2026-05-21 09:38:30,.80, Kemiringan (roll) : -2.28
2026-05-21 09:38:30,.80, Kemiringan (roll) : -2.28
2026-05-21 09:38:30,.80, Kemiringan (roll) : -2.28
2026-05-21 09:38:30,.80, Kemiringan (roll) : -2.28
2026-05-21 09:38:30,.80, Kemiringan (roll) : -2.28
2026-05-21 09:38:30,.80, Kemiringan (roll) : -2.28
2026-05-21 09:38:30,.80, Kemiringan (roll) : -2.28
2026-05-21 09:38:30,.80, Kemiringan (roll) : -2.28
2026-05-21 09:38:30,.80, Kemiringan (roll) : -2.28
2026-05-21 09:38:30,.80, Kemiringan (roll) : -2.28
2026-05-21 09:38:30,.80, Kemiringan (roll) : -2.28
2026-05-21 09:38:30,.80, Kemiringan (roll) : -2.28
2026-05-21 09:38:30,.80, Kemiringan (roll) : -2.28
2026-05-21 09:38:30,.80, Kemiringan (roll) : -2.28
2026-05-21 09:38:30,.80, Kemiringan (roll) : -2.28
2026-05-21 09:38:30,.80, Kemiringan (roll) : -2.28
2026-05-21 09:38:30,.80, Kemiringan (roll) : -2.28
2026-05-21 09:38:30,.80, Kemiringan (roll) : -2.28
2026-05-21 09:38:30,.80, Kemiringan (roll) : -2.28
2026-05-21 09:38:30,.80, Kemiringan (roll) : -2.28
2026-05-21 09:38:30,.80, Kemiringan (roll) : -2.28
2026-05-21 09:38:30,.80, Kemiringan (roll) : -2.28
2026-05-21 09:38:30,.80, Kemiringan (roll) : -2.28
2026-05-21 09:38:30,.80, Kemiringan (roll) : -2.28
2026-05-21 09:38:30,.80, Kemiringan (roll) : -2.28
2026-05-21 09:38:30,.80, Kemiringan (roll) : -2.28
2026-05-21 09:38:30,.80, Kemiringan (roll) : -2.28
2026-05-21 09:38:30,.80, Kemiringan (roll) : -2.28
2026-05-21 09:38:30,.80, Kemiringan (roll) : -2.28
2026-05-21 09:38:30,.80, Kemiringan (roll) : -2.28
2026-05-21 09:38:30,.80, Kemiringan (roll) : -2.28
2026-05-21 09:38:30,.80, Kemiringan (roll) : -2.28
2026-05-21 09:38:30,.80, Kemiringan (roll) : -2.28
2026-05-21 09:38:30,.80, Kemiringan (roll) : -2.28
2026-05-21 09:38:30,.80, Kemiringan (roll) : -2.28
2026-05-21 09:38:30,.80, Kemiringan (roll) : -2.28
2026-05-21 09:38:30,.80, Kemiringan (roll) : -2.28
2026-05-21 09:38:30,.80, Kemiringan (roll) : -2.28
2026-05-21 09:38:30,.80, Kemiringan (roll) : -2.28
2026-05-21 09:38:30,.80, Kemiringan (roll) : -2.28
2026-05-21 09:38:30,.80, Kemiringan (roll) : -2.28
2026-05-21 09:38:30,.80, Kemiringan (roll) : -2.28
2026-05-21 09:38:30,.80, Kemiringan (roll) : -2.28
2026-05-21 09:38:30,.80, Kemiringan (roll) : -2.28
2026-05-21 09:38:30,.80, Kemiringan (roll) : -2.28
2026-05-21 09:38:30,.80, Kemiringan (roll) : -2.28
2026-05-21 09:38:30,.80, Kemiringan (roll) : -2.28
2026-05-21 09:38:30,.80, Kemiringan (roll) : -2.28
2026-05-21 09:38:30,.80, Kemiringan (roll) : -2.28
2026-05-21 09:38:30,.80, Kemiringan (roll) : -2.28
2026-05-21 09:38:30,.80, Kemiringan (roll) : -2.28
2026-05-21 09:38:30,.80, Kemiringan (roll) : -2.28
2026-05-21 09:38:30,.80, Kemiringan (roll) : -2.28
2026-05-21 09:38:30,.80, Kemiringan (roll) : -2.28
2026-05-21 09:38:30,.80, Kemiringan (roll) : -2.28
2026-05-21 09:38:30,.80, Kemiringan (roll) : -2.28
2026-05-21 09:38:30,.80, Kemiringan (roll) : -2.28
2026-05-21 09:38:30,.80, Kemiringan (roll) : -2.28
2026-05-21 09:38:30,.80, Kemiringan (roll) : -2.28
2026-05-21 09:38:30,.80, Kemiringan (roll) : -2.28
2026-05-21 09:38:30,.80, Kemiringan (roll) : -2.28
2026-05-21 09:38:30,.80, Kemiringan (roll) : -2.28
2026-05-21 09:38:30,.80, Kemiringan (roll) : -2.28
2026-05-21 09:38:30,.80, Kemiringan (roll) : -2.28
2026-05-21 09:38:30,.80, Kemiringan (roll) : -2.28
2026-05-21 09:38:30,.80, Kemiringan (roll) : -2.28
2026-05-21 09:38:30,.80, Kemiringan (roll) : -2.28
2026-05-21 09:38:30,.80, Kemiringan (roll) : -2.28
2026-05-21 09:38:30,.80, Kemiringan (roll) : -2.28
2026-05-21 09:38:30,.80, Kemiringan (roll) : -2.28
2026-05-21 09:38:30,.80, Kemiringan (roll) : -2.28
2026-05-21 09:38:30,.80, Kemiringan (roll) : -2.28
2026-05-21 09:38:30,.80, Kemiringan (roll) : -2.28
2026-05-21 09:38:30,.80, Kemiringan (roll) : -2.28
2026-05-21 09:38:30,.80, Kemiringan (roll) : -2.28
2026-05-21 09:38:30,.80, Kemiringan (roll) : -2.28
2026-05-21 09:38:30,.80, Kemiringan (roll) : -2.28
2026-05-21 09:38:30,.80, Kemiringan (roll) : -2.28
2026-05-21 09:38:30,.80, Kemiringan (roll) : -2.28
2026-05-21 09:38:30,.80, Kemiringan (roll) : -2.28
2026-05-21 09:38:30,.80, Kemiringan (roll) : -2.28
2026-05-21 09:38:30,.80, Kemiringan (roll) : -2.28
2026-05-21 09:38:30,.80, Kemiringan (roll) : -2.28
2026-05-21 09:38:30,.80, Kemiringan (roll) : -2.28
2026-05-21 09:38:30,.80, Kemiringan (roll) : -2.28
2026-05-21 09:38:30,.80, Kemiringan (roll) : -2.28
2026-05-21 09:38:30,.80, Kemiringan (roll) : -2.28
2026-05-21 09:38:30,.80, Kemiringan (roll) : -2.28
2026-05-21 09:38:30,.80, Kemiringan (roll) : -2.28
2026-05-21 09:38:30,.80, Kemiringan (roll) : -2.28
2026-05-21 09:38:30,.80, Kemiringan (roll) : -2.28
2026-05-21 09:38:30,.80, Kemiringan (roll) : -2.28
2026-05-21 09:38:30,.80, Kemiringan (roll) : -2.28
2026-05-21 09:38:30,.80, Kemiringan (roll) : -2.28
2026-05-21 09:38:30,.80, Kemiringan (roll) : -2.28
2026-05-21 09:38:30,.80, Kemiringan (roll) : -2.28
2026-05-21 09:38:30,.80, Kemiringan (roll) : -2.28
2026-05-21 09:38:30,.80, Kemiringan (roll) : -2.28
2026-05-21 09:38:30,.80, Kemiringan (roll) : -2.28
2026-05-21 09:38:30,.80, Kemiringan (roll) : -2.28
2026-05-21 09:38:30,.80, Kemiringan (roll) : -2.28
2026-05-21 09:38:30,.80, Kemiringan (roll) : -2.28
2026-05-21 09:38:30,.80, Kemiringan (roll) : -2.28
2026-05-21 09:38:30,.80, Kemiringan (roll) : -2.28
2026-05-21 09:38:30,.80, Kemiringan (roll) : -2.28
2026-05-21 09:38:30,.80, Kemiringan (roll) : -2.28
2026-05-21 09:38:30,.80, Kemiringan (roll) : -2.28
2026-05-21 09:38:30,.80, Kemiringan (roll) : -2.28
2026-05-21 09:38:30,.80, Kemiringan (roll) : -2.28
2026-05-21 09:38:30,.80, Kemiringan (roll) : -2.28
2026-05-21 09:38:30,.80, Kemiringan (roll) : -2.28
2026-05-21 09:38:30,.80, Kemiringan (roll) : -2.28
2026-05-21 09:38:30,.80, Kemiringan (roll) : -2.28
2026-05-21 09:38:30,.80, Kemiringan (roll) : -2.28
2026-05-21 09:38:30,.80, Kemiringan (roll) : -2.28
2026-05-21 09:38:30,.80, Kemiringan (roll) : -2.28
2026-05-21 09:38:30,.80, Kemiringan (roll) : -2.28
2026-05-21 09:38:30,.80, Kemiringan (roll) : -2.28
2026-05-21 09:38:30,.80, Kemiringan (roll) : -2.28
2026-05-21 09:38:30,.80, Kemiringan (roll) : -2.28
2026-05-21 09:38:30,.80, Kemiringan (roll) : -2.28
2026-05-21 09:38:30,.80, Kemiringan (roll) : -2.28
2026-05-21 09:38:30,.80, Kemiringan (roll) : -2.28
2026-05-21 09:38:30,.80, Kemiringan (roll) : -2.28
2026-05-21 09:38:30,.80, Kemiringan (roll) : -2.28
2026-05-21 09:38:30,.80, Kemiringan (roll) : -2.28
2026-05-21 09:38:30,.80, Kemiringan (roll) : -2.28
2026-05-21 09:38:30,.80, Kemiringan (roll) : -2.28
2026-05-21 09:38:30,.80, Kemiringan (roll) : -2.28
2026-05-21 09:38:30,.80, Kemiringan (roll) : -2.28
2026-05-21 09:38:30,.80, Kemiringan (roll) : -2.28
2026-05-21 09:38:30,.80, Kemiringan (roll) : -2.28
2026-05-21 09:38:30,.80, Kemiringan (roll) : -2.28
2026-05-21 09:38:30,.80, Kemiringan (roll) : -2.28
2026-05-21 09:38:30,.80, Kemiringan (roll) : -2.28
2026-05-21 09:38:30,.80, Kemiringan (roll) : -2.28
2026-05-21 09:38:30,.80, Kemiringan (roll) : -2.28
2026-05-21 09:38:30,.80, Kemiringan (roll) : -2.28
2026-05-21 09:38:30,.80, Kemiringan (roll) : -2.28
2026-05-21 09:38:30,.80, Kemiringan (roll) : -2.28
2026-05-21 09:38:30,.80, Kemiringan (roll) : -2.28
2026-05-21 09:38:30,.80, Kemiringan (roll) : -2.28
2026-05-21 09:38:30,.80, Kemiringan (roll) : -2.28
2026-05-21 09:38:30,.80, Kemiringan (roll) : -2.28
2026-05-21 09:38:30,.80, Kemiringan (roll) : -2.28
2026-05-21 09:38:30,.80, Kemiringan (roll) : -2.28
2026-05-21 09:38:30,.80, Kemiringan (roll) : -2.28
2026-05-21 09:38:30,.80, Kemiringan (roll) : -2.28
2026-05-21 09:38:30,.80, Kemiringan (roll) : -2.28
2026-05-21 09:38:30,.80, Kemiringan (roll) : -2.28
2026-05-21 09:38:30,.80, Kemiringan (roll) : -2.28
2026-05-21 09:38:30,.80, Kemiringan (roll) : -2.28
2026-05-21 09:38:30,.80, Kemiringan (roll) : -2.28
2026-05-21 09:38:30,.80, Kemiringan (roll) : -2.28
2026-05-21 09:38:30,.80, Kemiringan (roll) : -2.28
2026-05-21 09:38:30,.80, Kemiringan (roll) : -2.28
2026-05-21 09:38:30,.80, Kemiringan (roll) : -2.28
2026-05-21 09:38:30,.80, Kemiringan (roll) : -2.28
2026-05-21 09:38:30,.80, Kemiringan (roll) : -2.28
2026-05-21 09:38:30,.80, Kemiringan (roll) : -2.28
2026-05-21 09:38:30,.80, Kemiringan (roll) : -2.28
2026-05-21 09:38:30,.80, Kemiringan (roll) : -2.28
2026-05-21 09:38:30,.80, Kemiringan (roll) : -2.28
2026-05-21 09:38:30,.80, Kemiringan (roll) : -2.28
2026-05-21 09:38:30,.80, Kemiringan (roll) : -2.28
2026-05-21 09:38:30,.80, Kemiringan (roll) : -2.28
2026-05-21 09:38:30,.80, Kemiringan (roll) : -2.28
2026-05-21 09:38:30,.80, Kemiringan (roll) : -2.28
2026-05-21 09:38:30,.80, Kemiringan (roll) : -2.28
2026-05-21 09:38:30,.80, Kemiringan (roll) : -2.28
2026-05-21 09:38:30,.80, Kemiringan (roll) : -2.28
2026-05-21 09:38:30,.80, Kemiringan (roll) : -2.28
2026-05-21 09:38:30,.80, Kemiringan (roll) : -2.28
2026-05-21 09:38:30,.80, Kemiringan (roll) : -2.28
2026-05-21 09:38:30,.80, Kemiringan (roll) : -2.28
2026-05-21 09:38:30,.80, Kemiringan (roll) : -2.28
2026-05-21 09:38:30,.80, Kemiringan (roll) : -2.28
2026-05-21 09:38:30,.80, Kemiringan (roll) : -2.28
2026-05-21 09:38:30,.80, Kemiringan (roll) : -2.28
2026-05-21 09:38:30,.80, Kemiringan (roll) : -2.28
2026-05-21 09:38:30,.80, Kemiringan (roll) : -2.28
2026-05-21 09:38:30,.80, Kemiringan (roll) : -2.28
2026-05-21 09:38:30,.80, Kemiringan (roll) : -2.28
2026-05-21 09:38:30,.80, Kemiringan (roll) : -2.28
2026-05-21 09:38:30,.80, Kemiringan (roll) : -2.28
2026-05-21 09:38:30,.80, Kemiringan (roll) : -2.28
2026-05-21 09:38:30,.80, Kemiringan (roll) : -2.28
2026-05-21 09:38:30,.80, Kemiringan (roll) : -2.28
2026-05-21 09:38:30,.80, Kemiringan (roll) : -2.28
2026-05-21 09:38:30,.80, Kemiringan (roll) : -2.28
2026-05-21 09:38:30,.80, Kemiringan (roll) : -2.28
2026-05-21 09:38:30,.80, Kemiringan (roll) : -2.28
2026-05-21 09:38:30,.80, Kemiringan (roll) : -2.28
2026-05-21 09:38:30,.80, Kemiringan (roll) : -2.28
2026-05-21 09:38:30,.80, Kemiringan (roll) : -2.28
2026-05-21 09:38:30,.80, Kemiringan (roll) : -2.28
2026-05-21 09:38:30,.80, Kemiringan (roll) : -2.28
2026-05-21 09:38:30,.80, Kemiringan (roll) : -2.28
2026-05-21 09:38:30,.80, Kemiringan (roll) : -2.28
2026-05-21 09:38:30,.80, Kemiringan (roll) : -2.28
2026-05-21 09:38:30,.80, Kemiringan (roll) : -2.28
2026-05-21 09:38:30,.80, Kemiringan (roll) : -2.28
2026-05-21 09:38:30,.80, Kemiringan (roll) : -2.28
2026-05-21 09:38:30,.80, Kemiringan (roll) : -2.28
2026-05-21 09:38:30,.80, Kemiringan (roll) : -2.28
2026-05-21 09:38:30,.80, Kemiringan (roll) : -2.28
2026-05-21 09:38:30,.80, Kemiringan (roll) : -2.28
2026-05-21 09:38:30,.80, Kemiringan (roll) : -2.28
2026-05-21 09:38:30,.80, Kemiringan (roll) : -2.28
2026-05-21 09:38:30,.80, Kemiringan (roll) : -2.28
2026-05-21 09:38:30,.80, Kemiringan (roll) : -2.28
2026-05-21 09:38:30,.80, Kemiringan (roll) : -2.28
2026-05-21 09:38:30,.80, Kemiringan (roll) : -2.28
2026-05-21 09:38:30,.80, Kemiringan (roll) : -2.28
2026-05-21 09:38:30,.80, Kemiringan (roll) : -2.28
2026-05-21 09:38:30,.80, Kemiringan (roll) : -2.28
2026-05-21 09:38:30,.80, Kemiringan (roll) : -2.28
2026-05-21 09:38:30,.80, Kemiringan (roll) : -2.28
2026-05-21 09:38:30,.80, Kemiringan (roll) : -2.28
2026-05-21 09:38:30,.80, Kemiringan (roll) : -2.28
2026-05-21 09:38:30,.80, Kemiringan (roll) : -2.28
2026-05-21 09:38:30,.80, Kemiringan (roll) : -2.28
2026-05-21 09:38:30,.80, Kemiringan (roll) : -2.28
2026-05-21 09:38:30,.80, Kemiringan (roll) : -2.28
2026-05-21 09:38:30,.80, Kemiringan (roll) : -2.28
2026-05-21 09:38:30,.80, Kemiringan (roll) : -2.28
2026-05-21 09:38:30,.80, Kemiringan (roll) : -2.28
2026-05-21 09:38:30,.80, Kemiringan (roll) : -2.28
2026-05-21 09:38:30,.80, Kemiringan (roll) : -2.28
2026-05-21 09:38:30,.80, Kemiringan (roll) : -2.28
2026-05-21 09:38:30,.80, Kemiringan (roll) : -2.28
2026-05-21 09:38:30,.80, Kemiringan (roll) : -2.28
2026-05-21 09:38:30,.80, Kemiringan (roll) : -2.28
2026-05-21 09:38:30,.80, Kemiringan (roll) : -2.28
2026-05-21 09:38:30,.80, Kemiringan (roll) : -2.28
2026-05-21 09:38:30,.80, Kemiringan (roll) : -2.28
2026-05-21 09:38:30,.80, Kemiringan (roll) : -2.28
2026-05-21 09:38:30,.80, Kemiringan (roll) : -2.28
2026-05-21 09:38:30,.80, Kemiringan (roll) : -2.28
2026-05-21 09:38:30,.80, Kemiringan (roll) : -2.28
2026-05-21 09:38:30,.80, Kemiringan (roll) : -2.28
2026-05-21 09:38:30,.80, Kemiringan (roll) : -2.28
2026-05-21 09:38:30,.80, Kemiringan (roll) : -2.28
2026-05-21 09:38:30,.80, Kemiringan (roll) : -2.28
2026-05-21 09:38:30,.80, Kemiringan (roll) : -2.28
2026-05-21 09:38:30,.80, Kemiringan (roll) : -2.28
2026-05-21 09:38:30,.80, Kemiringan (roll) : -2.28
2026-05-21 09:38:30,.80, Kemiringan (roll) : -2.28
2026-05-21 09:38:30,.80, Kemiringan (roll) : -2.28
2026-05-21 09:38:30,.80, Kemiringan (roll) : -2.28
2026-05-21 09:38:30,.80, Kemiringan (roll) : -2.28
2026-05-21 09:38:30,.80, Kemiringan (roll) : -2.28
2026-05-21 09:38:30,.80, Kemiringan (roll) : -2.28
2026-05-21 09:38:30,.80, Kemiringan (roll) : -2.28
2026-05-21 09:38:30,.80, Kemiringan (roll) : -2.28
2026-05-21 09:38:30,.80, Kemiringan (roll) : -2.28
2026-05-21 09:38:30,.80, Kemiringan (roll) : -2.28
2026-05-21 09:38:30,.80, Kemiringan (roll) : -2.28
2026-05-21 09:38:30,.80, Kemiringan (roll) : -2.28
2026-05-21 09:38:30,.80, Kemiringan (roll) : -2.28
2026-05-21 09:38:30,.80, Kemiringan (roll) : -2.28
2026-05-21 09:38:30,.80, Kemiringan (roll) : -2.28
2026-05-21 09:38:30,.80, Kemiringan (roll) : -2.28
2026-05-21 09:38:30,.80, Kemiringan (roll) : -2.28
2026-05-21 09:38:30,.80, Kemiringan (roll) : -2.28
2026-05-21 09:38:30,.80, Kemiringan (roll) : -2.28
2026-05-21 09:38:30,.80, Kemiringan (roll) : -2.28
2026-05-21 09:38:30,.80, Kemiringan (roll) : -2.28
2026-05-21 09:38:30,.80, Kemiringan (roll) : -2.28
2026-05-21 09:38:30,.80, Kemiringan (roll) : -2.28
2026-05-21 09:38:30,.80, Kemiringan (roll) : -2.28
2026-05-21 09:38:30,.80, Kemiringan (roll) : -2.28
2026-05-21 09:38:30,.80, Kemiringan (roll) : -2.28
2026-05-21 09:38:30,.80, Kemiringan (roll) : -2.28
2026-05-21 09:38:30,.80, Kemiringan (roll) : -2.28
2026-05-21 09:38:30,.80, Kemiringan (roll) : -2.28
2026-05-21 09:38:30,.80, Kemiringan (roll) : -2.28
2026-05-21 09:38:30,.80, Kemiringan (roll) : -2.28
2026-05-21 09:38:30,.80, Kemiringan (roll) : -2.28
2026-05-21 09:38:30,.80, Kemiringan (roll) : -2.28
2026-05-21 09:38:30,.80, Kemiringan (roll) : -2.28
2026-05-21 09:38:30,.80, Kemiringan (roll) : -2.28
2026-05-21 09:38:30,.80, Kemiringan (roll) : -2.28
2026-05-21 09:38:30,.80, Kemiringan (roll) : -2.28
2026-05-21 09:38:30,.80, Kemiringan (roll) : -2.28
2026-05-21 09:38:30,.80, Kemiringan (roll) : -2.28
2026-05-21 09:38:30,.80, Kemiringan (roll) : -2.28
2026-05-21 09:38:30,.80, Kemiringan (roll) : -2.28
2026-05-21 09:38:30,.80, Kemiringan (roll) : -2.28
2026-05-21 09:38:30,.80, Kemiringan (roll) : -2.28
2026-05-21 09:38:30,.80, Kemiringan (roll) : -2.28
2026-05-21 09:38:30,.80, Kemiringan (roll) : -2.28
2026-05-21 09:38:30,.80, Kemiringan (roll) : -2.28
2026-05-21 09:38:30,.80, Kemiringan (roll) : -2.28
2026-05-21 09:38:30,.80, Kemiringan (roll) : -2.28
2026-05-21 09:38:30,.80, Kemiringan (roll) : -2.28
2026-05-21 09:38:30,.80, Kemiringan (roll) : -2.28
2026-05-21 09:38:30,.80, Kemiringan (roll) : -2.28
2026-05-21 09:38:30,.80, Kemiringan (roll) : -2.28
2026-05-21 09:38:30,.80, Kemiringan (roll) : -2.28
2026-05-21 09:38:30,.80, Kemiringan (roll) : -2.28
2026-05-21 09:38:30,.80, Kemiringan (roll) : -2.28
2026-05-21 09:38:30,.80, Kemiringan (roll) : -2.28
2026-05-21 09:38:30,.80, Kemiringan (roll) : -2.28
2026-05-21 09:38:30,.80, Kemiringan (roll) : -2.28
2026-05-21 09:38:30,.80, Kemiringan (roll) : -2.28
2026-05-21 09:38:30,.80, Kemiringan (roll) : -2.28
2026-05-21 09:38:30,.80, Kemiringan (roll) : -2.28
2026-05-21 09:38:30,.80, Kemiringan (roll) : -2.28
2026-05-21 09:38:30,.80, Kemiringan (roll) : -2.28
2026-05-21 09:38:30,.80, Kemiringan (roll) : -2.28
2026-05-21 09:38:30,.80, Kemiringan (roll) : -2.28
2026-05-21 09:38:30,.80, Kemiringan (roll) : -2.28
2026-05-21 09:38:30,.80, Kemiringan (roll) : -2.28
2026-05-21 09:38:30,.80, Kemiringan (roll) : -2.28
2026-05-21 09:38:30,.80, Kemiringan (roll) : -2.28
2026-05-21 09:38:30,.80, Kemiringan (roll) : -2.28
2026-05-21 09:38:30,.80, Kemiringan (roll) : -2.28
2026-05-21 09:38:30,.80, Kemiringan (roll) : -2.28
2026-05-21 09:38:30,.80, Kemiringan (roll) : -2.28
2026-05-21 09:38:30,.80, Kemiringan (roll) : -2.28
2026-05-21 09:38:30,.80, Kemiringan (roll) : -2.28
2026-05-21 09:38:30,.80, Kemiringan (roll) : -2.28
2026-05-21 09:38:30,.80, Kemiringan (roll) : -2.28
2026-05-21 09:38:30,.80, Kemiringan (roll) : -2.28
2026-05-21 09:38:30,.80, Kemiringan (roll) : -2.28
2026-05-21 09:38:30,.80, Kemiringan (roll) : -2.28
2026-05-21 09:38:30,.80, Kemiringan (roll) : -2.28
2026-05-21 09:38:30,.80, Kemiringan (roll) : -2.28
2026-05-21 09:38:30,.80, Kemiringan (roll) : -2.28
2026-05-21 09:38:30,.80, Kemiringan (roll) : -2.28
2026-05-21 09:38:30,.80, Kemiringan (roll) : -2.28
2026-05-21 09:38:30,.80, Kemiringan (roll) : -2.28
2026-05-21 09:38:30,.80, Kemiringan (roll) : -2.28
2026-05-21 09:38:30,.80, Kemiringan (roll) : -2.28
2026-05-21 09:38:30,.80, Kemiringan (roll) : -2.28
2026-05-21 09:38:30,.80, Kemiringan (roll) : -2.28
2026-05-21 09:38:30,.80, Kemiringan (roll) : -2.28
2026-05-21 09:38:30,.80, Kemiringan (roll) : -2.28
2026-05-21 09:38:30,.80, Kemiringan (roll) : -2.28
2026-05-21 09:38:30,.80, Kemiringan (roll) : -2.28
2026-05-21 09:38:30,.80, Kemiringan (roll) : -2.28
2026-05-21 09:38:30,.80, Kemiringan (roll) : -2.28
2026-05-21 09:38:30,.80, Kemiringan (roll) : -2.28
2026-05-21 09:38:30,.80, Kemiringan (roll) : -2.28
2026-05-21 09:38:30,.80, Kemiringan (roll) : -2.28
2026-05-21 09:38:30,.80, Kemiringan (roll) : -2.28
2026-05-21 09:38:30,.80, Kemiringan (roll) : -2.28
2026-05-21 09:38:30,.80, Kemiringan (roll) : -2.28
2026-05-21 09:38:30,.80, Kemiringan (roll) : -2.28
2026-05-21 09:38:30,.80, Kemiringan (roll) : -2.28
2026-05-21 09:38:30,.80, Kemiringan (roll) : -2.28
2026-05-21 09:38:30,.80, Kemiringan (roll) : -2.28
2026-05-21 09:38:30,.80, Kemiringan (roll) : -2.28
2026-05-21 09:38:30,.80, Kemiringan (roll) : -2.28
2026-05-21 09:38:30,.80, Kemiringan (roll) : -2.28
2026-05-21 09:38:30,.80, Kemiringan (roll) : -2.28
2026-05-21 09:38:30,.80, Kemiringan (roll) : -2.28
2026-05-21 09:38:30,.80, Kemiringan (roll) : -2.28
2026-05-21 09:38:30,.80, Kemiringan (roll) : -2.28
2026-05-21 09:38:30,.80, Kemiringan (roll) : -2.28
2026-05-21 09:38:30,.80, Kemiringan (roll) : -2.28
2026-05-21 09:38:30,.80, Kemiringan (roll) : -2.28
2026-05-21 09:38:30,.80, Kemiringan (roll) : -2.28
2026-05-21 09:38:30,.80, Kemiringan (roll) : -2.28
2026-05-21 09:38:30,.80, Kemiringan (roll) : -2.28
2026-05-21 09:38:30,.80, Kemiringan (roll) : -2.28
2026-05-21 09:38:30,.80, Kemiringan (roll) : -2.28
2026-05-21 09:38:30,.80, Kemiringan (roll) : -2.28
2026-05-21 09:38:30,.80, Kemiringan (roll) : -2.28
2026-05-21 09:38:30,.80, Kemiringan (roll) : -2.28
2026-05-21 09:38:30,.80, Kemiringan (roll) : -2.28
2026-05-21 09:38:30,.80, Kemiringan (roll) : -2.28
2026-05-21 09:38:30,.80, Kemiringan (roll) : -2.28
2026-05-21 09:38:30,.80, Kemiringan (roll) : -2.28
2026-05-21 09:38:30,.80, Kemiringan (roll) : -2.28
2026-05-21 09:38:30,.80, Kemiringan (roll) : -2.28
2026-05-21 09:38:30,.80, Kemiringan (roll) : -2.28
2026-05-21 09:38:30,.80, Kemiringan (roll) : -2.28
2026-05-21 09:38:30,.80, Kemiringan (roll) : -2.28
2026-05-21 09:38:30,.80, Kemiringan (roll) : -2.28
2026-05-21 09:38:30,.80, Kemiringan (roll) : -2.28
2026-05-21 09:38:30,.80, Kemiringan (roll) : -2.28
2026-05-21 09:38:30,.80, Kemiringan (roll) : -2.28
2026-05-21 09:38:30,.80, Kemiringan (roll) : -2.28
2026-05-21 09:38:30,.80, Kemiringan (roll) : -2.28
2026-05-21 09:38:30,.80, Kemiringan (roll) : -2.28
2026-05-21 09:38:30,.80, Kemiringan (roll) : -2.28
2026-05-21 09:38:30,.80, Kemiringan (roll) : -2.28
2026-05-21 09:38:30,.80, Kemiringan (roll) : -2.28
2026-05-21 09:38:30,.80, Kemiringan (roll) : -2.28
2026-05-21 09:38:30,.80, Kemiringan (roll) : -2.28
2026-05-21 09:38:30,.80, Kemiringan (roll) : -2.28
2026-05-21 09:38:30,.80, Kemiringan (roll) : -2.28
2026-05-21 09:38:30,.80, Kemiringan (roll) : -2.28
2026-05-21 09:38:30,.80, Kemiringan (roll) : -2.28
2026-05-21 09:38:30,.80, Kemiringan (roll) : -2.28
2026-05-21 09:38:30,.80, Kemiringan (roll) : -2.28
2026-05-21 09:38:30,.80, Kemiringan (roll) : -2.28
2026-05-21 09:38:30,.80, Kemiringan (roll) : -2.28
2026-05-21 09:38:30,.80, Kemiringan (roll) : -2.28
2026-05-21 09:38:30,.80, Kemiringan (roll) : -2.28
2026-05-21 09:38:30,.80, Kemiringan (roll) : -2.28
2026-05-21 09:38:30,.80, Kemiringan (roll) : -2.28
2026-05-21 09:38:30,.80, Kemiringan (roll) : -2.28
2026-05-21 09:38:30,.80, Kemiringan (roll) : -2.28
2026-05-21 09:38:30,.80, Kemiringan (roll) : -2.28
2026-05-21 09:38:30,.80, Kemiringan (roll) : -2.28
2026-05-21 09:38:30,.80, Kemiringan (roll) : -2.28
2026-05-21 09:38:30,.80, Kemiringan (roll) : -2.28
2026-05-21 09:38:30,.80, Kemiringan (roll) : -2.28
2026-05-21 09:38:30,.80, Kemiringan (roll) : -2.28
2026-05-21 09:38:30,.80, Kemiringan (roll) : -2.28
2026-05-21 09:38:30,.80, Kemiringan (roll) : -2.28
2026-05-21 09:38:30,.80, Kemiringan (roll) : -2.28
2026-05-21 09:38:30,.80, Kemiringan (roll) : -2.28
2026-05-21 09:38:30,.80, Kemiringan (roll) : -2.28
2026-05-21 09:38:30,.80, Kemiringan (roll) : -2.28
2026-05-21 09:38:30,.80, Kemiringan (roll) : -2.28
2026-05-21 09:38:30,.80, Kemiringan (roll) : -2.28
2026-05-21 09:38:30,.80, Kemiringan (roll) : -2.28
2026-05-21 09:38:30,.80, Kemiringan (roll) : -2.28
2026-05-21 09:38:30,.80, Kemiringan (roll) : -2.28
2026-05-21 09:38:30,.80, Kemiringan (roll) : -2.28
2026-05-21 09:38:30,.80, Kemiringan (roll) : -2.28
2026-05-21 09:38:30,.80, Kemiringan (roll) : -2.28
2026-05-21 09:38:30,.80, Kemiringan (roll) : -2.28
2026-05-21 09:38:30,.80, Kemiringan (roll) : -2.28
2026-05-21 09:38:30,.80, Kemiringan (roll) : -2.28
2026-05-21 09:38:30,.80, Kemiringan (roll) : -2.28
2026-05-21 09:38:30,.80, Kemiringan (roll) : -2.28
2026-05-21 09:38:30,.80, Kemiringan (roll) : -2.28
2026-05-21 09:38:30,.80, Kemiringan (roll) : -2.28
2026-05-21 09:38:30,.80, Kemiringan (roll) : -2.28
2026-05-21 09:38:30,.80, Kemiringan (roll) : -2.28
2026-05-21 09:38:30,.80, Kemiringan (roll) : -2.28
2026-05-21 09:38:30,.80, Kemiringan (roll) : -2.28
2026-05-21 09:38:30,.80, Kemiringan (roll) : -2.28
2026-05-21 09:38:30,.80, Kemiringan (roll) : -2.28
2026-05-21 09:38:30,.80, Kemiringan (roll) : -2.28
2026-05-21 09:38:30,.80, Kemiringan (roll) : -2.28
2026-05-21 09:38:30,.80, Kemiringan (roll) : -2.28
2026-05-21 09:38:30,.80, Kemiringan (roll) : -2.28
2026-05-21 09:38:30,.80, Kemiringan (roll) : -2.28
2026-05-21 09:38:30,.80, Kemiringan (roll) : -2.28
2026-05-21 09:38:30,.80, Kemiringan (roll) : -2.28
2026-05-21 09:38:30,.80, Kemiringan (roll) : -2.28
2026-05-21 09:38:30,.80, Kemiringan (roll) : -2.28
2026-05-21 09:38:30,.80, Kemiringan (roll) : -2.28
2026-05-21 09:38:30,.80, Kemiringan (roll) : -2.28
2026-05-21 09:38:30,.80, Kemiringan (roll) : -2.28
2026-05-21 09:38:30,.80, Kemiringan (roll) : -2.28
2026-05-21 09:38:30,.80, Kemiringan (roll) : -2.28
2026-05-21 09:38:30,.80, Kemiringan (roll) : -2.28
2026-05-21 09:38:30,.80, Kemiringan (roll) : -2.28
2026-05-21 09:38:30,.80, Kemiringan (roll) : -2.28
2026-05-21 09:38:30,.80, Kemiringan (roll) : -2.28
2026-05-21 09:38:30,.80, Kemiringan (roll) : -2.28
2026-05-21 09:38:30,.80, Kemiringan (roll) : -2.28
2026-05-21 09:38:30,.80, Kemiringan (roll) : -2.28
2026-05-21 09:38:30,.80, Kemiringan (roll) : -2.28
2026-05-21 09:38:30,.80, Kemiringan (roll) : -2.28
2026-05-21 09:38:30,.80, Kemiringan (roll) : -2.28
2026-05-21 09:38:30,.80, Kemiringan (roll) : -2.28
2026-05-21 09:38:30,.80, Kemiringan (roll) : -2.28
2026-05-21 09:38:30,.80, Kemiringan (roll) : -2.28
2026-05-21 09:38:30,.80, Kemiringan (roll) : -2.28
2026-05-21 09:38:30,.80, Kemiringan (roll) : -2.28
2026-05-21 09:38:30,.80, Kemiringan (roll) : -2.28
2026-05-21 09:38:30,.80, Kemiringan (roll) : -2.28
2026-05-21 09:38:30,.80, Kemiringan (roll) : -2.28
2026-05-21 09:38:30,.80, Kemiringan (roll) : -2.28
2026-05-21 09:38:30,.80, Kemiringan (roll) : -2.28
2026-05-21 09:38:30,.80, Kemiringan (roll) : -2.28
2026-05-21 09:38:30,.80, Kemiringan (roll) : -2.28
2026-05-21 09:38:30,.80, Kemiringan (roll) : -2.28
2026-05-21 09:38:30,.80, Kemiringan (roll) : -2.28
2026-05-21 09:38:30,.80, Kemiringan (roll) : -2.28
2026-05-21 09:38:30,.80, Kemiringan (roll) : -2.28
2026-05-21 09:38:30,.80, Kemiringan (roll) : -2.28
2026-05-21 09:38:30,.80, Kemiringan (roll) : -2.28
2026-05-21 09:38:30,.80, Kemiringan (roll) : -2.28
2026-05-21 09:38:30,.80, Kemiringan (roll) : -2.28
2026-05-21 09:38:30,.80, Kemiringan (roll) : -2.28
2026-05-21 09:38:30,.80, Kemiringan (roll) : -2.28
2026-05-21 09:38:30,.80, Kemiringan (roll) : -2.28
2026-05-21 09:38:30,.80, Kemiringan (roll) : -2.28
2026-05-21 09:38:30,.80, Kemiringan (roll) : -2.28
2026-05-21 09:38:30,.80, Kemiringan (roll) : -2.28
2026-05-21 09:38:30,.80, Kemiringan (roll) : -2.28
2026-05-21 09:38:30,.80, Kemiringan (roll) : -2.28
2026-05-21 09:38:30,.80, Kemiringan (roll) : -2.28
2026-05-21 09:38:30,.80, Kemiringan (roll) : -2.28
2026-05-21 09:38:30,.80, Kemiringan (roll) : -2.28
2026-05-21 09:38:30,.80, Kemiringan (roll) : -2.28
2026-05-21 09:38:30,.80, Kemiringan (roll) : -2.28
2026-05-21 09:38:30,.80, Kemiringan (roll) : -2.28
2026-05-21 09:38:30,.80, Kemiringan (roll) : -2.28
2026-05-21 09:38:30,.80, Kemiringan (roll) : -2.28
2026-05-21 09:38:30,.80, Kemiringan (roll) : -2.28
2026-05-21 09:38:30,.80, Kemiringan (roll) : -2.28
2026-05-21 09:38:30,.80, Kemiringan (roll) : -2.28
2026-05-21 09:38:30,.80, Kemiringan (roll) : -2.28
2026-05-21 09:38:30,.80, Kemiringan (roll) : -2.28
2026-05-21 09:38:30,.80, Kemiringan (roll) : -2.28
2026-05-21 09:38:30,.80, Kemiringan (roll) : -2.28
2026-05-21 09:38:30,.80, Kemiringan (roll) : -2.28
2026-05-21 09:38:30,.80, Kemiringan (roll) : -2.28
2026-05-21 09:38:30,.80, Kemiringan (roll) : -2.28
2026-05-21 09:38:30,.80, Kemiringan (roll) : -2.28
2026-05-21 09:38:30,.80, Kemiringan (roll) : -2.28
2026-05-21 09:38:30,.80, Kemiringan (roll) : -2.28
2026-05-21 09:38:30,.80, Kemiringan (roll) : -2.28
2026-05-21 09:38:30,.80, Kemiringan (roll) : -2.28
2026-05-21 09:38:30,.80, Kemiringan (roll) : -2.28
2026-05-21 09:38:30,.80, Kemiringan (roll) : -2.28
2026-05-21 09:38:30,.80, Kemiringan (roll) : -2.28
2026-05-21 09:38:30,.80, Kemiringan (roll) : -2.28
2026-05-21 09:38:30,.80, Kemiringan (roll) : -2.28
2026-05-21 09:38:30,.80, Kemiringan (roll) : -2.28
2026-05-21 09:38:30,.80, Kemiringan (roll) : -2.28
2026-05-21 09:38:30,.80, Kemiringan (roll) : -2.28
2026-05-21 09:38:30,.80, Kemiringan (roll) : -2.28
2026-05-21 09:38:30,.80, Kemiringan (roll) : -2.28
2026-05-21 09:38:30,.80, Kemiringan (roll) : -2.28
2026-05-21 09:38:30,.80, Kemiringan (roll) : -2.28
2026-05-21 09:38:30,.80, Kemiringan (roll) : -2.28
2026-05-21 09:38:30,.80, Kemiringan (roll) : -2.28
2026-05-21 09:38:30,.80, Kemiringan (roll) : -2.28
2026-05-21 09:38:30,.80, Kemiringan (roll) : -2.28
2026-05-21 09:38:30,.80, Kemiringan (roll) : -2.28
2026-05-21 09:38:30,.80, Kemiringan (roll) : -2.28
2026-05-21 09:38:30,.80, Kemiringan (roll) : -2.28
2026-05-21 09:38:30,.80, Kemiringan (roll) : -2.28
2026-05-21 09:38:30,.80, Kemiringan (roll) : -2.28
2026-05-21 09:38:30,.80, Kemiringan (roll) : -2.28
2026-05-21 09:38:30,.80, Kemiringan (roll) : -2.28
2026-05-21 09:38:30,.80, Kemiringan (roll) : -2.28
2026-05-21 09:38:30,.80, Kemiringan (roll) : -2.28
2026-05-21 09:38:30,.80, Kemiringan (roll) : -2.28
2026-05-21 09:38:30,.80, Kemiringan (roll) : -2.28
2026-05-21 09:38:30,.80, Kemiringan (roll) : -2.28
2026-05-21 09:38:30,.80, Kemiringan (roll) : -2.28
2026-05-21 09:38:30,.80, Kemiringan (roll) : -2.28
2026-05-21 09:38:30,.80, Kemiringan (roll) : -2.28
2026-05-21 09:38:30,.80, Kemiringan (roll) : -2.28
2026-05-21 09:38:30,.80, Kemiringan (roll) : -2.28
2026-05-21 09:38:30,.80, Kemiringan (roll) : -2.28
2026-05-21 09:38:30,.80, Kemiringan (roll) : -2.28
2026-05-21 09:38:30,.80, Kemiringan (roll) : -2.28
2026-05-21 09:38:30,.80, Kemiringan (roll) : -2.28
2026-05-21 09:38:30,.80, Kemiringan (roll) : -2.28
2026-05-21 09:38:30,.80, Kemiringan (roll) : -2.28
2026-05-21 09:38:30,.80, Kemiringan (roll) : -2.28
2026-05-21 09:38:30,.80, Kemiringan (roll) : -2.28
2026-05-21 09:38:30,.80, Kemiringan (roll) : -2.28
2026-05-21 09:38:30,.80, Kemiringan (roll) : -2.28
2026-05-21 09:38:30,.80, Kemiringan (roll) : -2.28
2026-05-21 09:38:30,.80, Kemiringan (roll) : -2.28
2026-05-21 09:38:30,.80, Kemiringan (roll) : -2.28
2026-05-21 09:38:30,.80, Kemiringan (roll) : -2.28
2026-05-21 09:38:30,.80, Kemiringan (roll) : -2.28
2026-05-21 09:38:30,.80, Kemiringan (roll) : -2.28
2026-05-21 09:38:30,.80, Kemiringan (roll) : -2.28
2026-05-21 09:38:30,.80, Kemiringan (roll) : -2.28
2026-05-21 09:38:30,.80, Kemiringan (roll) : -2.28
2026-05-21 09:38:30,.80, Kemiringan (roll) : -2.28
2026-05-21 09:38:30,.80, Kemiringan (roll) : -2.28
2026-05-21 09:38:30,.80, Kemiringan (roll) : -2.28
2026-05-21 09:38:30,.80, Kemiringan (roll) : -2.28
2026-05-21 09:38:30,.80, Kemiringan (roll) : -2.28
2026-05-21 09:38:30,.80, Kemiringan (roll) : -2.28
2026-05-21 09:38:30,.80, Kemiringan (roll) : -2.28
2026-05-21 09:38:30,.80, Kemiringan (roll) : -2.28
2026-05-21 09:38:30,.80, Kemiringan (roll) : -2.28
2026-05-21 09:38:30,.80, Kemiringan (roll) : -2.28
2026-05-21 09:38:30,.80, Kemiringan (roll) : -2.28
2026-05-21 09:38:30,.80, Kemiringan (roll) : -2.28
2026-05-21 09:38:30,.80, Kemiringan (roll) : -2.28
2026-05-21 09:38:30,.80, Kemiringan (roll) : -2.28
2026-05-21 09:38:30,.80, Kemiringan (roll) : -2.28
2026-05-21 09:38:30,.80, Kemiringan (roll) : -2.28
2026-05-21 09:38:30,.80, Kemiringan (roll) : -2.28
2026-05-21 09:38:30,.80, Kemiringan (roll) : -2.28
2026-05-21 09:38:30,.80, Kemiringan (roll) : -2.28
2026-05-21 09:38:30,.80, Kemiringan (roll) : -2.28
2026-05-21 09:38:30,.80, Kemiringan (roll) : -2.28
2026-05-21 09:38:30,.80, Kemiringan (roll) : -2.28
2026-05-21 09:38:30,.80, Kemiringan (roll) : -2.28
2026-05-21 09:38:30,.80, Kemiringan (roll) : -2.28
2026-05-21 09:38:30,.80, Kemiringan (roll) : -2.28
2026-05-21 09:38:30,.80, Kemiringan (roll) : -2.28
2026-05-21 09:38:30,.80, Kemiringan (roll) : -2.28
2026-05-21 09:38:30,.80, Kemiringan (roll) : -2.28
2026-05-21 09:38:30,.80, Kemiringan (roll) : -2.28
2026-05-21 09:38:30,.80, Kemiringan (roll) : -2.28
2026-05-21 09:38:30,.80, Kemiringan (roll) : -2.28
2026-05-21 09:38:30,.80, Kemiringan (roll) : -2.28
2026-05-21 09:38:30,.80, Kemiringan (roll) : -2.28
2026-05-21 09:38:30,.80, Kemiringan (roll) : -2.28
2026-05-21 09:38:30,.80, Kemiringan (roll) : -2.28
2026-05-21 09:38:30,.80, Kemiringan (roll) : -2.28
2026-05-21 09:38:30,.80, Kemiringan (roll) : -2.28
2026-05-21 09:38:30,.80, Kemiringan (roll) : -2.28
2026-05-21 09:38:30,.80, Kemiringan (roll) : -2.28
2026-05-21 09:38:30,.80, Kemiringan (roll) : -2.28
2026-05-21 09:38:30,.80, Kemiringan (roll) : -2.28
2026-05-21 09:38:30,.80, Kemiringan (roll) : -2.28
2026-05-21 09:38:30,.80, Kemiringan (roll) : -2.28
2026-05-21 09:38:30,.80, Kemiringan (roll) : -2.28
2026-05-21 09:38:30,.80, Kemiringan (roll) : -2.28
2026-05-21 09:38:30,.80, Kemiringan (roll) : -2.28
2026-05-21 09:38:30,.80, Kemiringan (roll) : -2.28
2026-05-21 09:38:30,.80, Kemiringan (roll) : -2.28
2026-05-21 09:38:30,.80, Kemiringan (roll) : -2.28
2026-05-21 09:38:30,.80, Kemiringan (roll) : -2.28
2026-05-21 09:38:30,.80, Kemiringan (roll) : -2.28
2026-05-21 09:38:30,.80, Kemiringan (roll) : -2.28
2026-05-21 09:38:30,.80, Kemiringan (roll) : -2.28
2026-05-21 09:38:30,.80, Kemiringan (roll) : -2.28
2026-05-21 09:38:30,.80, Kemiringan (roll) : -2.28
2026-05-21 09:38:30,.80, Kemiringan (roll) : -2.28
2026-05-21 09:38:30,.80, Kemiringan (roll) : -2.28
2026-05-21 09:38:30,.80, Kemiringan (roll) : -2.28
2026-05-21 09:38:30,.80, Kemiringan (roll) : -2.28
2026-05-21 09:38:30,.80, Kemiringan (roll) : -2.28
2026-05-21 09:38:30,.80, Kemiringan (roll) : -2.28
2026-05-21 09:38:30,.80, Kemiringan (roll) : -2.28
2026-05-21 09:38:30,.80, Kemiringan (roll) : -2.28
2026-05-21 09:38:30,.80, Kemiringan (roll) : -2.28
2026-05-21 09:38:30,.80, Kemiringan (roll) : -2.28
2026-05-21 09:38:30,.80, Kemiringan (roll) : -2.28
2026-05-21 09:38:30,.80, Kemiringan (roll) : -2.28
2026-05-21 09:38:30,.80, Kemiringan (roll) : -2.28
2026-05-21 09:38:30,.80, Kemiringan (roll) : -2.28
2026-05-21 09:38:30,.80, Kemiringan (roll) : -2.28
2026-05-21 09:38:30,.80, Kemiringan (roll) : -2.28
2026-05-21 09:38:30,.80, Kemiringan (roll) : -2.28
2026-05-21 09:38:30,.80, Kemiringan (roll) : -2.28
2026-05-21 09:38:30,.80, Kemiringan (roll) : -2.28
2026-05-21 09:38:30,.80, Kemiringan (roll) : -2.28
2026-05-21 09:38:30,.80, Kemiringan (roll) : -2.28
2026-05-21 09:38:30,.80, Kemiringan (roll) : -2.28
2026-05-21 09:38:30,.80, Kemiringan (roll) : -2.28
2026-05-21 09:38:30,.80, Kemiringan (roll) : -2.28
2026-05-21 09:38:30,.80, Kemiringan (roll) : -2.28
2026-05-21 09:38:30,.80, Kemiringan (roll) : -2.28
2026-05-21 09:38:30,.80, Kemiringan (roll) : -2.28
2026-05-21 09:38:30,.80, Kemiringan (roll) : -2.28
2026-05-21 09:38:30,.80, Kemiringan (roll) : -2.28
2026-05-21 09:38:30,.80, Kemiringan (roll) : -2.28
2026-05-21 09:38:30,.80, Kemiringan (roll) : -2.28
2026-05-21 09:38:30,.80, Kemiringan (roll) : -2.28
2026-05-21 09:38:30,.80, Kemiringan (roll) : -2.28
2026-05-21 09:38:30,.80, Kemiringan (roll) : -2.28
2026-05-21 09:38:30,.80, Kemiringan (roll) : -2.28
2026-05-21 09:38:30,.80, Kemiringan (roll) : -2.28
2026-05-21 09:38:30,.80, Kemiringan (roll) : -2.28
2026-05-21 09:38:30,.80, Kemiringan (roll) : -2.28
2026-05-21 09:38:30,.80, Kemiringan (roll) : -2.28
2026-05-21 09:38:30,.80, Kemiringan (roll) : -2.28
2026-05-21 09:38:30,.80, Kemiringan (roll) : -2.28
2026-05-21 09:38:30,.80, Kemiringan (roll) : -2.28
2026-05-21 09:38:30,.80, Kemiringan (roll) : -2.28
2026-05-21 09:38:30,.80, Kemiringan (roll) : -2.28
2026-05-21 09:38:30,.80, Kemiringan (roll) : -2.28
2026-05-21 09:38:30,.80, Kemiringan (roll) : -2.28
2026-05-21 09:38:30,.80, Kemiringan (roll) : -2.28
2026-05-21 09:38:30,.80, Kemiringan (roll) : -2.28
2026-05-21 09:38:30,.80, Kemiringan (roll) : -2.28
2026-05-21 09:38:30,.80, Kemiringan (roll) : -2.28
2026-05-21 09:38:30,.80, Kemiringan (roll) : -2.28
2026-05-21 09:38:30,.80, Kemiringan (roll) : -2.28
2026-05-21 09:38:30,.80, Kemiringan (roll) : -2.28
2026-05-21 09:38:30,.80, Kemiringan (roll) : -2.28
2026-05-21 09:38:30,.80, Kemiringan (roll) : -2.28
2026-05-21 09:38:30,.80, Kemiringan (roll) : -2.28
2026-05-21 09:38:30,.80, Kemiringan (roll) : -2.28
2026-05-21 09:38:30,.80, Kemiringan (roll) : -2.28
2026-05-21 09:38:30,.80, Kemiringan (roll) : -2.28
2026-05-21 09:38:30,.80, Kemiringan (roll) : -2.28
2026-05-21 09:38:30,.80, Kemiringan (roll) : -2.28
2026-05-21 09:38:30,.80, Kemiringan (roll) : -2.28
2026-05-21 09:38:30,.80, Kemiringan (roll) : -2.28
2026-05-21 09:38:30,.80, Kemiringan (roll) : -2.28
2026-05-21 09:38:30,.80, Kemiringan (roll) : -2.28
2026-05-21 09:38:30,.80, Kemiringan (roll) : -2.28
2026-05-21 09:38:30,.80, Kemiringan (roll) : -2.28
2026-05-21 09:38:30,.80, Kemiringan (roll) : -2.28
2026-05-21 09:38:30,.80, Kemiringan (roll) : -2.28
2026-05-21 09:38:30,.80, Kemiringan (roll) : -2.28
2026-05-21 09:38:30,.80, Kemiringan (roll) : -2.28
2026-05-21 09:38:30,.80, Kemiringan (roll) : -2.28
2026-05-21 09:38:30,.80, Kemiringan (roll) : -2.28
2026-05-21 09:38:30,.80, Kemiringan (roll) : -2.28
2026-05-21 09:38:30,.80, Kemiringan (roll) : -2.28
2026-05-21 09:38:30,.80, Kemiringan (roll) : -2.28
2026-05-21 09:38:30,.80, Kemiringan (roll) : -2.28
2026-05-21 09:38:30,.80, Kemiringan (roll) : -2.28
2026-05-21 09:38:30,.80, Kemiringan (roll) : -2.28
2026-05-21 09:38:30,.80, Kemiringan (roll) : -2.28
2026-05-21 09:38:30,.80, Kemiringan (roll) : -2.28
2026-05-21 09:38:30,.80, Kemiringan (roll) : -2.28
2026-05-21 09:38:30,.80, Kemiringan (roll) : -2.28
2026-05-21 09:38:30,.80, Kemiringan (roll) : -2.28
2026-05-21 09:38:30,.80, Kemiringan (roll) : -2.28
2026-05-21 09:38:30,.80, Kemiringan (roll) : -2.28
2026-05-21 09:38:30,.80, Kemiringan (roll) : -2.28
2026-05-21 09:38:30,.80, Kemiringan (roll) : -2.28
2026-05-21 09:38:30,.80, Kemiringan (roll) : -2.28
2026-05-21 09:38:30,.80, Kemiringan (roll) : -2.28
2026-05-21 09:38:30,.80, Kemiringan (roll) : -2.28
2026-05-21 09:38:30,.80, Kemiringan (roll) : -2.28
2026-05-21 09:38:30,.80, Kemiringan (roll) : -2.28
2026-05-21 09:38:30,.80, Kemiringan (roll) : -2.28
2026-05-21 09:38:30,.80, Kemiringan (roll) : -2.28
2026-05-21 09:38:30,.80, Kemiringan (roll) : -2.28
2026-05-21 09:38:30,.80, Kemiringan (roll) : -2.28
2026-05-21 09:38:30,.80, Kemiringan (roll) : -2.28
2026-05-21 09:38:30,.80, Kemiringan (roll) : -2.28
2026-05-21 09:38:30,.80, Kemiringan (roll) : -2.28
2026-05-21 09:38:30,.80, Kemiringan (roll) : -2.28
2026-05-21 09:38:30,.80, Kemiringan (roll) : -2.28
2026-05-21 09:38:30,.80, Kemiringan (roll) : -2.28
2026-05-21 09:38:30,.80, Kemiringan (roll) : -2.28
2026-05-21 09:38:30,.80, Kemiringan (roll) : -2.28
2026-05-21 09:38:30,.80, Kemiringan (roll) : -2.28
2026-05-21 09:38:30,.80, Kemiringan (roll) : -2.28
2026-05-21 09:38:30,.80, Kemiringan (roll) : -2.28
2026-05-21 09:38:30,.80, Kemiringan (roll) : -2.28
2026-05-21 09:38:30,.80, Kemiringan (roll) : -2.28
2026-05-21 09:38:30,.80, Kemiringan (roll) : -2.28
2026-05-21 09:38:30,.80, Kemiringan (roll) : -2.28
2026-05-21 09:38:30,.80, Kemiringan (roll) : -2.28
2026-05-21 09:38:30,.80, Kemiringan (roll) : -2.28
2026-05-21 09:38:30,.80, Kemiringan (roll) : -2.28
2026-05-21 09:38:30,.80, Kemiringan (roll) : -2.28
2026-05-21 09:38:30,.80, Kemiringan (roll) : -2.28
2026-05-21 09:38:30,.80, Kemiringan (roll) : -2.28
2026-05-21 09:38:30,.80, Kemiringan (roll) : -2.28
2026-05-21 09:38:30,.80, Kemiringan (roll) : -2.28
2026-05-21 09:38:30,.80, Kemiringan (roll) : -2.28
2026-05-21 09:38:30,.80, Kemiringan (roll) : -2.28
2026-05-21 09:38:30,.80, Kemiringan (roll) : -2.28
2026-05-21 09:38:30,.80, Kemiringan (roll) : -2.28
2026-05-21 09:38:30,.80, Kemiringan (roll) : -2.28
2026-05-21 09:38:30,.80, Kemiringan (roll) : -2.28
2026-05-21 09:38:30,.80, Kemiringan (roll) : -2.28
2026-05-21 09:38:30,.80, Kemiringan (roll) : -2.28
2026-05-21 09:38:30,.80, Kemiringan (roll) : -2.28
2026-05-21 09:38:30,.80, Kemiringan (roll) : -2.28
2026-05-21 09:38:30,.80, Kemiringan (roll) : -2.28
2026-05-21 09:38:30,.80, Kemiringan (roll) : -2.28
2026-05-21 09:38:30,.80, Kemiringan (roll) : -2.28
2026-05-21 09:38:30,.80, Kemiringan (roll) : -2.28
2026-05-21 09:38:30,.80, Kemiringan (roll) : -2.28
2026-05-21 09:38:30,.80, Kemiringan (roll) : -2.28
2026-05-21 09:38:30,.80, Kemiringan (roll) : -2.28
2026-05-21 09:38:30,.80, Kemiringan (roll) : -2.28
2026-05-21 09:38:30,.80, Kemiringan (roll) : -2.28
2026-05-21 09:38:30,.80, Kemiringan (roll) : -2.28
2026-05-21 09:38:30,.80, Kemiringan (roll) : -2.28
2026-05-21 09:38:30,.80, Kemiringan (roll) : -2.28
2026-05-21 09:38:30,.80, Kemiringan (roll) : -2.28
2026-05-21 09:38:30,.80, Kemiringan (roll) : -2.28
2026-05-21 09:38:30,.80, Kemiringan (roll) : -2.28
2026-05-21 09:38:30,.80, Kemiringan (roll) : -2.28
2026-05-21 09:38:30,.80, Kemiringan (roll) : -2.28
2026-05-21 09:38:30,.80, Kemiringan (roll) : -2.28
2026-05-21 09:38:30,.80, Kemiringan (roll) : -2.28
2026-05-21 09:38:30,.80, Kemiringan (roll) : -2.28
2026-05-21 09:38:30,.80, Kemiringan (roll) : -2.28
2026-05-21 09:38:30,.80, Kemiringan (roll) : -2.28
2026-05-21 09:38:30,.80, Kemiringan (roll) : -2.28
2026-05-21 09:38:30,.80, Kemiringan (roll) : -2.28
2026-05-21 09:38:30,.80, Kemiringan (roll) : -2.28
2026-05-21 09:38:30,.80, Kemiringan (roll) : -2.28
2026-05-21 09:38:30,.80, Kemiringan (roll) : -2.28
2026-05-21 09:38:30,.80, Kemiringan (roll) : -2.28
2026-05-21 09:38:30,.80, Kemiringan (roll) : -2.28
2026-05-21 09:38:30,.80, Kemiringan (roll) : -2.28
2026-05-21 09:38:30,.80, Kemiringan (roll) : -2.28
2026-05-21 09:38:30,.80, Kemiringan (roll) : -2.28
2026-05-21 09:38:30,.80, Kemiringan (roll) : -2.28
2026-05-21 09:38:30,.80, Kemiringan (roll) : -2.28
2026-05-21 09:38:30,.80, Kemiringan (roll) : -2.28
2026-05-21 09:38:30,.80, Kemiringan (roll) : -2.28
2026-05-21 09:38:30,.80, Kemiringan (roll) : -2.28
2026-05-21 09:38:30,.80, Kemiringan (roll) : -2.28
2026-05-21 09:38:30,.80, Kemiringan (roll) : -2.28
2026-05-21 09:38:30,.80, Kemiringan (roll) : -2.28
2026-05-21 09:38:30,.80, Kemiringan (roll) : -2.28
2026-05-21 09:38:30,.80, Kemiringan (roll) : -2.28
2026-05-21 09:38:30,.80, Kemiringan (roll) : -2.28
2026-05-21 09:38:30,.80, Kemiringan (roll) : -2.28
2026-05-21 09:38:30,.80, Kemiringan (roll) : -2.28
2026-05-21 09:38:30,.80, Kemiringan (roll) : -2.28
2026-05-21 09:38:30,.80, Kemiringan (roll) : -2.28
2026-05-21 09:38:30,.80, Kemiringan (roll) : -2.28
2026-05-21 09:38:30,.80, Kemiringan (roll) : -2.28
2026-05-21 09:38:30,.80, Kemiringan (roll) : -2.28
2026-05-21 09:38:30,.80, Kemiringan (roll) : -2.28
2026-05-21 09:38:30,.80, Kemiringan (roll) : -2.28
2026-05-21 09:38:30,.80, Kemiringan (roll) : -2.28
2026-05-21 09:38:30,.80, Kemiringan (roll) : -2.28
2026-05-21 09:38:30,.80, Kemiringan (roll) : -2.28
2026-05-21 09:38:30,.80, Kemiringan (roll) : -2.28
2026-05-21 09:38:30,.80, Kemiringan (roll) : -2.28
2026-05-21 09:38:30,.80, Kemiringan (roll) : -2.28
2026-05-21 09:38:30,.80, Kemiringan (roll) : -2.28
2026-05-21 09:38:30,.80, Kemiringan (roll) : -2.28
2026-05-21 09:38:30,.80, Kemiringan (roll) : -2.28
2026-05-21 09:38:30,.80, Kemiringan (roll) : -2.28
2026-05-21 09:38:30,.80, Kemiringan (roll) : -2.28
2026-05-21 09:38:30,.80, Kemiringan (roll) : -2.28
2026-05-21 09:38:30,.80, Kemiringan (roll) : -2.28
2026-05-21 09:38:30,.80, Kemiringan (roll) : -2.28
2026-05-21 09:38:30,.80, Kemiringan (roll) : -2.28
2026-05-21 09:38:30,.80, Kemiringan (roll) : -2.28
2026-05-21 09:38:30,.80, Kemiringan (roll) : -2.28
2026-05-21 09:38:30,.80, Kemiringan (roll) : -2.28
2026-05-21 09:38:30,.80, Kemiringan (roll) : -2.28
2026-05-21 09:38:30,.80, Kemiringan (roll) : -2.28
2026-05-21 09:38:30,.80, Kemiringan (roll) : -2.28
2026-05-21 09:38:30,.80, Kemiringan (roll) : -2.28
2026-05-21 09:38:30,.80, Kemiringan (roll) : -2.28
2026-05-21 09:38:30,.80, Kemiringan (roll) : -2.28
2026-05-21 09:38:30,.80, Kemiringan (roll) : -2.28
2026-05-21 09:38:30,.80, Kemiringan (roll) : -2.28
2026-05-21 09:38:30,.80, Kemiringan (roll) : -2.28
2026-05-21 09:38:30,.80, Kemiringan (roll) : -2.28
2026-05-21 09:38:30,.80, Kemiringan (roll) : -2.28
2026-05-21 09:38:30,.80, Kemiringan (roll) : -2.28
2026-05-21 09:38:30,.80, Kemiringan (roll) : -2.28
2026-05-21 09:38:30,.80, Kemiringan (roll) : -2.28
2026-05-21 09:38:30,.80, Kemiringan (roll) : -2.28
2026-05-21 09:38:30,.80, Kemiringan (roll) : -2.28
2026-05-21 09:38:30,.80, Kemiringan (roll) : -2.28
2026-05-21 09:38:30,.80, Kemiringan (roll) : -2.28
2026-05-21 09:38:30,.80, Kemiringan (roll) : -2.28
2026-05-21 09:38:30,.80, Kemiringan (roll) : -2.28
2026-05-21 09:38:30,.80, Kemiringan (roll) : -2.28
2026-05-21 09:38:30,.80, Kemiringan (roll) : -2.28
2026-05-21 09:38:30,.80, Kemiringan (roll) : -2.28
2026-05-21 09:38:30,.80, Kemiringan (roll) : -2.28
2026-05-21 09:38:30,.80, Kemiringan (roll) : -2.28
2026-05-21 09:38:30,.80, Kemiringan (roll) : -2.28
2026-05-21 09:38:30,.80, Kemiringan (roll) : -2.28
2026-05-21 09:38:30,.80, Kemiringan (roll) : -2.28
2026-05-21 09:38:30,.80, Kemiringan (roll) : -2.28
2026-05-21 09:38:30,.80, Kemiringan (roll) : -2.28
2026-05-21 09:38:30,.80, Kemiringan (roll) : -2.28
2026-05-21 09:38:30,.80, Kemiringan (roll) : -2.28
2026-05-21 09:38:30,.80, Kemiringan (roll) : -2.28
2026-05-21 09:38:30,.80, Kemiringan (roll) : -2.28
2026-05-21 09:38:30,.80, Kemiringan (roll) : -2.28
2026-05-21 09:38:30,.80, Kemiringan (roll) : -2.28
2026-05-21 09:38:30,.80, Kemiringan (roll) : -2.28
2026-05-21 09:38:30,.80, Kemiringan (roll) : -2.28
2026-05-21 09:38:30,.80, Kemiringan (roll) : -2.28
2026-05-21 09:38:30,.80, Kemiringan (roll) : -2.28
2026-05-21 09:38:30,.80, Kemiringan (roll) : -2.28
2026-05-21 09:38:30,.80, Kemiringan (roll) : -2.28
2026-05-21 09:38:30,.80, Kemiringan (roll) : -2.28
2026-05-21 09:38:30,.80, Kemiringan (roll) : -2.28
2026-05-21 09:38:30,.80, Kemiringan (roll) : -2.28
2026-05-21 09:38:30,.80, Kemiringan (roll) : -2.28
2026-05-21 09:38:30,.80, Kemiringan (roll) : -2.28
2026-05-21 09:38:30,.80, Kemiringan (roll) : -2.28
2026-05-21 09:38:30,.80, Kemiringan (roll) : -2.28
2026-05-21 09:38:30,.80, Kemiringan (roll) : -2.28
2026-05-21 09:38:30,.80, Kemiringan (roll) : -2.28
2026-05-21 09:38:30,.80, Kemiringan (roll) : -2.28
2026-05-21 09:38:30,.80, Kemiringan (roll) : -2.28
2026-05-21 09:38:30,.80, Kemiringan (roll) : -2.28
2026-05-21 09:38:30,.80, Kemiringan (roll) : -2.28
2026-05-21 09:38:30,.80, Kemiringan (roll) : -2.28
2026-05-21 09:38:30,.80, Kemiringan (roll) : -2.28
2026-05-21 09:38:30,.80, Kemiringan (roll) : -2.28
2026-05-21 09:38:30,.80, Kemiringan (roll) : -2.28
2026-05-21 09:38:30,.80, Kemiringan (roll) : -2.28
2026-05-21 09:38:30,.80, Kemiringan (roll) : -2.28
2026-05-21 09:38:30,.80, Kemiringan (roll) : -2.28
2026-05-21 09:38:30,.80, Kemiringan (roll) : -2.28
2026-05-21 09:38:30,.80, Kemiringan (roll) : -2.28
2026-05-21 09:38:30,.80, Kemiringan (roll) : -2.28
2026-05-21 09:38:30,.80, Kemiringan (roll) : -2.28
2026-05-21 09:38:30,.80, Kemiringan (roll) : -2.28
2026-05-21 09:38:30,.80, Kemiringan (roll) : -2.28
2026-05-21 09:38:30,.80, Kemiringan (roll) : -2.28
2026-05-21 09:38:30,.80, Kemiringan (roll) : -2.28
2026-05-21 09:38:30,.80, Kemiringan (roll) : -2.28
2026-05-21 09:38:30,.80, Kemiringan (roll) : -2.28
2026-05-21 09:38:30,.80, Kemiringan (roll) : -2.28
2026-05-21 09:38:30,.80, Kemiringan (roll) : -2.28
2026-05-21 09:38:30,.80, Kemiringan (roll) : -2.28
2026-05-21 09:38:30,.80, Kemiringan (roll) : -2.28
2026-05-21 09:38:30,.80, Kemiringan (roll) : -2.28
2026-05-21 09:38:30,.80, Kemiringan (roll) : -2.28
2026-05-21 09:38:30,.80, Kemiringan (roll) : -2.28
2026-05-21 09:38:30,.80, Kemiringan (roll) : -2.28
2026-05-21 09:38:30,.80, Kemiringan (roll) : -2.28
2026-05-21 09:38:30,.80, Kemiringan (roll) : -2.28
2026-05-21 09:38:30,.80, Kemiringan (roll) : -2.28
2026-05-21 09:38:30,.80, Kemiringan (roll) : -2.28
2026-05-21 09:38:30,.80, Kemiringan (roll) : -2.28
2026-05-21 09:38:30,.80, Kemiringan (roll) : -2.28
2026-05-21 09:38:30,.80, Kemiringan (roll) : -2.28
2026-05-21 09:38:30,.80, Kemiringan (roll) : -2.28
2026-05-21 09:38:30,.80, Kemiringan (roll) : -2.28
2026-05-21 09:38:30,.80, Kemiringan (roll) : -2.28
2026-05-21 09:38:30,.80, Kemiringan (roll) : -2.28
2026-05-21 09:38:30,.80, Kemiringan (roll) : -2.28
2026-05-21 09:38:30,.80, Kemiringan (roll) : -2.28
2026-05-21 09:38:30,.80, Kemiringan (roll) : -2.28
2026-05-21 09:38:30,.80, Kemiringan (roll) : -2.28
2026-05-21 09:38:30,.80, Kemiringan (roll) : -2.28
2026-05-21 09:38:30,.80, Kemiringan (roll) : -2.28
2026-05-21 09:38:30,.80, Kemiringan (roll) : -2.28
2026-05-21 09:38:30,.80, Kemiringan (roll) : -2.28
2026-05-21 09:38:30,.80, Kemiringan (roll) : -2.28
2026-05-21 09:38:30,.80, Kemiringan (roll) : -2.28
2026-05-21 09:38:30,.80, Kemiringan (roll) : -2.28
2026-05-21 09:38:30,.80, Kemiringan (roll) : -2.28
2026-05-21 09:38:30,.80, Kemiringan (roll) : -2.28
2026-05-21 09:38:30,.80, Kemiringan (roll) : -2.28
2026-05-21 09:38:30,.80, Kemiringan (roll) : -2.28
2026-05-21 09:38:30,.80, Kemiringan (roll) : -2.28
2026-05-21 09:38:30,.80, Kemiringan (roll) : -2.28
2026-05-21 09:38:30,.80, Kemiringan (roll) : -2.28
2026-05-21 09:38:30,.80, Kemiringan (roll) : -2.28
2026-05-21 09:38:30,.80, Kemiringan (roll) : -2.28
2026-05-21 09:38:30,.80, Kemiringan (roll) : -2.28
2026-05-21 09:38:30,.80, Kemiringan (roll) : -2.28
2026-05-21 09:38:30,.80, Kemiringan (roll) : -2.28
2026-05-21 09:38:30,.80, Kemiringan (roll) : -2.28
2026-05-21 09:38:30,.80, Kemiringan (roll) : -2.28
2026-05-21 09:38:30,.80, Kemiringan (roll) : -2.28
2026-05-21 09:38:30,.80, Kemiringan (roll) : -2.28
2026-05-21 09:38:30,.80, Kemiringan (roll) : -2.28
2026-05-21 09:38:30,.80, Kemiringan (roll) : -2.28
2026-05-21 09:38:30,.80, Kemiringan (roll) : -2.28
2026-05-21 09:38:30,.80, Kemiringan (roll) : -2.28
2026-05-21 09:38:30,.80, Kemiringan (roll) : -2.28
2026-05-21 09:38:30,.80, Kemiringan (roll) : -2.28
2026-05-21 09:38:30,.80, Kemiringan (roll) : -2.28
2026-05-21 09:38:31,.80, Kemiringan (roll) : -2.28
2026-05-21 09:38:31,.80, Kemiringan (roll) : -2.28
2026-05-21 09:38:31,.80, Kemiringan (roll) : -2.28
2026-05-21 09:38:31,.80, Kemiringan (roll) : -2.28
2026-05-21 09:38:31,.80, Kemiringan (roll) : -2.28
2026-05-21 09:38:31,.80, Kemiringan (roll) : -2.28
2026-05-21 09:38:31,.80, Kemiringan (roll) : -2.28
2026-05-21 09:38:31,.80, Kemiringan (roll) : -2.28
2026-05-21 09:38:31,.80, Kemiringan (roll) : -2.28
2026-05-21 09:38:31,.80, Kemiringan (roll) : -2.28
2026-05-21 09:38:31,.80, Kemiringan (roll) : -2.28
2026-05-21 09:38:31,.80, Kemiringan (roll) : -2.28
2026-05-21 09:38:31,.80, Kemiringan (roll) : -2.28
2026-05-21 09:38:31,.80, Kemiringan (roll) : -2.28
2026-05-21 09:38:31,.80, Kemiringan (roll) : -2.28
2026-05-21 09:38:31,.80, Kemiringan (roll) : -2.28
2026-05-21 09:38:31,.80, Kemiringan (roll) : -2.28
2026-05-21 09:38:31,.80, Kemiringan (roll) : -2.28
2026-05-21 09:38:31,.80, Kemiringan (roll) : -2.28
2026-05-21 09:38:31,.80, Kemiringan (roll) : -2.28
2026-05-21 09:38:31,.80, Kemiringan (roll) : -2.28
2026-05-21 09:38:31,.80, Kemiringan (roll) : -2.28
2026-05-21 09:38:31,.80, Kemiringan (roll) : -2.28
2026-05-21 09:38:31,.80, Kemiringan (roll) : -2.28
2026-05-21 09:38:31,.80, Kemiringan (roll) : -2.28
2026-05-21 09:38:31,.80, Kemiringan (roll) : -2.28
2026-05-21 09:38:31,.80, Kemiringan (roll) : -2.28
2026-05-21 09:38:31,.80, Kemiringan (roll) : -2.28
2026-05-21 09:38:31,.80, Kemiringan (roll) : -2.28
2026-05-21 09:38:31,.80, Kemiringan (roll) : -2.28
2026-05-21 09:38:31,.80, Kemiringan (roll) : -2.28
2026-05-21 09:38:31,.80, Kemiringan (roll) : -2.28
2026-05-21 09:38:31,.80, Kemiringan (roll) : -2.28
2026-05-21 09:38:31,.80, Kemiringan (roll) : -2.28
2026-05-21 09:38:31,.80, Kemiringan (roll) : -2.28
2026-05-21 09:38:31,.80, Kemiringan (roll) : -2.28
2026-05-21 09:38:31,.80, Kemiringan (roll) : -2.28
2026-05-21 09:38:31,.80, Kemiringan (roll) : -2.28
2026-05-21 09:38:31,.80, Kemiringan (roll) : -2.28
2026-05-21 09:38:31,.80, Kemiringan (roll) : -2.28
2026-05-21 09:38:31,.80, Kemiringan (roll) : -2.28
2026-05-21 09:38:31,.80, Kemiringan (roll) : -2.28
2026-05-21 09:38:31,.80, Kemiringan (roll) : -2.28
2026-05-21 09:38:31,.80, Kemiringan (roll) : -2.28
2026-05-21 09:38:31,.80, Kemiringan (roll) : -2.28
2026-05-21 09:38:31,.80, Kemiringan (roll) : -2.28
2026-05-21 09:38:31,.80, Kemiringan (roll) : -2.28
2026-05-21 09:38:31,.80, Kemiringan (roll) : -2.28
2026-05-21 09:38:31,.80, Kemiringan (roll) : -2.28
2026-05-21 09:38:31,.80, Kemiringan (roll) : -2.28
2026-05-21 09:38:31,.80, Kemiringan (roll) : -2.28
2026-05-21 09:38:31,.80, Kemiringan (roll) : -2.28
2026-05-21 09:38:31,.80, Kemiringan (roll) : -2.28
2026-05-21 09:38:31,.80, Kemiringan (roll) : -2.28
2026-05-21 09:38:31,.80, Kemiringan (roll) : -2.28
2026-05-21 09:38:31,.80, Kemiringan (roll) : -2.28
2026-05-21 09:38:31,.80, Kemiringan (roll) : -2.28
2026-05-21 09:38:31,.80, Kemiringan (roll) : -2.28
2026-05-21 09:38:31,.80, Kemiringan (roll) : -2.28
2026-05-21 09:38:31,.80, Kemiringan (roll) : -2.28
2026-05-21 09:38:31,.80, Kemiringan (roll) : -2.28
2026-05-21 09:38:31,.80, Kemiringan (roll) : -2.28
2026-05-21 09:38:31,.80, Kemiringan (roll) : -2.28
2026-05-21 09:38:31,.80, Kemiringan (roll) : -2.28
2026-05-21 09:38:31,.80, Kemiringan (roll) : -2.28
2026-05-21 09:38:31,.80, Kemiringan (roll) : -2.28
2026-05-21 09:38:31,.80, Kemiringan (roll) : -2.28
2026-05-21 09:38:31,.80, Kemiringan (roll) : -2.28
2026-05-21 09:38:31,.80, Kemiringan (roll) : -2.28
2026-05-21 09:38:31,.80, Kemiringan (roll) : -2.28
2026-05-21 09:38:31,.80, Kemiringan (roll) : -2.28
2026-05-21 09:38:31,.80, Kemiringan (roll) : -2.28
2026-05-21 09:38:31,.80, Kemiringan (roll) : -2.28
2026-05-21 09:38:31,.80, Kemiringan (roll) : -2.28
2026-05-21 09:38:31,.80, Kemiringan (roll) : -2.28
2026-05-21 09:38:31,.80, Kemiringan (roll) : -2.28
2026-05-21 09:38:31,.80, Kemiringan (roll) : -2.28
2026-05-21 09:38:31,.80, Kemiringan (roll) : -2.28
2026-05-21 09:38:31,.80, Kemiringan (roll) : -2.28
2026-05-21 09:38:31,.80, Kemiringan (roll) : -2.28
2026-05-21 09:38:31,.80, Kemiringan (roll) : -2.28
2026-05-21 09:38:31,.80, Kemiringan (roll) : -2.28
2026-05-21 09:38:31,.80, Kemiringan (roll) : -2.28
2026-05-21 09:38:31,.80, Kemiringan (roll) : -2.28
2026-05-21 09:38:31,.80, Kemiringan (roll) : -2.28
2026-05-21 09:38:31,.80, Kemiringan (roll) : -2.28
2026-05-21 09:38:31,.80, Kemiringan (roll) : -2.28
2026-05-21 09:38:31,.80, Kemiringan (roll) : -2.28
2026-05-21 09:38:31,.80, Kemiringan (roll) : -2.28
2026-05-21 09:38:31,.80, Kemiringan (roll) : -2.28
2026-05-21 09:38:31,.80, Kemiringan (roll) : -2.28
2026-05-21 09:38:31,.80, Kemiringan (roll) : -2.28
2026-05-21 09:38:31,.80, Kemiringan (roll) : -2.28
2026-05-21 09:38:31,.80, Kemiringan (roll) : -2.28
2026-05-21 09:38:31,.80, Kemiringan (roll) : -2.28
2026-05-21 09:38:31,.80, Kemiringan (roll) : -2.28
2026-05-21 09:38:31,.80, Kemiringan (roll) : -2.28
2026-05-21 09:38:31,.80, Kemiringan (roll) : -2.28
2026-05-21 09:38:31,.80, Kemiringan (roll) : -2.28
2026-05-21 09:38:31,.80, Kemiringan (roll) : -2.28
2026-05-21 09:38:31,.80, Kemiringan (roll) : -2.28
2026-05-21 09:38:31,.80, Kemiringan (roll) : -2.28
2026-05-21 09:38:31,.80, Kemiringan (roll) : -2.28
2026-05-21 09:38:31,.80, Kemiringan (roll) : -2.28
2026-05-21 09:38:31,.80, Kemiringan (roll) : -2.28
2026-05-21 09:38:31,.80, Kemiringan (roll) : -2.28
2026-05-21 09:38:31,.80, Kemiringan (roll) : -2.28
2026-05-21 09:38:31,.80, Kemiringan (roll) : -2.28
2026-05-21 09:38:31,.80, Kemiringan (roll) : -2.28
2026-05-21 09:38:31,.80, Kemiringan (roll) : -2.28
2026-05-21 09:38:31,.80, Kemiringan (roll) : -2.28
2026-05-21 09:38:31,.80, Kemiringan (roll) : -2.28
2026-05-21 09:38:31,.80, Kemiringan (roll) : -2.28
2026-05-21 09:38:31,.80, Kemiringan (roll) : -2.28
2026-05-21 09:38:31,.80, Kemiringan (roll) : -2.28
2026-05-21 09:38:31,.80, Kemiringan (roll) : -2.28
2026-05-21 09:38:31,.80, Kemiringan (roll) : -2.28
2026-05-21 09:38:31,.80, Kemiringan (roll) : -2.28
2026-05-21 09:38:31,.80, Kemiringan (roll) : -2.28
2026-05-21 09:38:31,.80, Kemiringan (roll) : -2.28
2026-05-21 09:38:31,.80, Kemiringan (roll) : -2.28
2026-05-21 09:38:31,.80, Kemiringan (roll) : -2.28
2026-05-21 09:38:31,.80, Kemiringan (roll) : -2.28
2026-05-21 09:38:31,.80, Kemiringan (roll) : -2.28
2026-05-21 09:38:31,.80, Kemiringan (roll) : -2.28
2026-05-21 09:38:31,.80, Kemiringan (roll) : -2.28
2026-05-21 09:38:31,.80, Kemiringan (roll) : -2.28
2026-05-21 09:38:31,.80, Kemiringan (roll) : -2.28
2026-05-21 09:38:31,.80, Kemiringan (roll) : -2.28
2026-05-21 09:38:31,.80, Kemiringan (roll) : -2.28
2026-05-21 09:38:31,.80, Kemiringan (roll) : -2.28
2026-05-21 09:38:31,.80, Kemiringan (roll) : -2.28
2026-05-21 09:38:31,.80, Kemiringan (roll) : -2.28
2026-05-21 09:38:31,.80, Kemiringan (roll) : -2.28
2026-05-21 09:38:31,.80, Kemiringan (roll) : -2.28
2026-05-21 09:38:31,.80, Kemiringan (roll) : -2.28
2026-05-21 09:38:31,.80, Kemiringan (roll) : -2.28
2026-05-21 09:38:31,.80, Kemiringan (roll) : -2.28
2026-05-21 09:38:31,.80, Kemiringan (roll) : -2.28
2026-05-21 09:38:31,.80, Kemiringan (roll) : -2.28
2026-05-21 09:38:31,.80, Kemiringan (roll) : -2.28
2026-05-21 09:38:31,.80, Kemiringan (roll) : -2.28
2026-05-21 09:38:31,.80, Kemiringan (roll) : -2.28
2026-05-21 09:38:31,.80, Kemiringan (roll) : -2.28
2026-05-21 09:38:31,.80, Kemiringan (roll) : -2.28
2026-05-21 09:38:31,.80, Kemiringan (roll) : -2.28
2026-05-21 09:38:31,.80, Kemiringan (roll) : -2.28
2026-05-21 09:38:31,.80, Kemiringan (roll) : -2.28
2026-05-21 09:38:31,.80, Kemiringan (roll) : -2.28
2026-05-21 09:38:31,.80, Kemiringan (roll) : -2.28
2026-05-21 09:38:31,.80, Kemiringan (roll) : -2.28
2026-05-21 09:38:31,.80, Kemiringan (roll) : -2.28
2026-05-21 09:38:31,.80, Kemiringan (roll) : -2.28
2026-05-21 09:38:31,.80, Kemiringan (roll) : -2.28
2026-05-21 09:38:31,.80, Kemiringan (roll) : -2.28
2026-05-21 09:38:31,.80, Kemiringan (roll) : -2.28
2026-05-21 09:38:31,.80, Kemiringan (roll) : -2.28
2026-05-21 09:38:31,.80, Kemiringan (roll) : -2.28
2026-05-21 09:38:31,.80, Kemiringan (roll) : -2.28
2026-05-21 09:38:31,.80, Kemiringan (roll) : -2.28
2026-05-21 09:38:31,.80, Kemiringan (roll) : -2.28
2026-05-21 09:38:31,.80, Kemiringan (roll) : -2.28
2026-05-21 09:38:31,.80, Kemiringan (roll) : -2.28
2026-05-21 09:38:31,.80, Kemiringan (roll) : -2.28
2026-05-21 09:38:31,.80, Kemiringan (roll) : -2.28
2026-05-21 09:38:31,.80, Kemiringan (roll) : -2.28
2026-05-21 09:38:31,.80, Kemiringan (roll) : -2.28
2026-05-21 09:38:31,.80, Kemiringan (roll) : -2.28
2026-05-21 09:38:31,.80, Kemiringan (roll) : -2.28
2026-05-21 09:38:31,.80, Kemiringan (roll) : -2.28
2026-05-21 09:38:31,.80, Kemiringan (roll) : -2.28
2026-05-21 09:38:31,.80, Kemiringan (roll) : -2.28
2026-05-21 09:38:31,.80, Kemiringan (roll) : -2.28
2026-05-21 09:38:31,.80, Kemiringan (roll) : -2.28
2026-05-21 09:38:31,.80, Kemiringan (roll) : -2.28
2026-05-21 09:38:31,.80, Kemiringan (roll) : -2.28
2026-05-21 09:38:31,.80, Kemiringan (roll) : -2.28
2026-05-21 09:38:31,.80, Kemiringan (roll) : -2.28
2026-05-21 09:38:31,.80, Kemiringan (roll) : -2.28
2026-05-21 09:38:31,.80, Kemiringan (roll) : -2.28
2026-05-21 09:38:31,.80, Kemiringan (roll) : -2.28
2026-05-21 09:38:31,.80, Kemiringan (roll) : -2.28
2026-05-21 09:38:31,.80, Kemiringan (roll) : -2.28
2026-05-21 09:38:31,.80, Kemiringan (roll) : -2.28
2026-05-21 09:38:31,.80, Kemiringan (roll) : -2.28
2026-05-21 09:38:31,.80, Kemiringan (roll) : -2.28
2026-05-21 09:38:31,.80, Kemiringan (roll) : -2.28
2026-05-21 09:38:31,.80, Kemiringan (roll) : -2.28
2026-05-21 09:38:31,.80, Kemiringan (roll) : -2.28
2026-05-21 09:38:31,.80, Kemiringan (roll) : -2.28
2026-05-21 09:38:31,.80, Kemiringan (roll) : -2.28
2026-05-21 09:38:31,.80, Kemiringan (roll) : -2.28
2026-05-21 09:38:31,.80, Kemiringan (roll) : -2.28
2026-05-21 09:38:31,.80, Kemiringan (roll) : -2.28
2026-05-21 09:38:31,.80, Kemiringan (roll) : -2.28
2026-05-21 09:38:31,.80, Kemiringan (roll) : -2.28
2026-05-21 09:38:31,.80, Kemiringan (roll) : -2.28
2026-05-21 09:38:31,.80, Kemiringan (roll) : -2.28
2026-05-21 09:38:31,.80, Kemiringan (roll) : -2.28
2026-05-21 09:38:31,.80, Kemiringan (roll) : -2.28
2026-05-21 09:38:31,.80, Kemiringan (roll) : -2.28
2026-05-21 09:38:31,.80, Kemiringan (roll) : -2.28
2026-05-21 09:38:31,.80, Kemiringan (roll) : -2.28
2026-05-21 09:38:31,.80, Kemiringan (roll) : -2.28
2026-05-21 09:38:31,.80, Kemiringan (roll) : -2.28
2026-05-21 09:38:31,.80, Kemiringan (roll) : -2.28
2026-05-21 09:38:31,.80, Kemiringan (roll) : -2.28
2026-05-21 09:38:31,.80, Kemiringan (roll) : -2.28
2026-05-21 09:38:31,.80, Kemiringan (roll) : -2.28
2026-05-21 09:38:31,.80, Kemiringan (roll) : -2.28
2026-05-21 09:38:31,.80, Kemiringan (roll) : -2.28
2026-05-21 09:38:31,.80, Kemiringan (roll) : -2.28
2026-05-21 09:38:31,.80, Kemiringan (roll) : -2.28
2026-05-21 09:38:31,.80, Kemiringan (roll) : -2.28
2026-05-21 09:38:31,.80, Kemiringan (roll) : -2.28
2026-05-21 09:38:31,.80, Kemiringan (roll) : -2.28
2026-05-21 09:38:31,.80, Kemiringan (roll) : -2.28
2026-05-21 09:38:31,.80, Kemiringan (roll) : -2.28
2026-05-21 09:38:31,.80, Kemiringan (roll) : -2.28
2026-05-21 09:38:31,.80, Kemiringan (roll) : -2.28
2026-05-21 09:38:31,.80, Kemiringan (roll) : -2.28
2026-05-21 09:38:31,.80, Kemiringan (roll) : -2.28
2026-05-21 09:38:31,.80, Kemiringan (roll) : -2.28
2026-05-21 09:38:31,.80, Kemiringan (roll) : -2.28
2026-05-21 09:38:31,.80, Kemiringan (roll) : -2.28
2026-05-21 09:38:31,.80, Kemiringan (roll) : -2.28
2026-05-21 09:38:31,.80, Kemiringan (roll) : -2.28
2026-05-21 09:38:31,.80, Kemiringan (roll) : -2.28
2026-05-21 09:38:31,.80, Kemiringan (roll) : -2.28
2026-05-21 09:38:31,.80, Kemiringan (roll) : -2.28
2026-05-21 09:38:31,.80, Kemiringan (roll) : -2.28
2026-05-21 09:38:31,.80, Kemiringan (roll) : -2.28
2026-05-21 09:38:31,.80, Kemiringan (roll) : -2.28
2026-05-21 09:38:31,.80, Kemiringan (roll) : -2.28
2026-05-21 09:38:31,.80, Kemiringan (roll) : -2.28
2026-05-21 09:38:31,.80, Kemiringan (roll) : -2.28
2026-05-21 09:38:31,.80, Kemiringan (roll) : -2.28
2026-05-21 09:38:31,.80, Kemiringan (roll) : -2.28
2026-05-21 09:38:31,.80, Kemiringan (roll) : -2.28
2026-05-21 09:38:31,.80, Kemiringan (roll) : -2.28
2026-05-21 09:38:31,.80, Kemiringan (roll) : -2.28
2026-05-21 09:38:31,.80, Kemiringan (roll) : -2.28
2026-05-21 09:38:31,.80, Kemiringan (roll) : -2.28
2026-05-21 09:38:31,.80, Kemiringan (roll) : -2.28
2026-05-21 09:38:31,.80, Kemiringan (roll) : -2.28
2026-05-21 09:38:31,.80, Kemiringan (roll) : -2.28
2026-05-21 09:38:31,.80, Kemiringan (roll) : -2.28
2026-05-21 09:38:31,.80, Kemiringan (roll) : -2.28
2026-05-21 09:38:31,.80, Kemiringan (roll) : -2.28
2026-05-21 09:38:31,.80, Kemiringan (roll) : -2.28
2026-05-21 09:38:31,.80, Kemiringan (roll) : -2.28
2026-05-21 09:38:31,.80, Kemiringan (roll) : -2.28
2026-05-21 09:38:31,.80, Kemiringan (roll) : -2.28
2026-05-21 09:38:31,.80, Kemiringan (roll) : -2.28
2026-05-21 09:38:31,.80, Kemiringan (roll) : -2.28
2026-05-21 09:38:31,.80, Kemiringan (roll) : -2.28
2026-05-21 09:38:31,.80, Kemiringan (roll) : -2.28
2026-05-21 09:38:31,.80, Kemiringan (roll) : -2.28
2026-05-21 09:38:31,.80, Kemiringan (roll) : -2.28
2026-05-21 09:38:31,.80, Kemiringan (roll) : -2.28
2026-05-21 09:38:31,.80, Kemiringan (roll) : -2.28
2026-05-21 09:38:31,.80, Kemiringan (roll) : -2.28
2026-05-21 09:38:31,.80, Kemiringan (roll) : -2.28
2026-05-21 09:38:31,.80, Kemiringan (roll) : -2.28
2026-05-21 09:38:31,.80, Kemiringan (roll) : -2.28
2026-05-21 09:38:31,.80, Kemiringan (roll) : -2.28
2026-05-21 09:38:31,.80, Kemiringan (roll) : -2.28
2026-05-21 09:38:31,.80, Kemiringan (roll) : -2.28
2026-05-21 09:38:31,.80, Kemiringan (roll) : -2.28
2026-05-21 09:38:31,.80, Kemiringan (roll) : -2.28
2026-05-21 09:38:31,.80, Kemiringan (roll) : -2.28
2026-05-21 09:38:31,.80, Kemiringan (roll) : -2.28
2026-05-21 09:38:31,.80, Kemiringan (roll) : -2.28
2026-05-21 09:38:31,.80, Kemiringan (roll) : -2.28
2026-05-21 09:38:31,.80, Kemiringan (roll) : -2.28
2026-05-21 09:38:31,.80, Kemiringan (roll) : -2.28
2026-05-21 09:38:31,.80, Kemiringan (roll) : -2.28
2026-05-21 09:38:31,.80, Kemiringan (roll) : -2.28
2026-05-21 09:38:31,.80, Kemiringan (roll) : -2.28
2026-05-21 09:38:31,.80, Kemiringan (roll) : -2.28
2026-05-21 09:38:31,.80, Kemiringan (roll) : -2.28
2026-05-21 09:38:31,.80, Kemiringan (roll) : -2.28
2026-05-21 09:38:31,.80, Kemiringan (roll) : -2.28
2026-05-21 09:38:31,.80, Kemiringan (roll) : -2.28
2026-05-21 09:38:31,.80, Kemiringan (roll) : -2.28
2026-05-21 09:38:31,.80, Kemiringan (roll) : -2.28
2026-05-21 09:38:31,.80, Kemiringan (roll) : -2.28
2026-05-21 09:38:31,.80, Kemiringan (roll) : -2.28
2026-05-21 09:38:31,.80, Kemiringan (roll) : -2.28
2026-05-21 09:38:31,.80, Kemiringan (roll) : -2.28
2026-05-21 09:38:31,.80, Kemiringan (roll) : -2.28
2026-05-21 09:38:31,.80, Kemiringan (roll) : -2.28
2026-05-21 09:38:31,.80, Kemiringan (roll) : -2.28
2026-05-21 09:38:31,.80, Kemiringan (roll) : -2.28
2026-05-21 09:38:31,.80, Kemiringan (roll) : -2.28
2026-05-21 09:38:31,.80, Kemiringan (roll) : -2.28
2026-05-21 09:38:31,.80, Kemiringan (roll) : -2.28
2026-05-21 09:38:31,.80, Kemiringan (roll) : -2.28
2026-05-21 09:38:31,.80, Kemiringan (roll) : -2.28
2026-05-21 09:38:31,.80, Kemiringan (roll) : -2.28
2026-05-21 09:38:31,.80, Kemiringan (roll) : -2.28
2026-05-21 09:38:31,.80, Kemiringan (roll) : -2.28
2026-05-21 09:38:31,.80, Kemiringan (roll) : -2.28
2026-05-21 09:38:31,.80, Kemiringan (roll) : -2.28
2026-05-21 09:38:31,.80, Kemiringan (roll) : -2.28
2026-05-21 09:38:31,.80, Kemiringan (roll) : -2.28
2026-05-21 09:38:31,.80, Kemiringan (roll) : -2.28
2026-05-21 09:38:31,.80, Kemiringan (roll) : -2.28
2026-05-21 09:38:31,.80, Kemiringan (roll) : -2.28
2026-05-21 09:38:31,.80, Kemiringan (roll) : -2.28
2026-05-21 09:38:31,.80, Kemiringan (roll) : -2.28
2026-05-21 09:38:31,.80, Kemiringan (roll) : -2.28
2026-05-21 09:38:31,.80, Kemiringan (roll) : -2.28
2026-05-21 09:38:31,.80, Kemiringan (roll) : -2.28
2026-05-21 09:38:31,.80, Kemiringan (roll) : -2.28
2026-05-21 09:38:31,.80, Kemiringan (roll) : -2.28
2026-05-21 09:38:31,.80, Kemiringan (roll) : -2.28
2026-05-21 09:38:31,.80, Kemiringan (roll) : -2.28
2026-05-21 09:38:31,.80, Kemiringan (roll) : -2.28
2026-05-21 09:38:31,.80, Kemiringan (roll) : -2.28
2026-05-21 09:38:31,.80, Kemiringan (roll) : -2.28
2026-05-21 09:38:31,.80, Kemiringan (roll) : -2.28
2026-05-21 09:38:31,.80, Kemiringan (roll) : -2.28
2026-05-21 09:38:31,.80, Kemiringan (roll) : -2.28
2026-05-21 09:38:31,.80, Kemiringan (roll) : -2.28
2026-05-21 09:38:31,.80, Kemiringan (roll) : -2.28
2026-05-21 09:38:31,.80, Kemiringan (roll) : -2.28
2026-05-21 09:38:31,.80, Kemiringan (roll) : -2.28
2026-05-21 09:38:31,.80, Kemiringan (roll) : -2.28
2026-05-21 09:38:31,.80, Kemiringan (roll) : -2.28
2026-05-21 09:38:31,.80, Kemiringan (roll) : -2.28
2026-05-21 09:38:31,.80, Kemiringan (roll) : -2.28
2026-05-21 09:38:31,.80, Kemiringan (roll) : -2.28
2026-05-21 09:38:31,.80, Kemiringan (roll) : -2.28
2026-05-21 09:38:31,.80, Kemiringan (roll) : -2.28
2026-05-21 09:38:31,.80, Kemiringan (roll) : -2.28
2026-05-21 09:38:31,.80, Kemiringan (roll) : -2.28
2026-05-21 09:38:31,.80, Kemiringan (roll) : -2.28
2026-05-21 09:38:31,.80, Kemiringan (roll) : -2.28
2026-05-21 09:38:31,.80, Kemiringan (roll) : -2.28
2026-05-21 09:38:31,.80, Kemiringan (roll) : -2.28
2026-05-21 09:38:31,.80, Kemiringan (roll) : -2.28
2026-05-21 09:38:31,.80, Kemiringan (roll) : -2.28
2026-05-21 09:38:31,.80, Kemiringan (roll) : -2.28
2026-05-21 09:38:31,.80, Kemiringan (roll) : -2.28
2026-05-21 09:38:31,.80, Kemiringan (roll) : -2.28
2026-05-21 09:38:31,.80, Kemiringan (roll) : -2.28
2026-05-21 09:38:31,.80, Kemiringan (roll) : -2.28
2026-05-21 09:38:31,.80, Kemiringan (roll) : -2.28
2026-05-21 09:38:31,.80, Kemiringan (roll) : -2.28
2026-05-21 09:38:31,.80, Kemiringan (roll) : -2.28
2026-05-21 09:38:31,.80, Kemiringan (roll) : -2.28
2026-05-21 09:38:31,.80, Kemiringan (roll) : -2.28
2026-05-21 09:38:31,.80, Kemiringan (roll) : -2.28
2026-05-21 09:38:31,.80, Kemiringan (roll) : -2.28
2026-05-21 09:38:31,.80, Kemiringan (roll) : -2.28
2026-05-21 09:38:31,.80, Kemiringan (roll) : -2.28
2026-05-21 09:38:31,.80, Kemiringan (roll) : -2.28
2026-05-21 09:38:31,.80, Kemiringan (roll) : -2.28
2026-05-21 09:38:31,.80, Kemiringan (roll) : -2.28
2026-05-21 09:38:31,.80, Kemiringan (roll) : -2.28
2026-05-21 09:38:31,.80, Kemiringan (roll) : -2.28
2026-05-21 09:38:31,.80, Kemiringan (roll) : -2.28
2026-05-21 09:38:31,.80, Kemiringan (roll) : -2.28
2026-05-21 09:38:31,.80, Kemiringan (roll) : -2.28
2026-05-21 09:38:31,.80, Kemiringan (roll) : -2.28
2026-05-21 09:38:31,.80, Kemiringan (roll) : -2.28
2026-05-21 09:38:31,.80, Kemiringan (roll) : -2.28
2026-05-21 09:38:31,.80, Kemiringan (roll) : -2.28
2026-05-21 09:38:31,.80, Kemiringan (roll) : -2.28
2026-05-21 09:38:31,.80, Kemiringan (roll) : -2.28
2026-05-21 09:38:31,.80, Kemiringan (roll) : -2.28
2026-05-21 09:38:31,.80, Kemiringan (roll) : -2.28
2026-05-21 09:38:31,.80, Kemiringan (roll) : -2.28
2026-05-21 09:38:31,.80, Kemiringan (roll) : -2.28
2026-05-21 09:38:31,.80, Kemiringan (roll) : -2.28
2026-05-21 09:38:31,.80, Kemiringan (roll) : -2.28
2026-05-21 09:38:31,.80, Kemiringan (roll) : -2.28
2026-05-21 09:38:31,.80, Kemiringan (roll) : -2.28
2026-05-21 09:38:31,.80, Kemiringan (roll) : -2.28
2026-05-21 09:38:31,.80, Kemiringan (roll) : -2.28
2026-05-21 09:38:31,.80, Kemiringan (roll) : -2.28
2026-05-21 09:38:31,.80, Kemiringan (roll) : -2.28
2026-05-21 09:38:31,.80, Kemiringan (roll) : -2.28
2026-05-21 09:38:31,.80, Kemiringan (roll) : -2.28
2026-05-21 09:38:31,.80, Kemiringan (roll) : -2.28
2026-05-21 09:38:31,.80, Kemiringan (roll) : -2.28
2026-05-21 09:38:31,.80, Kemiringan (roll) : -2.28
2026-05-21 09:38:31,.80, Kemiringan (roll) : -2.28
2026-05-21 09:38:31,.80, Kemiringan (roll) : -2.28
2026-05-21 09:38:31,.80, Kemiringan (roll) : -2.28
2026-05-21 09:38:31,.80, Kemiringan (roll) : -2.28
2026-05-21 09:38:31,.80, Kemiringan (roll) : -2.28
2026-05-21 09:38:31,.80, Kemiringan (roll) : -2.28
2026-05-21 09:38:31,.80, Kemiringan (roll) : -2.28
2026-05-21 09:38:31,.80, Kemiringan (roll) : -2.28
2026-05-21 09:38:31,.80, Kemiringan (roll) : -2.28
2026-05-21 09:38:31,.80, Kemiringan (roll) : -2.28
2026-05-21 09:38:31,.80, Kemiringan (roll) : -2.28
2026-05-21 09:38:31,.80, Kemiringan (roll) : -2.28
2026-05-21 09:38:31,.80, Kemiringan (roll) : -2.28
2026-05-21 09:38:31,.80, Kemiringan (roll) : -2.28
2026-05-21 09:38:31,.80, Kemiringan (roll) : -2.28
2026-05-21 09:38:31,.80, Kemiringan (roll) : -2.28
2026-05-21 09:38:31,.80, Kemiringan (roll) : -2.28
2026-05-21 09:38:31,.80, Kemiringan (roll) : -2.28
2026-05-21 09:38:31,.80, Kemiringan (roll) : -2.28
2026-05-21 09:38:31,.80, Kemiringan (roll) : -2.28
2026-05-21 09:38:31,.80, Kemiringan (roll) : -2.28
2026-05-21 09:38:31,.80, Kemiringan (roll) : -2.28
2026-05-21 09:38:31,.80, Kemiringan (roll) : -2.28
2026-05-21 09:38:31,.80, Kemiringan (roll) : -2.28
2026-05-21 09:38:31,.80, Kemiringan (roll) : -2.28
2026-05-21 09:38:31,.80, Kemiringan (roll) : -2.28
2026-05-21 09:38:31,.80, Kemiringan (roll) : -2.28
2026-05-21 09:38:31,.80, Kemiringan (roll) : -2.28
2026-05-21 09:38:31,.80, Kemiringan (roll) : -2.28
2026-05-21 09:38:31,.80, Kemiringan (roll) : -2.28
2026-05-21 09:38:31,.80, Kemiringan (roll) : -2.28
2026-05-21 09:38:31,.80, Kemiringan (roll) : -2.28
2026-05-21 09:38:31,.80, Kemiringan (roll) : -2.28
2026-05-21 09:38:31,.80, Kemiringan (roll) : -2.28
2026-05-21 09:38:31,.80, Kemiringan (roll) : -2.28
2026-05-21 09:38:31,.80, Kemiringan (roll) : -2.28
2026-05-21 09:38:31,.80, Kemiringan (roll) : -2.28
2026-05-21 09:38:31,.80, Kemiringan (roll) : -2.28
2026-05-21 09:38:31,.80, Kemiringan (roll) : -2.28
2026-05-21 09:38:31,.80, Kemiringan (roll) : -2.28
2026-05-21 09:38:31,.80, Kemiringan (roll) : -2.28
2026-05-21 09:38:31,.80, Kemiringan (roll) : -2.28
2026-05-21 09:38:31,.80, Kemiringan (roll) : -2.28
2026-05-21 09:38:31,.80, Kemiringan (roll) : -2.28
2026-05-21 09:38:31,.80, Kemiringan (roll) : -2.28
2026-05-21 09:38:31,.80, Kemiringan (roll) : -2.28
2026-05-21 09:38:31,.80, Kemiringan (roll) : -2.28
2026-05-21 09:38:31,.80, Kemiringan (roll) : -2.28
2026-05-21 09:38:31,.80, Kemiringan (roll) : -2.28
2026-05-21 09:38:31,.80, Kemiringan (roll) : -2.28
2026-05-21 09:38:31,.80, Kemiringan (roll) : -2.28
2026-05-21 09:38:31,.80, Kemiringan (roll) : -2.28
2026-05-21 09:38:31,.80, Kemiringan (roll) : -2.28
2026-05-21 09:38:31,.80, Kemiringan (roll) : -2.28
2026-05-21 09:38:31,.80, Kemiringan (roll) : -2.28
2026-05-21 09:38:31,.80, Kemiringan (roll) : -2.28
2026-05-21 09:38:31,.80, Kemiringan (roll) : -2.28
2026-05-21 09:38:31,.80, Kemiringan (roll) : -2.28
2026-05-21 09:38:31,.80, Kemiringan (roll) : -2.28
2026-05-21 09:38:31,.80, Kemiringan (roll) : -2.28
2026-05-21 09:38:31,.80, Kemiringan (roll) : -2.28
2026-05-21 09:38:31,.80, Kemiringan (roll) : -2.28
2026-05-21 09:38:31,.80, Kemiringan (roll) : -2.28
2026-05-21 09:38:31,.80, Kemiringan (roll) : -2.28
2026-05-21 09:38:31,.80, Kemiringan (roll) : -2.28
2026-05-21 09:38:31,.80, Kemiringan (roll) : -2.28
2026-05-21 09:38:31,.80, Kemiringan (roll) : -2.28
2026-05-21 09:38:31,.80, Kemiringan (roll) : -2.28
2026-05-21 09:38:31,.80, Kemiringan (roll) : -2.28
2026-05-21 09:38:31,.80, Kemiringan (roll) : -2.28
2026-05-21 09:38:31,.80, Kemiringan (roll) : -2.28
2026-05-21 09:38:31,.80, Kemiringan (roll) : -2.28
2026-05-21 09:38:31,.80, Kemiringan (roll) : -2.28
2026-05-21 09:38:31,.80, Kemiringan (roll) : -2.28
2026-05-21 09:38:31,.80, Kemiringan (roll) : -2.28
2026-05-21 09:38:31,.80, Kemiringan (roll) : -2.28
2026-05-21 09:38:31,.80, Kemiringan (roll) : -2.28
2026-05-21 09:38:31,.80, Kemiringan (roll) : -2.28
2026-05-21 09:38:31,.80, Kemiringan (roll) : -2.28
2026-05-21 09:38:31,.80, Kemiringan (roll) : -2.28
2026-05-21 09:38:31,.80, Kemiringan (roll) : -2.28
2026-05-21 09:38:31,.80, Kemiringan (roll) : -2.28
2026-05-21 09:38:31,.80, Kemiringan (roll) : -2.28
2026-05-21 09:38:31,.80, Kemiringan (roll) : -2.28
2026-05-21 09:38:31,.80, Kemiringan (roll) : -2.28
2026-05-21 09:38:31,.80, Kemiringan (roll) : -2.28
2026-05-21 09:38:31,.80, Kemiringan (roll) : -2.28
2026-05-21 09:38:31,.80, Kemiringan (roll) : -2.28
2026-05-21 09:38:31,.80, Kemiringan (roll) : -2.28
2026-05-21 09:38:31,.80, Kemiringan (roll) : -2.28
2026-05-21 09:38:31,.80, Kemiringan (roll) : -2.28
2026-05-21 09:38:31,.80, Kemiringan (roll) : -2.28
2026-05-21 09:38:31,.80, Kemiringan (roll) : -2.28
2026-05-21 09:38:31,.80, Kemiringan (roll) : -2.28
2026-05-21 09:38:31,.80, Kemiringan (roll) : -2.28
2026-05-21 09:38:31,.80, Kemiringan (roll) : -2.28
2026-05-21 09:38:31,.80, Kemiringan (roll) : -2.28
2026-05-21 09:38:31,.80, Kemiringan (roll) : -2.28
2026-05-21 09:38:31,.80, Kemiringan (roll) : -2.28
2026-05-21 09:38:31,.80, Kemiringan (roll) : -2.28
2026-05-21 09:38:31,.80, Kemiringan (roll) : -2.28
2026-05-21 09:38:31,.80, Kemiringan (roll) : -2.28
2026-05-21 09:38:31,.80, Kemiringan (roll) : -2.28
2026-05-21 09:38:31,.80, Kemiringan (roll) : -2.28
2026-05-21 09:38:31,.80, Kemiringan (roll) : -2.28
2026-05-21 09:38:31,.80, Kemiringan (roll) : -2.28
2026-05-21 09:38:31,.80, Kemiringan (roll) : -2.28
2026-05-21 09:38:31,.80, Kemiringan (roll) : -2.28
2026-05-21 09:38:31,.80, Kemiringan (roll) : -2.28
2026-05-21 09:38:31,.80, Kemiringan (roll) : -2.28
2026-05-21 09:38:31,.80, Kemiringan (roll) : -2.28
2026-05-21 09:38:31,.80, Kemiringan (roll) : -2.28
2026-05-21 09:38:31,.80, Kemiringan (roll) : -2.28
2026-05-21 09:38:31,.80, Kemiringan (roll) : -2.28
2026-05-21 09:38:31,.80, Kemiringan (roll) : -2.28
2026-05-21 09:38:31,.80, Kemiringan (roll) : -2.28
2026-05-21 09:38:31,.80, Kemiringan (roll) : -2.28
2026-05-21 09:38:31,.80, Kemiringan (roll) : -2.28
2026-05-21 09:38:31,.80, Kemiringan (roll) : -2.28
2026-05-21 09:38:31,.80, Kemiringan (roll) : -2.28
2026-05-21 09:38:31,.80, Kemiringan (roll) : -2.28
2026-05-21 09:38:31,.80, Kemiringan (roll) : -2.28
2026-05-21 09:38:31,.80, Kemiringan (roll) : -2.28
2026-05-21 09:38:31,.80, Kemiringan (roll) : -2.28
2026-05-21 09:38:31,.80, Kemiringan (roll) : -2.28
2026-05-21 09:38:31,.80, Kemiringan (roll) : -2.28
2026-05-21 09:38:31,.80, Kemiringan (roll) : -2.28
2026-05-21 09:38:31,.80, Kemiringan (roll) : -2.28
2026-05-21 09:38:31,.80, Kemiringan (roll) : -2.28
2026-05-21 09:38:31,.80, Kemiringan (roll) : -2.28
2026-05-21 09:38:31,.80, Kemiringan (roll) : -2.28
2026-05-21 09:38:31,.80, Kemiringan (roll) : -2.28
2026-05-21 09:38:31,.80, Kemiringan (roll) : -2.28
2026-05-21 09:38:31,.80, Kemiringan (roll) : -2.28
2026-05-21 09:38:31,.80, Kemiringan (roll) : -2.28
2026-05-21 09:38:31,.80, Kemiringan (roll) : -2.28
2026-05-21 09:38:31,.80, Kemiringan (roll) : -2.28
2026-05-21 09:38:31,.80, Kemiringan (roll) : -2.28
2026-05-21 09:38:31,.80, Kemiringan (roll) : -2.28
2026-05-21 09:38:31,.80, Kemiringan (roll) : -2.28
2026-05-21 09:38:31,.80, Kemiringan (roll) : -2.28
2026-05-21 09:38:31,.80, Kemiringan (roll) : -2.28
2026-05-21 09:38:31,.80, Kemiringan (roll) : -2.28
2026-05-21 09:38:31,.80, Kemiringan (roll) : -2.28
2026-05-21 09:38:31,.80, Kemiringan (roll) : -2.28
2026-05-21 09:38:31,.80, Kemiringan (roll) : -2.28
2026-05-21 09:38:31,.80, Kemiringan (roll) : -2.28
2026-05-21 09:38:31,.80, Kemiringan (roll) : -2.28
2026-05-21 09:38:31,.80, Kemiringan (roll) : -2.28
2026-05-21 09:38:31,.80, Kemiringan (roll) : -2.28
2026-05-21 09:38:31,.80, Kemiringan (roll) : -2.28
2026-05-21 09:38:31,.80, Kemiringan (roll) : -2.28
2026-05-21 09:38:31,.80, Kemiringan (roll) : -2.28
2026-05-21 09:38:31,.80, Kemiringan (roll) : -2.28
2026-05-21 09:38:31,.80, Kemiringan (roll) : -2.28
2026-05-21 09:38:31,.80, Kemiringan (roll) : -2.28
2026-05-21 09:38:31,.80, Kemiringan (roll) : -2.28
2026-05-21 09:38:31,.80, Kemiringan (roll) : -2.28
2026-05-21 09:38:31,.80, Kemiringan (roll) : -2.28
2026-05-21 09:38:31,.80, Kemiringan (roll) : -2.28
2026-05-21 09:38:31,.80, Kemiringan (roll) : -2.28
2026-05-21 09:38:31,.80, Kemiringan (roll) : -2.28
2026-05-21 09:38:31,.80, Kemiringan (roll) : -2.28
2026-05-21 09:38:31,.80, Kemiringan (roll) : -2.28
2026-05-21 09:38:31,.80, Kemiringan (roll) : -2.28
2026-05-21 09:38:31,.80, Kemiringan (roll) : -2.28
2026-05-21 09:38:31,.80, Kemiringan (roll) : -2.28
2026-05-21 09:38:31,.80, Kemiringan (roll) : -2.28
2026-05-21 09:38:31,.80, Kemiringan (roll) : -2.28
2026-05-21 09:38:31,.80, Kemiringan (roll) : -2.28
2026-05-21 09:38:31,.80, Kemiringan (roll) : -2.28
2026-05-21 09:38:31,.80, Kemiringan (roll) : -2.28
2026-05-21 09:38:31,.80, Kemiringan (roll) : -2.28
2026-05-21 09:38:31,.80, Kemiringan (roll) : -2.28
2026-05-21 09:38:31,.80, Kemiringan (roll) : -2.28
2026-05-21 09:38:31,.80, Kemiringan (roll) : -2.28
2026-05-21 09:38:31,.80, Kemiringan (roll) : -2.28
2026-05-21 09:38:31,.80, Kemiringan (roll) : -2.28
2026-05-21 09:38:31,.80, Kemiringan (roll) : -2.28
2026-05-21 09:38:31,.80, Kemiringan (roll) : -2.28
2026-05-21 09:38:31,.80, Kemiringan (roll) : -2.28
2026-05-21 09:38:31,.80, Kemiringan (roll) : -2.28
2026-05-21 09:38:31,.80, Kemiringan (roll) : -2.28
2026-05-21 09:38:31,.80, Kemiringan (roll) : -2.28
2026-05-21 09:38:31,.80, Kemiringan (roll) : -2.28
2026-05-21 09:38:31,.80, Kemiringan (roll) : -2.28
2026-05-21 09:38:31,.80, Kemiringan (roll) : -2.28
2026-05-21 09:38:31,.80, Kemiringan (roll) : -2.28
2026-05-21 09:38:31,.80, Kemiringan (roll) : -2.28
2026-05-21 09:38:31,.80, Kemiringan (roll) : -2.28
2026-05-21 09:38:31,.80, Kemiringan (roll) : -2.28
2026-05-21 09:38:31,.80, Kemiringan (roll) : -2.28
2026-05-21 09:38:31,.80, Kemiringan (roll) : -2.28
2026-05-21 09:38:31,.80, Kemiringan (roll) : -2.28
2026-05-21 09:38:31,.80, Kemiringan (roll) : -2.28
2026-05-21 09:38:31,.80, Kemiringan (roll) : -2.28
2026-05-21 09:38:31,.80, Kemiringan (roll) : -2.28
2026-05-21 09:38:31,.80, Kemiringan (roll) : -2.28
2026-05-21 09:38:31,.80, Kemiringan (roll) : -2.28
2026-05-21 09:38:31,.80, Kemiringan (roll) : -2.28
2026-05-21 09:38:31,.80, Kemiringan (roll) : -2.28
2026-05-21 09:38:31,.80, Kemiringan (roll) : -2.28
2026-05-21 09:38:31,.80, Kemiringan (roll) : -2.28
2026-05-21 09:38:31,.80, Kemiringan (roll) : -2.28
2026-05-21 09:38:31,.80, Kemiringan (roll) : -2.28
2026-05-21 09:38:31,.80, Kemiringan (roll) : -2.28
2026-05-21 09:38:31,.80, Kemiringan (roll) : -2.28
2026-05-21 09:38:31,.80, Kemiringan (roll) : -2.28
2026-05-21 09:38:31,.80, Kemiringan (roll) : -2.28
2026-05-21 09:38:31,.80, Kemiringan (roll) : -2.28
2026-05-21 09:38:31,.80, Kemiringan (roll) : -2.28
2026-05-21 09:38:31,.80, Kemiringan (roll) : -2.28
2026-05-21 09:38:31,.80, Kemiringan (roll) : -2.28
2026-05-21 09:38:31,.80, Kemiringan (roll) : -2.28
2026-05-21 09:38:31,.80, Kemiringan (roll) : -2.28
2026-05-21 09:38:31,.80, Kemiringan (roll) : -2.28
2026-05-21 09:38:31,.80, Kemiringan (roll) : -2.28
2026-05-21 09:38:31,.80, Kemiringan (roll) : -2.28
2026-05-21 09:38:31,.80, Kemiringan (roll) : -2.28
2026-05-21 09:38:31,.80, Kemiringan (roll) : -2.28
2026-05-21 09:38:31,.80, Kemiringan (roll) : -2.28
2026-05-21 09:38:31,.80, Kemiringan (roll) : -2.28
2026-05-21 09:38:31,.80, Kemiringan (roll) : -2.28
2026-05-21 09:38:31,.80, Kemiringan (roll) : -2.28
2026-05-21 09:38:31,.80, Kemiringan (roll) : -2.28
2026-05-21 09:38:31,.80, Kemiringan (roll) : -2.28
2026-05-21 09:38:31,.80, Kemiringan (roll) : -2.28
2026-05-21 09:38:31,.80, Kemiringan (roll) : -2.28
2026-05-21 09:38:31,.80, Kemiringan (roll) : -2.28
2026-05-21 09:38:31,.80, Kemiringan (roll) : -2.28
2026-05-21 09:38:31,.80, Kemiringan (roll) : -2.28
2026-05-21 09:38:31,.80, Kemiringan (roll) : -2.28
2026-05-21 09:38:31,.80, Kemiringan (roll) : -2.28
2026-05-21 09:38:31,.80, Kemiringan (roll) : -2.28
2026-05-21 09:38:31,.80, Kemiringan (roll) : -2.28
2026-05-21 09:38:31,.80, Kemiringan (roll) : -2.28
2026-05-21 09:38:31,.80, Kemiringan (roll) : -2.28
2026-05-21 09:38:31,.80, Kemiringan (roll) : -2.28
2026-05-21 09:38:31,.80, Kemiringan (roll) : -2.28
2026-05-21 09:38:31,.80, Kemiringan (roll) : -2.28
2026-05-21 09:38:31,.80, Kemiringan (roll) : -2.28
2026-05-21 09:38:31,.80, Kemiringan (roll) : -2.28
2026-05-21 09:38:31,.80, Kemiringan (roll) : -2.28
2026-05-21 09:38:31,.80, Kemiringan (roll) : -2.28
2026-05-21 09:38:31,.80, Kemiringan (roll) : -2.28
2026-05-21 09:38:31,.80, Kemiringan (roll) : -2.28
2026-05-21 09:38:31,.80, Kemiringan (roll) : -2.28
2026-05-21 09:38:31,.80, Kemiringan (roll) : -2.28
2026-05-21 09:38:31,.80, Kemiringan (roll) : -2.28
2026-05-21 09:38:31,.80, Kemiringan (roll) : -2.28
2026-05-21 09:38:31,.80, Kemiringan (roll) : -2.28
2026-05-21 09:38:31,.80, Kemiringan (roll) : -2.28
2026-05-21 09:38:31,.80, Kemiringan (roll) : -2.28
2026-05-21 09:38:31,.80, Kemiringan (roll) : -2.28
2026-05-21 09:38:31,.80, Kemiringan (roll) : -2.28
2026-05-21 09:38:31,.80, Kemiringan (roll) : -2.28
2026-05-21 09:38:31,.80, Kemiringan (roll) : -2.28
2026-05-21 09:38:31,.80, Kemiringan (roll) : -2.28
2026-05-21 09:38:31,.80, Kemiringan (roll) : -2.28
2026-05-21 09:38:31,.80, Kemiringan (roll) : -2.28
2026-05-21 09:38:31,.80, Kemiringan (roll) : -2.28
2026-05-21 09:38:31,.80, Kemiringan (roll) : -2.28
2026-05-21 09:38:31,.80, Kemiringan (roll) : -2.28
2026-05-21 09:38:31,.80, Kemiringan (roll) : -2.28
2026-05-21 09:38:31,.80, Kemiringan (roll) : -2.28
2026-05-21 09:38:31,.80, Kemiringan (roll) : -2.28
2026-05-21 09:38:31,.80, Kemiringan (roll) : -2.28
2026-05-21 09:38:31,.80, Kemiringan (roll) : -2.28
2026-05-21 09:38:31,.80, Kemiringan (roll) : -2.28
2026-05-21 09:38:31,.80, Kemiringan (roll) : -2.28
2026-05-21 09:38:31,.80, Kemiringan (roll) : -2.28
2026-05-21 09:38:31,.80, Kemiringan (roll) : -2.28
2026-05-21 09:38:31,.80, Kemiringan (roll) : -2.28
2026-05-21 09:38:31,.80, Kemiringan (roll) : -2.28
2026-05-21 09:38:31,.80, Kemiringan (roll) : -2.28
2026-05-21 09:38:31,.80, Kemiringan (roll) : -2.28
2026-05-21 09:38:31,.80, Kemiringan (roll) : -2.28
2026-05-21 09:38:31,.80, Kemiringan (roll) : -2.28
2026-05-21 09:38:31,.80, Kemiringan (roll) : -2.28
2026-05-21 09:38:31,.80, Kemiringan (roll) : -2.28
2026-05-21 09:38:31,.80, Kemiringan (roll) : -2.28
2026-05-21 09:38:31,.80, Kemiringan (roll) : -2.28
2026-05-21 09:38:31,.80, Kemiringan (roll) : -2.28
2026-05-21 09:38:31,.80, Kemiringan (roll) : -2.28
2026-05-21 09:38:31,.80, Kemiringan (roll) : -2.28
2026-05-21 09:38:31,.80, Kemiringan (roll) : -2.28
2026-05-21 09:38:31,.80, Kemiringan (roll) : -2.28
2026-05-21 09:38:31,.80, Kemiringan (roll) : -2.28
2026-05-21 09:38:31,.80, Kemiringan (roll) : -2.28
2026-05-21 09:38:31,.80, Kemiringan (roll) : -2.28
2026-05-21 09:38:31,.80, Kemiringan (roll) : -2.28
2026-05-21 09:38:31,.80, Kemiringan (roll) : -2.28
2026-05-21 09:38:31,.80, Kemiringan (roll) : -2.28
2026-05-21 09:38:31,.80, Kemiringan (roll) : -2.28
2026-05-21 09:38:31,.80, Kemiringan (roll) : -2.28
2026-05-21 09:38:31,.80, Kemiringan (roll) : -2.28
2026-05-21 09:38:31,.80, Kemiringan (roll) : -2.28
2026-05-21 09:38:31,.80, Kemiringan (roll) : -2.28
2026-05-21 09:38:31,.80, Kemiringan (roll) : -2.28
2026-05-21 09:38:31,.80, Kemiringan (roll) : -2.28
2026-05-21 09:38:31,.80, Kemiringan (roll) : -2.28
2026-05-21 09:38:31,.80, Kemiringan (roll) : -2.28
2026-05-21 09:38:31,.80, Kemiringan (roll) : -2.28
2026-05-21 09:38:31,.80, Kemiringan (roll) : -2.28
2026-05-21 09:38:31,.80, Kemiringan (roll) : -2.28
2026-05-21 09:38:31,.80, Kemiringan (roll) : -2.28
2026-05-21 09:38:31,.80, Kemiringan (roll) : -2.28
2026-05-21 09:38:31,.80, Kemiringan (roll) : -2.28
2026-05-21 09:38:31,.80, Kemiringan (roll) : -2.28
2026-05-21 09:38:31,.80, Kemiringan (roll) : -2.28
2026-05-21 09:38:31,.80, Kemiringan (roll) : -2.28
2026-05-21 09:38:31,.80, Kemiringan (roll) : -2.28
2026-05-21 09:38:31,.80, Kemiringan (roll) : -2.28
2026-05-21 09:38:31,.80, Kemiringan (roll) : -2.28
2026-05-21 09:38:31,.80, Kemiringan (roll) : -2.28
2026-05-21 09:38:31,.80, Kemiringan (roll) : -2.28
2026-05-21 09:38:31,.80, Kemiringan (roll) : -2.28
2026-05-21 09:38:31,.80, Kemiringan (roll) : -2.28
2026-05-21 09:38:31,.80, Kemiringan (roll) : -2.28
2026-05-21 09:38:31,.80, Kemiringan (roll) : -2.28
2026-05-21 09:38:31,.80, Kemiringan (roll) : -2.28
2026-05-21 09:38:31,.80, Kemiringan (roll) : -2.28
2026-05-21 09:38:31,.80, Kemiringan (roll) : -2.28
2026-05-21 09:38:31,.80, Kemiringan (roll) : -2.28
2026-05-21 09:38:31,.80, Kemiringan (roll) : -2.28
2026-05-21 09:38:31,.80, Kemiringan (roll) : -2.28
2026-05-21 09:38:31,.80, Kemiringan (roll) : -2.28
2026-05-21 09:38:31,.80, Kemiringan (roll) : -2.28
2026-05-21 09:38:31,.80, Kemiringan (roll) : -2.28
2026-05-21 09:38:31,.80, Kemiringan (roll) : -2.28
2026-05-21 09:38:31,.80, Kemiringan (roll) : -2.28
2026-05-21 09:38:31,.80, Kemiringan (roll) : -2.28
2026-05-21 09:38:31,.80, Kemiringan (roll) : -2.28
2026-05-21 09:38:31,.80, Kemiringan (roll) : -2.28
2026-05-21 09:38:31,.80, Kemiringan (roll) : -2.28
2026-05-21 09:38:31,.80, Kemiringan (roll) : -2.28
2026-05-21 09:38:31,.80, Kemiringan (roll) : -2.28
2026-05-21 09:38:31,.80, Kemiringan (roll) : -2.28
2026-05-21 09:38:31,.80, Kemiringan (roll) : -2.28
2026-05-21 09:38:31,.80, Kemiringan (roll) : -2.28
2026-05-21 09:38:31,.80, Kemiringan (roll) : -2.28
2026-05-21 09:38:31,.80, Kemiringan (roll) : -2.28
2026-05-21 09:38:31,.80, Kemiringan (roll) : -2.28
2026-05-21 09:38:31,.80, Kemiringan (roll) : -2.28
2026-05-21 09:38:31,.80, Kemiringan (roll) : -2.28
2026-05-21 09:38:31,.80, Kemiringan (roll) : -2.28
2026-05-21 09:38:31,.80, Kemiringan (roll) : -2.28
2026-05-21 09:38:31,.80, Kemiringan (roll) : -2.28
2026-05-21 09:38:31,.80, Kemiringan (roll) : -2.28
2026-05-21 09:38:31,.80, Kemiringan (roll) : -2.28
2026-05-21 09:38:31,.80, Kemiringan (roll) : -2.28
2026-05-21 09:38:31,.80, Kemiringan (roll) : -2.28
2026-05-21 09:38:31,.80, Kemiringan (roll) : -2.28
2026-05-21 09:38:31,.80, Kemiringan (roll) : -2.28
2026-05-21 09:38:31,.80, Kemiringan (roll) : -2.28
2026-05-21 09:38:31,.80, Kemiringan (roll) : -2.28
2026-05-21 09:38:31,.80, Kemiringan (roll) : -2.28
2026-05-21 09:38:31,.80, Kemiringan (roll) : -2.28
2026-05-21 09:38:31,.80, Kemiringan (roll) : -2.28
2026-05-21 09:38:31,.80, Kemiringan (roll) : -2.28
2026-05-21 09:38:31,.80, Kemiringan (roll) : -2.28
2026-05-21 09:38:31,.80, Kemiringan (roll) : -2.28
2026-05-21 09:38:31,.80, Kemiringan (roll) : -2.28
2026-05-21 09:38:31,.80, Kemiringan (roll) : -2.28
2026-05-21 09:38:31,.80, Kemiringan (roll) : -2.28
2026-05-21 09:38:31,.80, Kemiringan (roll) : -2.28
2026-05-21 09:38:31,.80, Kemiringan (roll) : -2.28
2026-05-21 09:38:31,.80, Kemiringan (roll) : -2.28
2026-05-21 09:38:31,.80, Kemiringan (roll) : -2.28
2026-05-21 09:38:31,.80, Kemiringan (roll) : -2.28
2026-05-21 09:38:31,.80, Kemiringan (roll) : -2.28
2026-05-21 09:38:31,.80, Kemiringan (roll) : -2.28
2026-05-21 09:38:31,.80, Kemiringan (roll) : -2.28
2026-05-21 09:38:31,.80, Kemiringan (roll) : -2.28
2026-05-21 09:38:31,.80, Kemiringan (roll) : -2.28
2026-05-21 09:38:31,.80, Kemiringan (roll) : -2.28
2026-05-21 09:38:31,.80, Kemiringan (roll) : -2.28
2026-05-21 09:38:31,.80, Kemiringan (roll) : -2.28
2026-05-21 09:38:31,.80, Kemiringan (roll) : -2.28
2026-05-21 09:38:31,.80, Kemiringan (roll) : -2.28
2026-05-21 09:38:31,.80, Kemiringan (roll) : -2.28
2026-05-21 09:38:31,.80, Kemiringan (roll) : -2.28
2026-05-21 09:38:31,.80, Kemiringan (roll) : -2.28
2026-05-21 09:38:31,.80, Kemiringan (roll) : -2.28
2026-05-21 09:38:31,.80, Kemiringan (roll) : -2.28
2026-05-21 09:38:31,.80, Kemiringan (roll) : -2.28
2026-05-21 09:38:31,.80, Kemiringan (roll) : -2.28
2026-05-21 09:38:31,.80, Kemiringan (roll) : -2.28
2026-05-21 09:38:31,.80, Kemiringan (roll) : -2.28
2026-05-21 09:38:31,.80, Kemiringan (roll) : -2.28
2026-05-21 09:38:31,.80, Kemiringan (roll) : -2.28
2026-05-21 09:38:31,.80, Kemiringan (roll) : -2.28
2026-05-21 09:38:31,.80, Kemiringan (roll) : -2.28
2026-05-21 09:38:31,.80, Kemiringan (roll) : -2.28
2026-05-21 09:38:31,.80, Kemiringan (roll) : -2.28
2026-05-21 09:38:31,.80, Kemiringan (roll) : -2.28
2026-05-21 09:38:31,.80, Kemiringan (roll) : -2.28
2026-05-21 09:38:31,.80, Kemiringan (roll) : -2.28
2026-05-21 09:38:31,.80, Kemiringan (roll) : -2.28
2026-05-21 09:38:31,.80, Kemiringan (roll) : -2.28
2026-05-21 09:38:31,.80, Kemiringan (roll) : -2.28
2026-05-21 09:38:31,.80, Kemiringan (roll) : -2.28
2026-05-21 09:38:31,.80, Kemiringan (roll) : -2.28
2026-05-21 09:38:31,.80, Kemiringan (roll) : -2.28
2026-05-21 09:38:31,.80, Kemiringan (roll) : -2.28
2026-05-21 09:38:31,.80, Kemiringan (roll) : -2.28
2026-05-21 09:38:31,.80, Kemiringan (roll) : -2.28
2026-05-21 09:38:31,.80, Kemiringan (roll) : -2.28
2026-05-21 09:38:31,.80, Kemiringan (roll) : -2.28
2026-05-21 09:38:31,.80, Kemiringan (roll) : -2.28
2026-05-21 09:38:31,.80, Kemiringan (roll) : -2.28
2026-05-21 09:38:31,.80, Kemiringan (roll) : -2.28
2026-05-21 09:38:31,.80, Kemiringan (roll) : -2.28
2026-05-21 09:38:31,.80, Kemiringan (roll) : -2.28
2026-05-21 09:38:31,.80, Kemiringan (roll) : -2.28
2026-05-21 09:38:31,.80, Kemiringan (roll) : -2.28
2026-05-21 09:38:31,.80, Kemiringan (roll) : -2.28
2026-05-21 09:38:31,.80, Kemiringan (roll) : -2.28
2026-05-21 09:38:31,.80, Kemiringan (roll) : -2.28
2026-05-21 09:38:31,.80, Kemiringan (roll) : -2.28
2026-05-21 09:38:31,.80, Kemiringan (roll) : -2.28
2026-05-21 09:38:31,.80, Kemiringan (roll) : -2.28
2026-05-21 09:38:31,.80, Kemiringan (roll) : -2.28
2026-05-21 09:38:31,.80, Kemiringan (roll) : -2.28
2026-05-21 09:38:31,.80, Kemiringan (roll) : -2.28
2026-05-21 09:38:31,.80, Kemiringan (roll) : -2.28
2026-05-21 09:38:31,.80, Kemiringan (roll) : -2.28
2026-05-21 09:38:31,.80, Kemiringan (roll) : -2.28
2026-05-21 09:38:31,.80, Kemiringan (roll) : -2.28
2026-05-21 09:38:31,.80, Kemiringan (roll) : -2.28
2026-05-21 09:38:31,.80, Kemiringan (roll) : -2.28
2026-05-21 09:38:31,.80, Kemiringan (roll) : -2.28
2026-05-21 09:38:31,.80, Kemiringan (roll) : -2.28
2026-05-21 09:38:31,.80, Kemiringan (roll) : -2.28
2026-05-21 09:38:31,.80, Kemiringan (roll) : -2.28
2026-05-21 09:38:31,.80, Kemiringan (roll) : -2.28
2026-05-21 09:38:31,.80, Kemiringan (roll) : -2.28
2026-05-21 09:38:31,.80, Kemiringan (roll) : -2.28
2026-05-21 09:38:31,.80, Kemiringan (roll) : -2.28
2026-05-21 09:38:31,.80, Kemiringan (roll) : -2.28
2026-05-21 09:38:31,.80, Kemiringan (roll) : -2.28
2026-05-21 09:38:31,.80, Kemiringan (roll) : -2.28
2026-05-21 09:38:31,.80, Kemiringan (roll) : -2.28
2026-05-21 09:38:31,.80, Kemiringan (roll) : -2.28
2026-05-21 09:38:31,.80, Kemiringan (roll) : -2.28
2026-05-21 09:38:31,.80, Kemiringan (roll) : -2.28
2026-05-21 09:38:31,.80, Kemiringan (roll) : -2.28
2026-05-21 09:38:31,.80, Kemiringan (roll) : -2.28
2026-05-21 09:38:31,.80, Kemiringan (roll) : -2.28
2026-05-21 09:38:31,.80, Kemiringan (roll) : -2.28
2026-05-21 09:38:31,.80, Kemiringan (roll) : -2.28
2026-05-21 09:38:31,.80, Kemiringan (roll) : -2.28
2026-05-21 09:38:31,.80, Kemiringan (roll) : -2.28
2026-05-21 09:38:31,.80, Kemiringan (roll) : -2.28
2026-05-21 09:38:31,.80, Kemiringan (roll) : -2.28
2026-05-21 09:38:31,.80, Kemiringan (roll) : -2.28
2026-05-21 09:38:31,.80, Kemiringan (roll) : -2.28
2026-05-21 09:38:31,.80, Kemiringan (roll) : -2.28
2026-05-21 09:38:31,.80, Kemiringan (roll) : -2.28
2026-05-21 09:38:31,.80, Kemiringan (roll) : -2.28
2026-05-21 09:38:31,.80, Kemiringan (roll) : -2.28
2026-05-21 09:38:31,.80, Kemiringan (roll) : -2.28
2026-05-21 09:38:31,.80, Kemiringan (roll) : -2.28
2026-05-21 09:38:31,.80, Kemiringan (roll) : -2.28
2026-05-21 09:38:31,.80, Kemiringan (roll) : -2.28
2026-05-21 09:38:31,.80, Kemiringan (roll) : -2.28
2026-05-21 09:38:31,.80, Kemiringan (roll) : -2.28
2026-05-21 09:38:31,.80, Kemiringan (roll) : -2.28
2026-05-21 09:38:31,.80, Kemiringan (roll) : -2.28
2026-05-21 09:38:31,.80, Kemiringan (roll) : -2.28
2026-05-21 09:38:31,.80, Kemiringan (roll) : -2.28
2026-05-21 09:38:31,.80, Kemiringan (roll) : -2.28
2026-05-21 09:38:31,.80, Kemiringan (roll) : -2.28
2026-05-21 09:38:31,.80, Kemiringan (roll) : -2.28
2026-05-21 09:38:31,.80, Kemiringan (roll) : -2.28
2026-05-21 09:38:31,.80, Kemiringan (roll) : -2.28
2026-05-21 09:38:31,.80, Kemiringan (roll) : -2.28
2026-05-21 09:38:31,.80, Kemiringan (roll) : -2.28
2026-05-21 09:38:31,.80, Kemiringan (roll) : -2.28
2026-05-21 09:38:31,.80, Kemiringan (roll) : -2.28
2026-05-21 09:38:31,.80, Kemiringan (roll) : -2.28
2026-05-21 09:38:31,.80, Kemiringan (roll) : -2.28
2026-05-21 09:38:31,.80, Kemiringan (roll) : -2.28
2026-05-21 09:38:31,.80, Kemiringan (roll) : -2.28
2026-05-21 09:38:31,.80, Kemiringan (roll) : -2.28
2026-05-21 09:38:31,.80, Kemiringan (roll) : -2.28
2026-05-21 09:38:31,.80, Kemiringan (roll) : -2.28
2026-05-21 09:38:31,.80, Kemiringan (roll) : -2.28
2026-05-21 09:38:31,.80, Kemiringan (roll) : -2.28
2026-05-21 09:38:31,.80, Kemiringan (roll) : -2.28
2026-05-21 09:38:31,.80, Kemiringan (roll) : -2.28
2026-05-21 09:38:31,.80, Kemiringan (roll) : -2.28
2026-05-21 09:38:31,.80, Kemiringan (roll) : -2.28
2026-05-21 09:38:31,.80, Kemiringan (roll) : -2.28
2026-05-21 09:38:31,.80, Kemiringan (roll) : -2.28
2026-05-21 09:38:31,.80, Kemiringan (roll) : -2.28
2026-05-21 09:38:31,.80, Kemiringan (roll) : -2.28
2026-05-21 09:38:31,.80, Kemiringan (roll) : -2.28
2026-05-21 09:38:31,.80, Kemiringan (roll) : -2.28
2026-05-21 09:38:31,.80, Kemiringan (roll) : -2.28
2026-05-21 09:38:31,.80, Kemiringan (roll) : -2.28
2026-05-21 09:38:31,.80, Kemiringan (roll) : -2.28
2026-05-21 09:38:31,.80, Kemiringan (roll) : -2.28
2026-05-21 09:38:31,.80, Kemiringan (roll) : -2.28
2026-05-21 09:38:31,.80, Kemiringan (roll) : -2.28
2026-05-21 09:38:31,.80, Kemiringan (roll) : -2.28
2026-05-21 09:38:31,.80, Kemiringan (roll) : -2.28
2026-05-21 09:38:31,.80, Kemiringan (roll) : -2.28
2026-05-21 09:38:31,.80, Kemiringan (roll) : -2.28
2026-05-21 09:38:31,.80, Kemiringan (roll) : -2.28
2026-05-21 09:38:31,.80, Kemiringan (roll) : -2.28
2026-05-21 09:38:31,.80, Kemiringan (roll) : -2.28
2026-05-21 09:38:31,.80, Kemiringan (roll) : -2.28
2026-05-21 09:38:31,.80, Kemiringan (roll) : -2.28
2026-05-21 09:38:31,.80, Kemiringan (roll) : -2.28
2026-05-21 09:38:31,.80, Kemiringan (roll) : -2.28
2026-05-21 09:38:31,.80, Kemiringan (roll) : -2.28
2026-05-21 09:38:31,.80, Kemiringan (roll) : -2.28
2026-05-21 09:38:31,.80, Kemiringan (roll) : -2.28
2026-05-21 09:38:31,.80, Kemiringan (roll) : -2.28
2026-05-21 09:38:31,.80, Kemiringan (roll) : -2.28
2026-05-21 09:38:31,.80, Kemiringan (roll) : -2.28
2026-05-21 09:38:31,.80, Kemiringan (roll) : -2.28
2026-05-21 09:38:31,.80, Kemiringan (roll) : -2.28
2026-05-21 09:38:31,.80, Kemiringan (roll) : -2.28
2026-05-21 09:38:31,.80, Kemiringan (roll) : -2.28
2026-05-21 09:38:31,.80, Kemiringan (roll) : -2.28
2026-05-21 09:38:31,.80, Kemiringan (roll) : -2.28
2026-05-21 09:38:31,.80, Kemiringan (roll) : -2.28
2026-05-21 09:38:31,.80, Kemiringan (roll) : -2.28
2026-05-21 09:38:31,.80, Kemiringan (roll) : -2.28
2026-05-21 09:38:31,.80, Kemiringan (roll) : -2.28
2026-05-21 09:38:31,.80, Kemiringan (roll) : -2.28
2026-05-21 09:38:31,.80, Kemiringan (roll) : -2.28
2026-05-21 09:38:31,.80, Kemiringan (roll) : -2.28
2026-05-21 09:38:31,.80, Kemiringan (roll) : -2.28
2026-05-21 09:38:31,.80, Kemiringan (roll) : -2.28
2026-05-21 09:38:31,.80, Kemiringan (roll) : -2.28
2026-05-21 09:38:31,.80, Kemiringan (roll) : -2.28
2026-05-21 09:38:31,.80, Kemiringan (roll) : -2.28
2026-05-21 09:38:31,.80, Kemiringan (roll) : -2.28
2026-05-21 09:38:31,.80, Kemiringan (roll) : -2.28
2026-05-21 09:38:31,.80, Kemiringan (roll) : -2.28
2026-05-21 09:38:31,.80, Kemiringan (roll) : -2.28
2026-05-21 09:38:31,.80, Kemiringan (roll) : -2.28
2026-05-21 09:38:31,.80, Kemiringan (roll) : -2.28
2026-05-21 09:38:31,.80, Kemiringan (roll) : -2.28
2026-05-21 09:38:31,.80, Kemiringan (roll) : -2.28
2026-05-21 09:38:31,.80, Kemiringan (roll) : -2.28
2026-05-21 09:38:31,.80, Kemiringan (roll) : -2.28
2026-05-21 09:38:31,.80, Kemiringan (roll) : -2.28
2026-05-21 09:38:31,.80, Kemiringan (roll) : -2.28
2026-05-21 09:38:31,.80, Kemiringan (roll) : -2.28
2026-05-21 09:38:31,.80, Kemiringan (roll) : -2.28
2026-05-21 09:38:31,.80, Kemiringan (roll) : -2.28
2026-05-21 09:38:31,.80, Kemiringan (roll) : -2.28
2026-05-21 09:38:31,.80, Kemiringan (roll) : -2.28
2026-05-21 09:38:31,.80, Kemiringan (roll) : -2.28
2026-05-21 09:38:31,.80, Kemiringan (roll) : -2.28
2026-05-21 09:38:31,.80, Kemiringan (roll) : -2.28
2026-05-21 09:38:31,.80, Kemiringan (roll) : -2.28
2026-05-21 09:38:31,.80, Kemiringan (roll) : -2.28
2026-05-21 09:38:31,.80, Kemiringan (roll) : -2.28
2026-05-21 09:38:31,.80, Kemiringan (roll) : -2.28
2026-05-21 09:38:31,.80, Kemiringan (roll) : -2.28
2026-05-21 09:38:31,.80, Kemiringan (roll) : -2.28
2026-05-21 09:38:31,.80, Kemiringan (roll) : -2.28
2026-05-21 09:38:31,.80, Kemiringan (roll) : -2.28
2026-05-21 09:38:31,.80, Kemiringan (roll) : -2.28
2026-05-21 09:38:31,.80, Kemiringan (roll) : -2.28
2026-05-21 09:38:31,.80, Kemiringan (roll) : -2.28
2026-05-21 09:38:31,.80, Kemiringan (roll) : -2.28
2026-05-21 09:38:31,.80, Kemiringan (roll) : -2.28
2026-05-21 09:38:31,.80, Kemiringan (roll) : -2.28
2026-05-21 09:38:31,.80, Kemiringan (roll) : -2.28
2026-05-21 09:38:31,.80, Kemiringan (roll) : -2.28
2026-05-21 09:38:31,.80, Kemiringan (roll) : -2.28
2026-05-21 09:38:31,.80, Kemiringan (roll) : -2.28
2026-05-21 09:38:31,.80, Kemiringan (roll) : -2.28
2026-05-21 09:38:31,.80, Kemiringan (roll) : -2.28
2026-05-21 09:38:31,.80, Kemiringan (roll) : -2.28
2026-05-21 09:38:31,.80, Kemiringan (roll) : -2.28
2026-05-21 09:38:31,.80, Kemiringan (roll) : -2.28
2026-05-21 09:38:31,.80, Kemiringan (roll) : -2.28
2026-05-21 09:38:31,.80, Kemiringan (roll) : -2.28
2026-05-21 09:38:31,.80, Kemiringan (roll) : -2.28
2026-05-21 09:38:31,.80, Kemiringan (roll) : -2.28
2026-05-21 09:38:31,.80, Kemiringan (roll) : -2.28
2026-05-21 09:38:31,.80, Kemiringan (roll) : -2.28
2026-05-21 09:38:31,.80, Kemiringan (roll) : -2.28
2026-05-21 09:38:31,.80, Kemiringan (roll) : -2.28
2026-05-21 09:38:31,.80, Kemiringan (roll) : -2.28
2026-05-21 09:38:31,.80, Kemiringan (roll) : -2.28
2026-05-21 09:38:31,.80, Kemiringan (roll) : -2.28
2026-05-21 09:38:31,.80, Kemiringan (roll) : -2.28
2026-05-21 09:38:31,.80, Kemiringan (roll) : -2.28
2026-05-21 09:38:31,.80, Kemiringan (roll) : -2.28
2026-05-21 09:38:31,.80, Kemiringan (roll) : -2.28
2026-05-21 09:38:31,.80, Kemiringan (roll) : -2.28
2026-05-21 09:38:31,.80, Kemiringan (roll) : -2.28
2026-05-21 09:38:31,.80, Kemiringan (roll) : -2.28
2026-05-21 09:38:31,.80, Kemiringan (roll) : -2.28
2026-05-21 09:38:31,.80, Kemiringan (roll) : -2.28
2026-05-21 09:38:31,.80, Kemiringan (roll) : -2.28
2026-05-21 09:38:31,.80, Kemiringan (roll) : -2.28
2026-05-21 09:38:31,.80, Kemiringan (roll) : -2.28
2026-05-21 09:38:31,.80, Kemiringan (roll) : -2.28
2026-05-21 09:38:31,.80, Kemiringan (roll) : -2.28
2026-05-21 09:38:31,.80, Kemiringan (roll) : -2.28
2026-05-21 09:38:31,.80, Kemiringan (roll) : -2.28
2026-05-21 09:38:31,.80, Kemiringan (roll) : -2.28
2026-05-21 09:38:31,.80, Kemiringan (roll) : -2.28
2026-05-21 09:38:31,.80, Kemiringan (roll) : -2.28
2026-05-21 09:38:31,.80, Kemiringan (roll) : -2.28
2026-05-21 09:38:31,.80, Kemiringan (roll) : -2.28
2026-05-21 09:38:31,.80, Kemiringan (roll) : -2.28
2026-05-21 09:38:31,.80, Kemiringan (roll) : -2.28
2026-05-21 09:38:31,.80, Kemiringan (roll) : -2.28
2026-05-21 09:38:31,.80, Kemiringan (roll) : -2.28
2026-05-21 09:38:31,.80, Kemiringan (roll) : -2.28
2026-05-21 09:38:31,.80, Kemiringan (roll) : -2.28
2026-05-21 09:38:31,.80, Kemiringan (roll) : -2.28
2026-05-21 09:38:31,.80, Kemiringan (roll) : -2.28
2026-05-21 09:38:31,.80, Kemiringan (roll) : -2.28
2026-05-21 09:38:31,.80, Kemiringan (roll) : -2.28
2026-05-21 09:38:31,.80, Kemiringan (roll) : -2.28
2026-05-21 09:38:31,.80, Kemiringan (roll) : -2.28
2026-05-21 09:38:31,.80, Kemiringan (roll) : -2.28
2026-05-21 09:38:31,.80, Kemiringan (roll) : -2.28
2026-05-21 09:38:31,.80, Kemiringan (roll) : -2.28
2026-05-21 09:38:31,.80, Kemiringan (roll) : -2.28
2026-05-21 09:38:31,.80, Kemiringan (roll) : -2.28
2026-05-21 09:38:31,.80, Kemiringan (roll) : -2.28
2026-05-21 09:38:31,.80, Kemiringan (roll) : -2.28
2026-05-21 09:38:31,.80, Kemiringan (roll) : -2.28
2026-05-21 09:38:31,.80, Kemiringan (roll) : -2.28
2026-05-21 09:38:31,.80, Kemiringan (roll) : -2.28
2026-05-21 09:38:31,.80, Kemiringan (roll) : -2.28
2026-05-21 09:38:31,.80, Kemiringan (roll) : -2.28
2026-05-21 09:38:31,.80, Kemiringan (roll) : -2.28
2026-05-21 09:38:31,.80, Kemiringan (roll) : -2.28
2026-05-21 09:38:31,.80, Kemiringan (roll) : -2.28
2026-05-21 09:38:31,.80, Kemiringan (roll) : -2.28
2026-05-21 09:38:31,.80, Kemiringan (roll) : -2.28
2026-05-21 09:38:31,.80, Kemiringan (roll) : -2.28
2026-05-21 09:38:31,.80, Kemiringan (roll) : -2.28
2026-05-21 09:38:31,.80, Kemiringan (roll) : -2.28
2026-05-21 09:38:31,.80, Kemiringan (roll) : -2.28
2026-05-21 09:38:31,.80, Kemiringan (roll) : -2.28
2026-05-21 09:38:31,.80, Kemiringan (roll) : -2.28
2026-05-21 09:38:31,.80, Kemiringan (roll) : -2.28
2026-05-21 09:38:31,.80, Kemiringan (roll) : -2.28
2026-05-21 09:38:31,.80, Kemiringan (roll) : -2.28
2026-05-21 09:38:31,.80, Kemiringan (roll) : -2.28
2026-05-21 09:38:31,.80, Kemiringan (roll) : -2.28
2026-05-21 09:38:31,.80, Kemiringan (roll) : -2.28
2026-05-21 09:38:31,.80, Kemiringan (roll) : -2.28
2026-05-21 09:38:31,.80, Kemiringan (roll) : -2.28
2026-05-21 09:38:31,.80, Kemiringan (roll) : -2.28
2026-05-21 09:38:31,.80, Kemiringan (roll) : -2.28
2026-05-21 09:38:31,.80, Kemiringan (roll) : -2.28
2026-05-21 09:38:31,.80, Kemiringan (roll) : -2.28
2026-05-21 09:38:31,.80, Kemiringan (roll) : -2.28
2026-05-21 09:38:31,.80, Kemiringan (roll) : -2.28
2026-05-21 09:38:31,.80, Kemiringan (roll) : -2.28
2026-05-21 09:38:31,.80, Kemiringan (roll) : -2.28
2026-05-21 09:38:31,.80, Kemiringan (roll) : -2.28
2026-05-21 09:38:31,.80, Kemiringan (roll) : -2.28
2026-05-21 09:38:31,.80, Kemiringan (roll) : -2.28
2026-05-21 09:38:31,.80, Kemiringan (roll) : -2.28
2026-05-21 09:38:31,.80, Kemiringan (roll) : -2.28
2026-05-21 09:38:31,.80, Kemiringan (roll) : -2.28
2026-05-21 09:38:31,.80, Kemiringan (roll) : -2.28
2026-05-21 09:38:31,.80, Kemiringan (roll) : -2.28
2026-05-21 09:38:31,.80, Kemiringan (roll) : -2.28
2026-05-21 09:38:31,.80, Kemiringan (roll) : -2.28
2026-05-21 09:38:31,.80, Kemiringan (roll) : -2.28
2026-05-21 09:38:31,.80, Kemiringan (roll) : -2.28
2026-05-21 09:38:31,.80, Kemiringan (roll) : -2.28
2026-05-21 09:38:31,.80, Kemiringan (roll) : -2.28
2026-05-21 09:38:31,.80, Kemiringan (roll) : -2.28
2026-05-21 09:38:31,.80, Kemiringan (roll) : -2.28
2026-05-21 09:38:31,.80, Kemiringan (roll) : -2.28
2026-05-21 09:38:31,.80, Kemiringan (roll) : -2.28
2026-05-21 09:38:31,.80, Kemiringan (roll) : -2.28
2026-05-21 09:38:31,.80, Kemiringan (roll) : -2.28
2026-05-21 09:38:31,.80, Kemiringan (roll) : -2.28
2026-05-21 09:38:31,.80, Kemiringan (roll) : -2.28
2026-05-21 09:38:31,.80, Kemiringan (roll) : -2.28
2026-05-21 09:38:31,.80, Kemiringan (roll) : -2.28
2026-05-21 09:38:31,.80, Kemiringan (roll) : -2.28
2026-05-21 09:38:31,.80, Kemiringan (roll) : -2.28
2026-05-21 09:38:31,.80, Kemiringan (roll) : -2.28
2026-05-21 09:38:31,.80, Kemiringan (roll) : -2.28
2026-05-21 09:38:31,.80, Kemiringan (roll) : -2.28
2026-05-21 09:38:31,.80, Kemiringan (roll) : -2.28
2026-05-21 09:38:31,.80, Kemiringan (roll) : -2.28
2026-05-21 09:38:31,.80, Kemiringan (roll) : -2.28
2026-05-21 09:38:31,.80, Kemiringan (roll) : -2.28
2026-05-21 09:38:31,.80, Kemiringan (roll) : -2.28
2026-05-21 09:38:31,.80, Kemiringan (roll) : -2.28
2026-05-21 09:38:31,.80, Kemiringan (roll) : -2.28
2026-05-21 09:38:31,.80, Kemiringan (roll) : -2.28
2026-05-21 09:38:31,.80, Kemiringan (roll) : -2.28
2026-05-21 09:38:31,.80, Kemiringan (roll) : -2.28
2026-05-21 09:38:31,.80, Kemiringan (roll) : -2.28
2026-05-21 09:38:31,.80, Kemiringan (roll) : -2.28
2026-05-21 09:38:31,.80, Kemiringan (roll) : -2.28
2026-05-21 09:38:31,.80, Kemiringan (roll) : -2.28
2026-05-21 09:38:31,.80, Kemiringan (roll) : -2.28
2026-05-21 09:38:31,.80, Kemiringan (roll) : -2.28
2026-05-21 09:38:31,.80, Kemiringan (roll) : -2.28
2026-05-21 09:38:31,.80, Kemiringan (roll) : -2.28
2026-05-21 09:38:31,.80, Kemiringan (roll) : -2.28
2026-05-21 09:38:31,.80, Kemiringan (roll) : -2.28
2026-05-21 09:38:31,.80, Kemiringan (roll) : -2.28
2026-05-21 09:38:31,.80, Kemiringan (roll) : -2.28
2026-05-21 09:38:31,.80, Kemiringan (roll) : -2.28
2026-05-21 09:38:31,.80, Kemiringan (roll) : -2.28
2026-05-21 09:38:31,.80, Kemiringan (roll) : -2.28
2026-05-21 09:38:31,.80, Kemiringan (roll) : -2.28
2026-05-21 09:38:31,.80, Kemiringan (roll) : -2.28
2026-05-21 09:38:31,.80, Kemiringan (roll) : -2.28
2026-05-21 09:38:31,.80, Kemiringan (roll) : -2.28
2026-05-21 09:38:31,.80, Kemiringan (roll) : -2.28
2026-05-21 09:38:31,.80, Kemiringan (roll) : -2.28
2026-05-21 09:38:31,.80, Kemiringan (roll) : -2.28
2026-05-21 09:38:31,.80, Kemiringan (roll) : -2.28
2026-05-21 09:38:31,.80, Kemiringan (roll) : -2.28
2026-05-21 09:38:31,.80, Kemiringan (roll) : -2.28
2026-05-21 09:38:31,.80, Kemiringan (roll) : -2.28
2026-05-21 09:38:31,.80, Kemiringan (roll) : -2.28
2026-05-21 09:38:31,.80, Kemiringan (roll) : -2.28
2026-05-21 09:38:31,.80, Kemiringan (roll) : -2.28
2026-05-21 09:38:31,.80, Kemiringan (roll) : -2.28
2026-05-21 09:38:31,.80, Kemiringan (roll) : -2.28
2026-05-21 09:38:31,.80, Kemiringan (roll) : -2.28
2026-05-21 09:38:31,.80, Kemiringan (roll) : -2.28
2026-05-21 09:38:31,.80, Kemiringan (roll) : -2.28
2026-05-21 09:38:31,.80, Kemiringan (roll) : -2.28
2026-05-21 09:38:31,.80, Kemiringan (roll) : -2.28
2026-05-21 09:38:31,.80, Kemiringan (roll) : -2.28
2026-05-21 09:38:31,.80, Kemiringan (roll) : -2.28
2026-05-21 09:38:31,.80, Kemiringan (roll) : -2.28
2026-05-21 09:38:31,.80, Kemiringan (roll) : -2.28
2026-05-21 09:38:31,.80, Kemiringan (roll) : -2.28
2026-05-21 09:38:31,.80, Kemiringan (roll) : -2.28
2026-05-21 09:38:31,.80, Kemiringan (roll) : -2.28
2026-05-21 09:38:31,.80, Kemiringan (roll) : -2.28
2026-05-21 09:38:31,.80, Kemiringan (roll) : -2.28
2026-05-21 09:38:31,.80, Kemiringan (roll) : -2.28
2026-05-21 09:38:31,.80, Kemiringan (roll) : -2.28
2026-05-21 09:38:31,.80, Kemiringan (roll) : -2.28
2026-05-21 09:38:31,.80, Kemiringan (roll) : -2.28
2026-05-21 09:38:31,.80, Kemiringan (roll) : -2.28
2026-05-21 09:38:31,.80, Kemiringan (roll) : -2.28
2026-05-21 09:38:31,.80, Kemiringan (roll) : -2.28
2026-05-21 09:38:31,.80, Kemiringan (roll) : -2.28
2026-05-21 09:38:31,.80, Kemiringan (roll) : -2.28
2026-05-21 09:38:31,.80, Kemiringan (roll) : -2.28
2026-05-21 09:38:31,.80, Kemiringan (roll) : -2.28
2026-05-21 09:38:31,.80, Kemiringan (roll) : -2.28
2026-05-21 09:38:31,.80, Kemiringan (roll) : -2.28
2026-05-21 09:38:31,.80, Kemiringan (roll) : -2.28
2026-05-21 09:38:31,.80, Kemiringan (roll) : -2.28
2026-05-21 09:38:31,.80, Kemiringan (roll) : -2.28
2026-05-21 09:38:31,.80, Kemiringan (roll) : -2.28
2026-05-21 09:38:31,.80, Kemiringan (roll) : -2.28
2026-05-21 09:38:31,.80, Kemiringan (roll) : -2.28
2026-05-21 09:38:31,.80, Kemiringan (roll) : -2.28
2026-05-21 09:38:31,.80, Kemiringan (roll) : -2.28
2026-05-21 09:38:31,.80, Kemiringan (roll) : -2.28
2026-05-21 09:38:31,.80, Kemiringan (roll) : -2.28
2026-05-21 09:38:31,.80, Kemiringan (roll) : -2.28
2026-05-21 09:38:31,.80, Kemiringan (roll) : -2.28
2026-05-21 09:38:31,.80, Kemiringan (roll) : -2.28
2026-05-21 09:38:31,.80, Kemiringan (roll) : -2.28
2026-05-21 09:38:31,.80, Kemiringan (roll) : -2.28
2026-05-21 09:38:31,.80, Kemiringan (roll) : -2.28
2026-05-21 09:38:31,.80, Kemiringan (roll) : -2.28
2026-05-21 09:38:31,.80, Kemiringan (roll) : -2.28
2026-05-21 09:38:31,.80, Kemiringan (roll) : -2.28
2026-05-21 09:38:31,.80, Kemiringan (roll) : -2.28
2026-05-21 09:38:31,.80, Kemiringan (roll) : -2.28
2026-05-21 09:38:31,.80, Kemiringan (roll) : -2.28
2026-05-21 09:38:31,.80, Kemiringan (roll) : -2.28
2026-05-21 09:38:31,.80, Kemiringan (roll) : -2.28
2026-05-21 09:38:31,.80, Kemiringan (roll) : -2.28
2026-05-21 09:38:31,.80, Kemiringan (roll) : -2.28
2026-05-21 09:38:31,.80, Kemiringan (roll) : -2.28
2026-05-21 09:38:31,.80, Kemiringan (roll) : -2.28
2026-05-21 09:38:31,.80, Kemiringan (roll) : -2.28
2026-05-21 09:38:31,.80, Kemiringan (roll) : -2.28
2026-05-21 09:38:31,.80, Kemiringan (roll) : -2.28
2026-05-21 09:38:31,.80, Kemiringan (roll) : -2.28
2026-05-21 09:38:31,.80, Kemiringan (roll) : -2.28
2026-05-21 09:38:31,.80, Kemiringan (roll) : -2.28
2026-05-21 09:38:31,.80, Kemiringan (roll) : -2.28
2026-05-21 09:38:31,.80, Kemiringan (roll) : -2.28
2026-05-21 09:38:31,.80, Kemiringan (roll) : -2.28
2026-05-21 09:38:31,.80, Kemiringan (roll) : -2.28
2026-05-21 09:38:31,.80, Kemiringan (roll) : -2.28
2026-05-21 09:38:31,.80, Kemiringan (roll) : -2.28
2026-05-21 09:38:31,.80, Kemiringan (roll) : -2.28
2026-05-21 09:38:31,.80, Kemiringan (roll) : -2.28
2026-05-21 09:38:31,.80, Kemiringan (roll) : -2.28
2026-05-21 09:38:31,.80, Kemiringan (roll) : -2.28
2026-05-21 09:38:31,.80, Kemiringan (roll) : -2.28
2026-05-21 09:38:31,.80, Kemiringan (roll) : -2.28
2026-05-21 09:38:31,.80, Kemiringan (roll) : -2.28
2026-05-21 09:38:31,.80, Kemiringan (roll) : -2.28
2026-05-21 09:38:31,.80, Kemiringan (roll) : -2.28
2026-05-21 09:38:31,.80, Kemiringan (roll) : -2.28
2026-05-21 09:38:31,.80, Kemiringan (roll) : -2.28
2026-05-21 09:38:31,.80, Kemiringan (roll) : -2.28
2026-05-21 09:38:31,.80, Kemiringan (roll) : -2.28
2026-05-21 09:38:31,.80, Kemiringan (roll) : -2.28
2026-05-21 09:38:31,.80, Kemiringan (roll) : -2.28
2026-05-21 09:38:31,.80, Kemiringan (roll) : -2.28
2026-05-21 09:38:31,.80, Kemiringan (roll) : -2.28
2026-05-21 09:38:31,.80, Kemiringan (roll) : -2.28
2026-05-21 09:38:31,.80, Kemiringan (roll) : -2.28
2026-05-21 09:38:31,.80, Kemiringan (roll) : -2.28
2026-05-21 09:38:31,.80, Kemiringan (roll) : -2.28
2026-05-21 09:38:31,.80, Kemiringan (roll) : -2.28
2026-05-21 09:38:31,.80, Kemiringan (roll) : -2.28
2026-05-21 09:38:31,.80, Kemiringan (roll) : -2.28
2026-05-21 09:38:31,.80, Kemiringan (roll) : -2.28
2026-05-21 09:38:31,.80, Kemiringan (roll) : -2.28
2026-05-21 09:38:31,.80, Kemiringan (roll) : -2.28
2026-05-21 09:38:31,.80, Kemiringan (roll) : -2.28
2026-05-21 09:38:31,.80, Kemiringan (roll) : -2.28
2026-05-21 09:38:31,.80, Kemiringan (roll) : -2.28
2026-05-21 09:38:31,.80, Kemiringan (roll) : -2.28
2026-05-21 09:38:31,.80, Kemiringan (roll) : -2.28
2026-05-21 09:38:31,.80, Kemiringan (roll) : -2.28
2026-05-21 09:38:31,.80, Kemiringan (roll) : -2.28
2026-05-21 09:38:31,.80, Kemiringan (roll) : -2.28
2026-05-21 09:38:31,.80, Kemiringan (roll) : -2.28
2026-05-21 09:38:31,.80, Kemiringan (roll) : -2.28
2026-05-21 09:38:31,.80, Kemiringan (roll) : -2.28
2026-05-21 09:38:31,.80, Kemiringan (roll) : -2.28
2026-05-21 09:38:31,.80, Kemiringan (roll) : -2.28
2026-05-21 09:38:31,.80, Kemiringan (roll) : -2.28
2026-05-21 09:38:31,.80, Kemiringan (roll) : -2.28
2026-05-21 09:38:31,.80, Kemiringan (roll) : -2.28
2026-05-21 09:38:31,.80, Kemiringan (roll) : -2.28
2026-05-21 09:38:31,.80, Kemiringan (roll) : -2.28
2026-05-21 09:38:31,.80, Kemiringan (roll) : -2.28
2026-05-21 09:38:31,.80, Kemiringan (roll) : -2.28
2026-05-21 09:38:31,.80, Kemiringan (roll) : -2.28
2026-05-21 09:38:31,.80, Kemiringan (roll) : -2.28
2026-05-21 09:38:31,.80, Kemiringan (roll) : -2.28
2026-05-21 09:38:31,.80, Kemiringan (roll) : -2.28
2026-05-21 09:38:31,.80, Kemiringan (roll) : -2.28
2026-05-21 09:38:31,.80, Kemiringan (roll) : -2.28
2026-05-21 09:38:31,.80, Kemiringan (roll) : -2.28
2026-05-21 09:38:31,.80, Kemiringan (roll) : -2.28
2026-05-21 09:38:31,.80, Kemiringan (roll) : -2.28
2026-05-21 09:38:31,.80, Kemiringan (roll) : -2.28
2026-05-21 09:38:31,.80, Kemiringan (roll) : -2.28
2026-05-21 09:38:31,.80, Kemiringan (roll) : -2.28
2026-05-21 09:38:31,.80, Kemiringan (roll) : -2.28
2026-05-21 09:38:31,.80, Kemiringan (roll) : -2.28
2026-05-21 09:38:31,.80, Kemiringan (roll) : -2.28
2026-05-21 09:38:31,.80, Kemiringan (roll) : -2.28
2026-05-21 09:38:31,.80, Kemiringan (roll) : -2.28
2026-05-21 09:38:31,.80, Kemiringan (roll) : -2.28
2026-05-21 09:38:31,.80, Kemiringan (roll) : -2.28
2026-05-21 09:38:31,.80, Kemiringan (roll) : -2.28
2026-05-21 09:38:31,.80, Kemiringan (roll) : -2.28
2026-05-21 09:38:31,.80, Kemiringan (roll) : -2.28
2026-05-21 09:38:31,.80, Kemiringan (roll) : -2.28
2026-05-21 09:38:31,.80, Kemiringan (roll) : -2.28
2026-05-21 09:38:31,.80, Kemiringan (roll) : -2.28
2026-05-21 09:38:31,.80, Kemiringan (roll) : -2.28
2026-05-21 09:38:31,.80, Kemiringan (roll) : -2.28
2026-05-21 09:38:31,.80, Kemiringan (roll) : -2.28
2026-05-21 09:38:31,.80, Kemiringan (roll) : -2.28
2026-05-21 09:38:31,.80, Kemiringan (roll) : -2.28
2026-05-21 09:38:31,.80, Kemiringan (roll) : -2.28
2026-05-21 09:38:31,.80, Kemiringan (roll) : -2.28
2026-05-21 09:38:31,.80, Kemiringan (roll) : -2.28
2026-05-21 09:38:31,.80, Kemiringan (roll) : -2.28
2026-05-21 09:38:31,.80, Kemiringan (roll) : -2.28
2026-05-21 09:38:31,.80, Kemiringan (roll) : -2.28
2026-05-21 09:38:31,.80, Kemiringan (roll) : -2.28
2026-05-21 09:38:31,.80, Kemiringan (roll) : -2.28
2026-05-21 09:38:31,.80, Kemiringan (roll) : -2.28
2026-05-21 09:38:31,.80, Kemiringan (roll) : -2.28
2026-05-21 09:38:31,.80, Kemiringan (roll) : -2.28
2026-05-21 09:38:31,.80, Kemiringan (roll) : -2.28
2026-05-21 09:38:31,.80, Kemiringan (roll) : -2.28
2026-05-21 09:38:31,.80, Kemiringan (roll) : -2.28
2026-05-21 09:38:31,.80, Kemiringan (roll) : -2.28
2026-05-21 09:38:31,.80, Kemiringan (roll) : -2.28
2026-05-21 09:38:31,.80, Kemiringan (roll) : -2.28
2026-05-21 09:38:31,.80, Kemiringan (roll) : -2.28
2026-05-21 09:38:31,.80, Kemiringan (roll) : -2.28
2026-05-21 09:38:31,.80, Kemiringan (roll) : -2.28
2026-05-21 09:38:31,.80, Kemiringan (roll) : -2.28
2026-05-21 09:38:31,.80, Kemiringan (roll) : -2.28
2026-05-21 09:38:31,.80, Kemiringan (roll) : -2.28
2026-05-21 09:38:31,.80, Kemiringan (roll) : -2.28
2026-05-21 09:38:31,.80, Kemiringan (roll) : -2.28
2026-05-21 09:38:31,.80, Kemiringan (roll) : -2.28
2026-05-21 09:38:31,.80, Kemiringan (roll) : -2.28
2026-05-21 09:38:31,.80, Kemiringan (roll) : -2.28
2026-05-21 09:38:31,.80, Kemiringan (roll) : -2.28
2026-05-21 09:38:31,.80, Kemiringan (roll) : -2.28
2026-05-21 09:38:31,.80, Kemiringan (roll) : -2.28
2026-05-21 09:38:31,.80, Kemiringan (roll) : -2.28
2026-05-21 09:38:31,.80, Kemiringan (roll) : -2.28
2026-05-21 09:38:31,.80, Kemiringan (roll) : -2.28
2026-05-21 09:38:31,.80, Kemiringan (roll) : -2.28
2026-05-21 09:38:31,.80, Kemiringan (roll) : -2.28
2026-05-21 09:38:31,.80, Kemiringan (roll) : -2.28
2026-05-21 09:38:31,.80, Kemiringan (roll) : -2.28
2026-05-21 09:38:31,.80, Kemiringan (roll) : -2.28
2026-05-21 09:38:31,.80, Kemiringan (roll) : -2.28
2026-05-21 09:38:31,.80, Kemiringan (roll) : -2.28
2026-05-21 09:38:31,.80, Kemiringan (roll) : -2.28
2026-05-21 09:38:31,.80, Kemiringan (roll) : -2.28
2026-05-21 09:38:31,.80, Kemiringan (roll) : -2.28
2026-05-21 09:38:31,.80, Kemiringan (roll) : -2.28
2026-05-21 09:38:31,.80, Kemiringan (roll) : -2.28
2026-05-21 09:38:31,.80, Kemiringan (roll) : -2.28
2026-05-21 09:38:31,.80, Kemiringan (roll) : -2.28
2026-05-21 09:38:31,.80, Kemiringan (roll) : -2.28
2026-05-21 09:38:31,.80, Kemiringan (roll) : -2.28
2026-05-21 09:38:31,.80, Kemiringan (roll) : -2.28
2026-05-21 09:38:31,.80, Kemiringan (roll) : -2.28
2026-05-21 09:38:31,.80, Kemiringan (roll) : -2.28
2026-05-21 09:38:31,.80, Kemiringan (roll) : -2.28
2026-05-21 09:38:31,.80, Kemiringan (roll) : -2.28
2026-05-21 09:38:31,.80, Kemiringan (roll) : -2.28
2026-05-21 09:38:31,.80, Kemiringan (roll) : -2.28
2026-05-21 09:38:31,.80, Kemiringan (roll) : -2.28
2026-05-21 09:38:31,.80, Kemiringan (roll) : -2.28
2026-05-21 09:38:31,.80, Kemiringan (roll) : -2.28
2026-05-21 09:38:31,.80, Kemiringan (roll) : -2.28
2026-05-21 09:38:31,.80, Kemiringan (roll) : -2.28
2026-05-21 09:38:31,.80, Kemiringan (roll) : -2.28
2026-05-21 09:38:31,.80, Kemiringan (roll) : -2.28
2026-05-21 09:38:31,.80, Kemiringan (roll) : -2.28
2026-05-21 09:38:31,.80, Kemiringan (roll) : -2.28
2026-05-21 09:38:31,.80, Kemiringan (roll) : -2.28
2026-05-21 09:38:31,.80, Kemiringan (roll) : -2.28
2026-05-21 09:38:31,.80, Kemiringan (roll) : -2.28
2026-05-21 09:38:31,.80, Kemiringan (roll) : -2.28
2026-05-21 09:38:31,.80, Kemiringan (roll) : -2.28
2026-05-21 09:38:31,.80, Kemiringan (roll) : -2.28
2026-05-21 09:38:31,.80, Kemiringan (roll) : -2.28
2026-05-21 09:38:31,.80, Kemiringan (roll) : -2.28
2026-05-21 09:38:31,.80, Kemiringan (roll) : -2.28
2026-05-21 09:38:31,.80, Kemiringan (roll) : -2.28
2026-05-21 09:38:31,.80, Kemiringan (roll) : -2.28
2026-05-21 09:38:31,.80, Kemiringan (roll) : -2.28
2026-05-21 09:38:31,.80, Kemiringan (roll) : -2.28
2026-05-21 09:38:31,.80, Kemiringan (roll) : -2.28
2026-05-21 09:38:31,.80, Kemiringan (roll) : -2.28
2026-05-21 09:38:31,.80, Kemiringan (roll) : -2.28
2026-05-21 09:38:31,.80, Kemiringan (roll) : -2.28
2026-05-21 09:38:31,.80, Kemiringan (roll) : -2.28
2026-05-21 09:38:31,.80, Kemiringan (roll) : -2.28
2026-05-21 09:38:31,.80, Kemiringan (roll) : -2.28
2026-05-21 09:38:31,.80, Kemiringan (roll) : -2.28
2026-05-21 09:38:31,.80, Kemiringan (roll) : -2.28
2026-05-21 09:38:31,.80, Kemiringan (roll) : -2.28
2026-05-21 09:38:31,.80, Kemiringan (roll) : -2.28
2026-05-21 09:38:31,.80, Kemiringan (roll) : -2.28
2026-05-21 09:38:31,.80, Kemiringan (roll) : -2.28
2026-05-21 09:38:31,.80, Kemiringan (roll) : -2.28
2026-05-21 09:38:31,.80, Kemiringan (roll) : -2.28
2026-05-21 09:38:31,.80, Kemiringan (roll) : -2.28
2026-05-21 09:38:31,.80, Kemiringan (roll) : -2.28
2026-05-21 09:38:31,.80, Kemiringan (roll) : -2.28
2026-05-21 09:38:31,.80, Kemiringan (roll) : -2.28
2026-05-21 09:38:31,.80, Kemiringan (roll) : -2.28
2026-05-21 09:38:31,.80, Kemiringan (roll) : -2.28
2026-05-21 09:38:31,.80, Kemiringan (roll) : -2.28
2026-05-21 09:38:31,.80, Kemiringan (roll) : -2.28
2026-05-21 09:38:31,.80, Kemiringan (roll) : -2.28
2026-05-21 09:38:31,.80, Kemiringan (roll) : -2.28
2026-05-21 09:38:31,.80, Kemiringan (roll) : -2.28
2026-05-21 09:38:31,.80, Kemiringan (roll) : -2.28
2026-05-21 09:38:31,.80, Kemiringan (roll) : -2.28
2026-05-21 09:38:31,.80, Kemiringan (roll) : -2.28
2026-05-21 09:38:31,.80, Kemiringan (roll) : -2.28
2026-05-21 09:38:31,.80, Kemiringan (roll) : -2.28
2026-05-21 09:38:31,.80, Kemiringan (roll) : -2.28
2026-05-21 09:38:31,.80, Kemiringan (roll) : -2.28
2026-05-21 09:38:31,.80, Kemiringan (roll) : -2.28
2026-05-21 09:38:31,.80, Kemiringan (roll) : -2.28
2026-05-21 09:38:31,.80, Kemiringan (roll) : -2.28
2026-05-21 09:38:31,.80, Kemiringan (roll) : -2.28
2026-05-21 09:38:31,.80, Kemiringan (roll) : -2.28
2026-05-21 09:38:31,.80, Kemiringan (roll) : -2.28
2026-05-21 09:38:31,.80, Kemiringan (roll) : -2.28
2026-05-21 09:38:31,.80, Kemiringan (roll) : -2.28
2026-05-21 09:38:31,.80, Kemiringan (roll) : -2.28
2026-05-21 09:38:31,.80, Kemiringan (roll) : -2.28
2026-05-21 09:38:31,.80, Kemiringan (roll) : -2.28
2026-05-21 09:38:31,.80, Kemiringan (roll) : -2.28
2026-05-21 09:38:31,.80, Kemiringan (roll) : -2.28
2026-05-21 09:38:31,.80, Kemiringan (roll) : -2.28
2026-05-21 09:38:31,.80, Kemiringan (roll) : -2.28
2026-05-21 09:38:31,.80, Kemiringan (roll) : -2.28
2026-05-21 09:38:31,.80, Kemiringan (roll) : -2.28
2026-05-21 09:38:31,.80, Kemiringan (roll) : -2.28
2026-05-21 09:38:31,.80, Kemiringan (roll) : -2.28
2026-05-21 09:38:31,.80, Kemiringan (roll) : -2.28
2026-05-21 09:38:31,.80, Kemiringan (roll) : -2.28
2026-05-21 09:38:31,.80, Kemiringan (roll) : -2.28
2026-05-21 09:38:31,.80, Kemiringan (roll) : -2.28
2026-05-21 09:38:31,.80, Kemiringan (roll) : -2.28
2026-05-21 09:38:31,.80, Kemiringan (roll) : -2.28
2026-05-21 09:38:31,.80, Kemiringan (roll) : -2.28
2026-05-21 09:38:31,.80, Kemiringan (roll) : -2.28
2026-05-21 09:38:31,.80, Kemiringan (roll) : -2.28
2026-05-21 09:38:31,.80, Kemiringan (roll) : -2.28
2026-05-21 09:38:31,.80, Kemiringan (roll) : -2.28
2026-05-21 09:38:31,.80, Kemiringan (roll) : -2.28
2026-05-21 09:38:31,.80, Kemiringan (roll) : -2.28
2026-05-21 09:38:31,.80, Kemiringan (roll) : -2.28
2026-05-21 09:38:31,.80, Kemiringan (roll) : -2.28
2026-05-21 09:38:31,.80, Kemiringan (roll) : -2.28
2026-05-21 09:38:31,.80, Kemiringan (roll) : -2.28
2026-05-21 09:38:31,.80, Kemiringan (roll) : -2.28
2026-05-21 09:38:31,.80, Kemiringan (roll) : -2.28
2026-05-21 09:38:31,.80, Kemiringan (roll) : -2.28
2026-05-21 09:38:31,.80, Kemiringan (roll) : -2.28
2026-05-21 09:38:31,.80, Kemiringan (roll) : -2.28
2026-05-21 09:38:31,.80, Kemiringan (roll) : -2.28
2026-05-21 09:38:31,.80, Kemiringan (roll) : -2.28
2026-05-21 09:38:31,.80, Kemiringan (roll) : -2.28
2026-05-21 09:38:31,.80, Kemiringan (roll) : -2.28
2026-05-21 09:38:31,.80, Kemiringan (roll) : -2.28
2026-05-21 09:38:31,.80, Kemiringan (roll) : -2.28
2026-05-21 09:38:31,.80, Kemiringan (roll) : -2.28
2026-05-21 09:38:31,.80, Kemiringan (roll) : -2.28
2026-05-21 09:38:31,.80, Kemiringan (roll) : -2.28
2026-05-21 09:38:31,.80, Kemiringan (roll) : -2.28
2026-05-21 09:38:31,.80, Kemiringan (roll) : -2.28
2026-05-21 09:38:31,.80, Kemiringan (roll) : -2.28
2026-05-21 09:38:31,.80, Kemiringan (roll) : -2.28
2026-05-21 09:38:31,.80, Kemiringan (roll) : -2.28
2026-05-21 09:38:31,.80, Kemiringan (roll) : -2.28
2026-05-21 09:38:31,.80, Kemiringan (roll) : -2.28
2026-05-21 09:38:31,.80, Kemiringan (roll) : -2.28
2026-05-21 09:38:31,.80, Kemiringan (roll) : -2.28
2026-05-21 09:38:31,.80, Kemiringan (roll) : -2.28
2026-05-21 09:38:31,.80, Kemiringan (roll) : -2.28
2026-05-21 09:38:31,.80, Kemiringan (roll) : -2.28
2026-05-21 09:38:31,.80, Kemiringan (roll) : -2.28
2026-05-21 09:38:31,.80, Kemiringan (roll) : -2.28
2026-05-21 09:38:31,.80, Kemiringan (roll) : -2.28
2026-05-21 09:38:31,.80, Kemiringan (roll) : -2.28
2026-05-21 09:38:31,.80, Kemiringan (roll) : -2.28
2026-05-21 09:38:31,.80, Kemiringan (roll) : -2.28
2026-05-21 09:38:31,.80, Kemiringan (roll) : -2.28
2026-05-21 09:38:31,.80, Kemiringan (roll) : -2.28
2026-05-21 09:38:31,.80, Kemiringan (roll) : -2.28
2026-05-21 09:38:31,.80, Kemiringan (roll) : -2.28
2026-05-21 09:38:31,.80, Kemiringan (roll) : -2.28
2026-05-21 09:38:31,.80, Kemiringan (roll) : -2.28
2026-05-21 09:38:31,.80, Kemiringan (roll) : -2.28
2026-05-21 09:38:31,.80, Kemiringan (roll) : -2.28
2026-05-21 09:38:31,.80, Kemiringan (roll) : -2.28
2026-05-21 09:38:31,.80, Kemiringan (roll) : -2.28
2026-05-21 09:38:31,.80, Kemiringan (roll) : -2.28
2026-05-21 09:38:31,.80, Kemiringan (roll) : -2.28
2026-05-21 09:38:31,.80, Kemiringan (roll) : -2.28
2026-05-21 09:38:31,.80, Kemiringan (roll) : -2.28
2026-05-21 09:38:31,.80, Kemiringan (roll) : -2.28
2026-05-21 09:38:31,.80, Kemiringan (roll) : -2.28
2026-05-21 09:38:31,.80, Kemiringan (roll) : -2.28
2026-05-21 09:38:31,.80, Kemiringan (roll) : -2.28
2026-05-21 09:38:31,.80, Kemiringan (roll) : -2.28
2026-05-21 09:38:31,.80, Kemiringan (roll) : -2.28
2026-05-21 09:38:31,.80, Kemiringan (roll) : -2.28
2026-05-21 09:38:31,.80, Kemiringan (roll) : -2.28
2026-05-21 09:38:31,.80, Kemiringan (roll) : -2.28
2026-05-21 09:38:31,.80, Kemiringan (roll) : -2.28
2026-05-21 09:38:31,.80, Kemiringan (roll) : -2.28
2026-05-21 09:38:31,.80, Kemiringan (roll) : -2.28
2026-05-21 09:38:31,.80, Kemiringan (roll) : -2.28
2026-05-21 09:38:31,.80, Kemiringan (roll) : -2.28
2026-05-21 09:38:31,.80, Kemiringan (roll) : -2.28
2026-05-21 09:38:31,.80, Kemiringan (roll) : -2.28
2026-05-21 09:38:31,.80, Kemiringan (roll) : -2.28
2026-05-21 09:38:31,.80, Kemiringan (roll) : -2.28
2026-05-21 09:38:31,.80, Kemiringan (roll) : -2.28
2026-05-21 09:38:31,.80, Kemiringan (roll) : -2.28
2026-05-21 09:38:31,.80, Kemiringan (roll) : -2.28
2026-05-21 09:38:31,.80, Kemiringan (roll) : -2.28
2026-05-21 09:38:31,.80, Kemiringan (roll) : -2.28
2026-05-21 09:38:31,.80, Kemiringan (roll) : -2.28
2026-05-21 09:38:31,.80, Kemiringan (roll) : -2.28
2026-05-21 09:38:31,.80, Kemiringan (roll) : -2.28
2026-05-21 09:38:31,.80, Kemiringan (roll) : -2.28
2026-05-21 09:38:31,.80, Kemiringan (roll) : -2.28
2026-05-21 09:38:31,.80, Kemiringan (roll) : -2.28
2026-05-21 09:38:31,.80, Kemiringan (roll) : -2.28
2026-05-21 09:38:31,.80, Kemiringan (roll) : -2.28
2026-05-21 09:38:31,.80, Kemiringan (roll) : -2.28
2026-05-21 09:38:31,.80, Kemiringan (roll) : -2.28
2026-05-21 09:38:31,.80, Kemiringan (roll) : -2.28
2026-05-21 09:38:31,.80, Kemiringan (roll) : -2.28
2026-05-21 09:38:31,.80, Kemiringan (roll) : -2.28
2026-05-21 09:38:31,.80, Kemiringan (roll) : -2.28
2026-05-21 09:38:31,.80, Kemiringan (roll) : -2.28
2026-05-21 09:38:31,.80, Kemiringan (roll) : -2.28
2026-05-21 09:38:31,.80, Kemiringan (roll) : -2.28
2026-05-21 09:38:31,.80, Kemiringan (roll) : -2.28
2026-05-21 09:38:31,.80, Kemiringan (roll) : -2.28
2026-05-21 09:38:31,.80, Kemiringan (roll) : -2.28
2026-05-21 09:38:31,.80, Kemiringan (roll) : -2.28
2026-05-21 09:38:31,.80, Kemiringan (roll) : -2.28
2026-05-21 09:38:31,.80, Kemiringan (roll) : -2.28
2026-05-21 09:38:31,.80, Kemiringan (roll) : -2.28
2026-05-21 09:38:31,.80, Kemiringan (roll) : -2.28
2026-05-21 09:38:31,.80, Kemiringan (roll) : -2.28
2026-05-21 09:38:31,.80, Kemiringan (roll) : -2.28
2026-05-21 09:38:31,.80, Kemiringan (roll) : -2.28
2026-05-21 09:38:31,.80, Kemiringan (roll) : -2.28
2026-05-21 09:38:31,.80, Kemiringan (roll) : -2.28
2026-05-21 09:38:31,.80, Kemiringan (roll) : -2.28
2026-05-21 09:38:31,.80, Kemiringan (roll) : -2.28
2026-05-21 09:38:31,.80, Kemiringan (roll) : -2.28
2026-05-21 09:38:31,.80, Kemiringan (roll) : -2.28
2026-05-21 09:38:31,.80, Kemiringan (roll) : -2.28
2026-05-21 09:38:31,.80, Kemiringan (roll) : -2.28
2026-05-21 09:38:31,.80, Kemiringan (roll) : -2.28
2026-05-21 09:38:31,.80, Kemiringan (roll) : -2.28
2026-05-21 09:38:31,.80, Kemiringan (roll) : -2.28
2026-05-21 09:38:31,.80, Kemiringan (roll) : -2.28
2026-05-21 09:38:31,.80, Kemiringan (roll) : -2.28
2026-05-21 09:38:31,.80, Kemiringan (roll) : -2.28
2026-05-21 09:38:31,.80, Kemiringan (roll) : -2.28
2026-05-21 09:38:31,.80, Kemiringan (roll) : -2.28
2026-05-21 09:38:31,.80, Kemiringan (roll) : -2.28
2026-05-21 09:38:31,.80, Kemiringan (roll) : -2.28
2026-05-21 09:38:31,.80, Kemiringan (roll) : -2.28
2026-05-21 09:38:31,.80, Kemiringan (roll) : -2.28
2026-05-21 09:38:31,.80, Kemiringan (roll) : -2.28
2026-05-21 09:38:31,.80, Kemiringan (roll) : -2.28
2026-05-21 09:38:31,.80, Kemiringan (roll) : -2.28
2026-05-21 09:38:31,.80, Kemiringan (roll) : -2.28
2026-05-21 09:38:31,.80, Kemiringan (roll) : -2.28
2026-05-21 09:38:31,.80, Kemiringan (roll) : -2.28
2026-05-21 09:38:31,.80, Kemiringan (roll) : -2.28
2026-05-21 09:38:31,.80, Kemiringan (roll) : -2.28
2026-05-21 09:38:31,.80, Kemiringan (roll) : -2.28
2026-05-21 09:38:31,.80, Kemiringan (roll) : -2.28
2026-05-21 09:38:31,.80, Kemiringan (roll) : -2.28
2026-05-21 09:38:31,.80, Kemiringan (roll) : -2.28
2026-05-21 09:38:31,.80, Kemiringan (roll) : -2.28
2026-05-21 09:38:31,.80, Kemiringan (roll) : -2.28
2026-05-21 09:38:31,.80, Kemiringan (roll) : -2.28
2026-05-21 09:38:31,.80, Kemiringan (roll) : -2.28
2026-05-21 09:38:31,.80, Kemiringan (roll) : -2.28
2026-05-21 09:38:31,.80, Kemiringan (roll) : -2.28
2026-05-21 09:38:31,.80, Kemiringan (roll) : -2.28
2026-05-21 09:38:31,.80, Kemiringan (roll) : -2.28
2026-05-21 09:38:31,.80, Kemiringan (roll) : -2.28
2026-05-21 09:38:31,.80, Kemiringan (roll) : -2.28
2026-05-21 09:38:31,.80, Kemiringan (roll) : -2.28
2026-05-21 09:38:31,.80, Kemiringan (roll) : -2.28
2026-05-21 09:38:31,.80, Kemiringan (roll) : -2.28
2026-05-21 09:38:31,.80, Kemiringan (roll) : -2.28
2026-05-21 09:38:31,.80, Kemiringan (roll) : -2.28
2026-05-21 09:38:31,.80, Kemiringan (roll) : -2.28
2026-05-21 09:38:31,.80, Kemiringan (roll) : -2.28
2026-05-21 09:38:31,.80, Kemiringan (roll) : -2.28
2026-05-21 09:38:31,.80, Kemiringan (roll) : -2.28
2026-05-21 09:38:31,.80, Kemiringan (roll) : -2.28
2026-05-21 09:38:31,.80, Kemiringan (roll) : -2.28
2026-05-21 09:38:31,.80, Kemiringan (roll) : -2.28
2026-05-21 09:38:31,.80, Kemiringan (roll) : -2.28
2026-05-21 09:38:31,.80, Kemiringan (roll) : -2.28
2026-05-21 09:38:31,.80, Kemiringan (roll) : -2.28
2026-05-21 09:38:31,.80, Kemiringan (roll) : -2.28
2026-05-21 09:38:31,.80, Kemiringan (roll) : -2.28
2026-05-21 09:38:31,.80, Kemiringan (roll) : -2.28
2026-05-21 09:38:31,.80, Kemiringan (roll) : -2.28
2026-05-21 09:38:31,.80, Kemiringan (roll) : -2.28
2026-05-21 09:38:31,.80, Kemiringan (roll) : -2.28
2026-05-21 09:38:31,.80, Kemiringan (roll) : -2.28
2026-05-21 09:38:31,.80, Kemiringan (roll) : -2.28
2026-05-21 09:38:31,.80, Kemiringan (roll) : -2.28
2026-05-21 09:38:31,.80, Kemiringan (roll) : -2.28
2026-05-21 09:38:31,.80, Kemiringan (roll) : -2.28
2026-05-21 09:38:31,.80, Kemiringan (roll) : -2.28
2026-05-21 09:38:31,.80, Kemiringan (roll) : -2.28
2026-05-21 09:38:31,.80, Kemiringan (roll) : -2.28
2026-05-21 09:38:31,.80, Kemiringan (roll) : -2.28
2026-05-21 09:38:31,.80, Kemiringan (roll) : -2.28
2026-05-21 09:38:31,.80, Kemiringan (roll) : -2.28
2026-05-21 09:38:31,.80, Kemiringan (roll) : -2.28
2026-05-21 09:38:31,.80, Kemiringan (roll) : -2.28
2026-05-21 09:38:31,.80, Kemiringan (roll) : -2.28
2026-05-21 09:38:31,.80, Kemiringan (roll) : -2.28
2026-05-21 09:38:31,.80, Kemiringan (roll) : -2.28
2026-05-21 09:38:31,.80, Kemiringan (roll) : -2.28
2026-05-21 09:38:31,.80, Kemiringan (roll) : -2.28
2026-05-21 09:38:31,.80, Kemiringan (roll) : -2.28
2026-05-21 09:38:31,.80, Kemiringan (roll) : -2.28
2026-05-21 09:38:31,.80, Kemiringan (roll) : -2.28
2026-05-21 09:38:31,.80, Kemiringan (roll) : -2.28
2026-05-21 09:38:31,.80, Kemiringan (roll) : -2.28
2026-05-21 09:38:31,.80, Kemiringan (roll) : -2.28
2026-05-21 09:38:31,.80, Kemiringan (roll) : -2.28
2026-05-21 09:38:31,.80, Kemiringan (roll) : -2.28
2026-05-21 09:38:31,.80, Kemiringan (roll) : -2.28
2026-05-21 09:38:31,.80, Kemiringan (roll) : -2.28
2026-05-21 09:38:31,.80, Kemiringan (roll) : -2.28
2026-05-21 09:38:31,.80, Kemiringan (roll) : -2.28
2026-05-21 09:38:31,.80, Kemiringan (roll) : -2.28
2026-05-21 09:38:31,.80, Kemiringan (roll) : -2.28
2026-05-21 09:38:31,.80, Kemiringan (roll) : -2.28
2026-05-21 09:38:31,.80, Kemiringan (roll) : -2.28
2026-05-21 09:38:31,.80, Kemiringan (roll) : -2.28
2026-05-21 09:38:31,.80, Kemiringan (roll) : -2.28
2026-05-21 09:38:31,.80, Kemiringan (roll) : -2.28
2026-05-21 09:38:31,.80, Kemiringan (roll) : -2.28
2026-05-21 09:38:31,.80, Kemiringan (roll) : -2.28
2026-05-21 09:38:31,.80, Kemiringan (roll) : -2.28
2026-05-21 09:38:31,.80, Kemiringan (roll) : -2.28
2026-05-21 09:38:31,.80, Kemiringan (roll) : -2.28
2026-05-21 09:38:31,.80, Kemiringan (roll) : -2.28
2026-05-21 09:38:31,.80, Kemiringan (roll) : -2.28
2026-05-21 09:38:31,.80, Kemiringan (roll) : -2.28
2026-05-21 09:38:31,.80, Kemiringan (roll) : -2.28
2026-05-21 09:38:31,.80, Kemiringan (roll) : -2.28
2026-05-21 09:38:31,.80, Kemiringan (roll) : -2.28
2026-05-21 09:38:31,.80, Kemiringan (roll) : -2.28
2026-05-21 09:38:31,.80, Kemiringan (roll) : -2.28
2026-05-21 09:38:31,.80, Kemiringan (roll) : -2.28
2026-05-21 09:38:31,.80, Kemiringan (roll) : -2.28
2026-05-21 09:38:31,.80, Kemiringan (roll) : -2.28
2026-05-21 09:38:31,.80, Kemiringan (roll) : -2.28
2026-05-21 09:38:31,.80, Kemiringan (roll) : -2.28
2026-05-21 09:38:31,.80, Kemiringan (roll) : -2.28
2026-05-21 09:38:31,.80, Kemiringan (roll) : -2.28
2026-05-21 09:38:31,.80, Kemiringan (roll) : -2.28
2026-05-21 09:38:31,.80, Kemiringan (roll) : -2.28
2026-05-21 09:38:31,.80, Kemiringan (roll) : -2.28
2026-05-21 09:38:31,.80, Kemiringan (roll) : -2.28
2026-05-21 09:38:31,.80, Kemiringan (roll) : -2.28
2026-05-21 09:38:31,.80, Kemiringan (roll) : -2.28
2026-05-21 09:38:31,.80, Kemiringan (roll) : -2.28
2026-05-21 09:38:31,.80, Kemiringan (roll) : -2.28
2026-05-21 09:38:31,.80, Kemiringan (roll) : -2.28
2026-05-21 09:38:31,.80, Kemiringan (roll) : -2.28
2026-05-21 09:38:31,.80, Kemiringan (roll) : -2.28
2026-05-21 09:38:31,.80, Kemiringan (roll) : -2.28
2026-05-21 09:38:31,.80, Kemiringan (roll) : -2.28
2026-05-21 09:38:31,.80, Kemiringan (roll) : -2.28
2026-05-21 09:38:31,.80, Kemiringan (roll) : -2.28
2026-05-21 09:38:31,.80, Kemiringan (roll) : -2.28
2026-05-21 09:38:31,.80, Kemiringan (roll) : -2.28
2026-05-21 09:38:31,.80, Kemiringan (roll) : -2.28
2026-05-21 09:38:31,.80, Kemiringan (roll) : -2.28
2026-05-21 09:38:31,.80, Kemiringan (roll) : -2.28
2026-05-21 09:38:31,.80, Kemiringan (roll) : -2.28
2026-05-21 09:38:31,.80, Kemiringan (roll) : -2.28
2026-05-21 09:38:31,.80, Kemiringan (roll) : -2.28
2026-05-21 09:38:31,.80, Kemiringan (roll) : -2.28
2026-05-21 09:38:31,.80, Kemiringan (roll) : -2.28
2026-05-21 09:38:31,.80, Kemiringan (roll) : -2.28
2026-05-21 09:38:31,.80, Kemiringan (roll) : -2.28
2026-05-21 09:38:31,.80, Kemiringan (roll) : -2.28
2026-05-21 09:38:31,.80, Kemiringan (roll) : -2.28
2026-05-21 09:38:31,.80, Kemiringan (roll) : -2.28
2026-05-21 09:38:31,.80, Kemiringan (roll) : -2.28
2026-05-21 09:38:31,.80, Kemiringan (roll) : -2.28
2026-05-21 09:38:31,.80, Kemiringan (roll) : -2.28
2026-05-21 09:38:31,.80, Kemiringan (roll) : -2.28
2026-05-21 09:38:31,.80, Kemiringan (roll) : -2.28
2026-05-21 09:38:31,.80, Kemiringan (roll) : -2.28
2026-05-21 09:38:31,.80, Kemiringan (roll) : -2.28
2026-05-21 09:38:31,.80, Kemiringan (roll) : -2.28
2026-05-21 09:38:31,.80, Kemiringan (roll) : -2.28
2026-05-21 09:38:31,.80, Kemiringan (roll) : -2.28
2026-05-21 09:38:31,.80, Kemiringan (roll) : -2.28
2026-05-21 09:38:31,.80, Kemiringan (roll) : -2.28
2026-05-21 09:38:31,.80, Kemiringan (roll) : -2.28
2026-05-21 09:38:31,.80, Kemiringan (roll) : -2.28
2026-05-21 09:38:31,.80, Kemiringan (roll) : -2.28
2026-05-21 09:38:31,.80, Kemiringan (roll) : -2.28
2026-05-21 09:38:31,.80, Kemiringan (roll) : -2.28
2026-05-21 09:38:31,.80, Kemiringan (roll) : -2.28
2026-05-21 09:38:31,.80, Kemiringan (roll) : -2.28
2026-05-21 09:38:31,.80, Kemiringan (roll) : -2.28
2026-05-21 09:38:31,.80, Kemiringan (roll) : -2.28
2026-05-21 09:38:31,.80, Kemiringan (roll) : -2.28
2026-05-21 09:38:31,.80, Kemiringan (roll) : -2.28
2026-05-21 09:38:31,.80, Kemiringan (roll) : -2.28
2026-05-21 09:38:31,.80, Kemiringan (roll) : -2.28
2026-05-21 09:38:31,.80, Kemiringan (roll) : -2.28
2026-05-21 09:38:31,.80, Kemiringan (roll) : -2.28
2026-05-21 09:38:31,.80, Kemiringan (roll) : -2.28
2026-05-21 09:38:31,.80, Kemiringan (roll) : -2.28
2026-05-21 09:38:31,.80, Kemiringan (roll) : -2.28
2026-05-21 09:38:31,.80, Kemiringan (roll) : -2.28
2026-05-21 09:38:31,.80, Kemiringan (roll) : -2.28
2026-05-21 09:38:31,.80, Kemiringan (roll) : -2.28
2026-05-21 09:38:31,.80, Kemiringan (roll) : -2.28
2026-05-21 09:38:31,.80, Kemiringan (roll) : -2.28
2026-05-21 09:38:31,.80, Kemiringan (roll) : -2.28
2026-05-21 09:38:31,.80, Kemiringan (roll) : -2.28
2026-05-21 09:38:31,.80, Kemiringan (roll) : -2.28
2026-05-21 09:38:31,.80, Kemiringan (roll) : -2.28
2026-05-21 09:38:31,.80, Kemiringan (roll) : -2.28
2026-05-21 09:38:31,.80, Kemiringan (roll) : -2.28
2026-05-21 09:38:31,.80, Kemiringan (roll) : -2.28
2026-05-21 09:38:31,.80, Kemiringan (roll) : -2.28
2026-05-21 09:38:31,.80, Kemiringan (roll) : -2.28
2026-05-21 09:38:31,.80, Kemiringan (roll) : -2.28
2026-05-21 09:38:31,.80, Kemiringan (roll) : -2.28
2026-05-21 09:38:31,.80, Kemiringan (roll) : -2.28
2026-05-21 09:38:31,.80, Kemiringan (roll) : -2.28
2026-05-21 09:38:31,.80, Kemiringan (roll) : -2.28
2026-05-21 09:38:31,.80, Kemiringan (roll) : -2.28
2026-05-21 09:38:31,.80, Kemiringan (roll) : -2.28
2026-05-21 09:38:31,.80, Kemiringan (roll) : -2.28
2026-05-21 09:38:31,.80, Kemiringan (roll) : -2.28
2026-05-21 09:38:31,.80, Kemiringan (roll) : -2.28
2026-05-21 09:38:31,.80, Kemiringan (roll) : -2.28
2026-05-21 09:38:31,.80, Kemiringan (roll) : -2.28
2026-05-21 09:38:31,.80, Kemiringan (roll) : -2.28
2026-05-21 09:38:31,.80, Kemiringan (roll) : -2.28
2026-05-21 09:38:31,.80, Kemiringan (roll) : -2.28
2026-05-21 09:38:31,.80, Kemiringan (roll) : -2.28
2026-05-21 09:38:31,.80, Kemiringan (roll) : -2.28
2026-05-21 09:38:31,.80, Kemiringan (roll) : -2.28
2026-05-21 09:38:31,.80, Kemiringan (roll) : -2.28
2026-05-21 09:38:31,.80, Kemiringan (roll) : -2.28
2026-05-21 09:38:31,.80, Kemiringan (roll) : -2.28
2026-05-21 09:38:31,.80, Kemiringan (roll) : -2.28
2026-05-21 09:38:31,.80, Kemiringan (roll) : -2.28
2026-05-21 09:38:31,.80, Kemiringan (roll) : -2.28
2026-05-21 09:38:31,.80, Kemiringan (roll) : -2.28
2026-05-21 09:38:31,.80, Kemiringan (roll) : -2.28
2026-05-21 09:38:31,.80, Kemiringan (roll) : -2.28
2026-05-21 09:38:31,.80, Kemiringan (roll) : -2.28
2026-05-21 09:38:31,.80, Kemiringan (roll) : -2.28
2026-05-21 09:38:31,.80, Kemiringan (roll) : -2.28
2026-05-21 09:38:31,.80, Kemiringan (roll) : -2.28
2026-05-21 09:38:31,.80, Kemiringan (roll) : -2.28
2026-05-21 09:38:31,.80, Kemiringan (roll) : -2.28
2026-05-21 09:38:31,.80, Kemiringan (roll) : -2.28
2026-05-21 09:38:31,.80, Kemiringan (roll) : -2.28
2026-05-21 09:38:31,.80, Kemiringan (roll) : -2.28
2026-05-21 09:38:31,.80, Kemiringan (roll) : -2.28
2026-05-21 09:38:31,.80, Kemiringan (roll) : -2.28
2026-05-21 09:38:31,.80, Kemiringan (roll) : -2.28
2026-05-21 09:38:31,.80, Kemiringan (roll) : -2.28
2026-05-21 09:38:31,.80, Kemiringan (roll) : -2.28
2026-05-21 09:38:31,.80, Kemiringan (roll) : -2.28
2026-05-21 09:38:31,.80, Kemiringan (roll) : -2.28
2026-05-21 09:38:31,.80, Kemiringan (roll) : -2.28
2026-05-21 09:38:31,.80, Kemiringan (roll) : -2.28
2026-05-21 09:38:31,.80, Kemiringan (roll) : -2.28
2026-05-21 09:38:31,.80, Kemiringan (roll) : -2.28
2026-05-21 09:38:31,.80, Kemiringan (roll) : -2.28
2026-05-21 09:38:31,.80, Kemiringan (roll) : -2.28
2026-05-21 09:38:31,.80, Kemiringan (roll) : -2.28
2026-05-21 09:38:31,.80, Kemiringan (roll) : -2.28
2026-05-21 09:38:31,.80, Kemiringan (roll) : -2.28
2026-05-21 09:38:31,.80, Kemiringan (roll) : -2.28
2026-05-21 09:38:31,.80, Kemiringan (roll) : -2.28
2026-05-21 09:38:31,.80, Kemiringan (roll) : -2.28
2026-05-21 09:38:31,.80, Kemiringan (roll) : -2.28
2026-05-21 09:38:31,.80, Kemiringan (roll) : -2.28
2026-05-21 09:38:31,.80, Kemiringan (roll) : -2.28
2026-05-21 09:38:31,.80, Kemiringan (roll) : -2.28
2026-05-21 09:38:31,.80, Kemiringan (roll) : -2.28
2026-05-21 09:38:31,.80, Kemiringan (roll) : -2.28
2026-05-21 09:38:31,.80, Kemiringan (roll) : -2.28
2026-05-21 09:38:31,.80, Kemiringan (roll) : -2.28
2026-05-21 09:38:31,.80, Kemiringan (roll) : -2.28
2026-05-21 09:38:31,.80, Kemiringan (roll) : -2.28
2026-05-21 09:38:31,.80, Kemiringan (roll) : -2.28
2026-05-21 09:38:31,.80, Kemiringan (roll) : -2.28
2026-05-21 09:38:31,.80, Kemiringan (roll) : -2.28
2026-05-21 09:38:31,.80, Kemiringan (roll) : -2.28
2026-05-21 09:38:31,.80, Kemiringan (roll) : -2.28
2026-05-21 09:38:31,.80, Kemiringan (roll) : -2.28
2026-05-21 09:38:31,.80, Kemiringan (roll) : -2.28
2026-05-21 09:38:31,.80, Kemiringan (roll) : -2.28
2026-05-21 09:38:31,.80, Kemiringan (roll) : -2.28
2026-05-21 09:38:31,.80, Kemiringan (roll) : -2.28
2026-05-21 09:38:31,.80, Kemiringan (roll) : -2.28
2026-05-21 09:38:31,.80, Kemiringan (roll) : -2.28
2026-05-21 09:38:31,.80, Kemiringan (roll) : -2.28
2026-05-21 09:38:31,.80, Kemiringan (roll) : -2.28
2026-05-21 09:38:31,.80, Kemiringan (roll) : -2.28
2026-05-21 09:38:31,.80, Kemiringan (roll) : -2.28
2026-05-21 09:38:31,.80, Kemiringan (roll) : -2.28
2026-05-21 09:38:31,.80, Kemiringan (roll) : -2.28
2026-05-21 09:38:31,.80, Kemiringan (roll) : -2.28
2026-05-21 09:38:31,.80, Kemiringan (roll) : -2.28
2026-05-21 09:38:31,.80, Kemiringan (roll) : -2.28
2026-05-21 09:38:31,.80, Kemiringan (roll) : -2.28
2026-05-21 09:38:31,.80, Kemiringan (roll) : -2.28
2026-05-21 09:38:31,.80, Kemiringan (roll) : -2.28
2026-05-21 09:38:31,.80, Kemiringan (roll) : -2.28
2026-05-21 09:38:31,.80, Kemiringan (roll) : -2.28
2026-05-21 09:38:31,.80, Kemiringan (roll) : -2.28
2026-05-21 09:38:31,.80, Kemiringan (roll) : -2.28
2026-05-21 09:38:31,.80, Kemiringan (roll) : -2.28
2026-05-21 09:38:31,.80, Kemiringan (roll) : -2.28
2026-05-21 09:38:31,.80, Kemiringan (roll) : -2.28
2026-05-21 09:38:31,.80, Kemiringan (roll) : -2.28
2026-05-21 09:38:31,.80, Kemiringan (roll) : -2.28
2026-05-21 09:38:31,.80, Kemiringan (roll) : -2.28
2026-05-21 09:38:31,.80, Kemiringan (roll) : -2.28
2026-05-21 09:38:31,.80, Kemiringan (roll) : -2.28
2026-05-21 09:38:31,.80, Kemiringan (roll) : -2.28
2026-05-21 09:38:31,.80, Kemiringan (roll) : -2.28
2026-05-21 09:38:31,.80, Kemiringan (roll) : -2.28
2026-05-21 09:38:31,.80, Kemiringan (roll) : -2.28
2026-05-21 09:38:31,.80, Kemiringan (roll) : -2.28
2026-05-21 09:38:31,.80, Kemiringan (roll) : -2.28
2026-05-21 09:38:31,.80, Kemiringan (roll) : -2.28
2026-05-21 09:38:31,.80, Kemiringan (roll) : -2.28
2026-05-21 09:38:31,.80, Kemiringan (roll) : -2.28
2026-05-21 09:38:31,.80, Kemiringan (roll) : -2.28
2026-05-21 09:38:31,.80, Kemiringan (roll) : -2.28
2026-05-21 09:38:31,.80, Kemiringan (roll) : -2.28
2026-05-21 09:38:31,.80, Kemiringan (roll) : -2.28
2026-05-21 09:38:31,.80, Kemiringan (roll) : -2.28
2026-05-21 09:38:31,.80, Kemiringan (roll) : -2.28
2026-05-21 09:38:31,.80, Kemiringan (roll) : -2.28
2026-05-21 09:38:31,.80, Kemiringan (roll) : -2.28
2026-05-21 09:38:31,.80, Kemiringan (roll) : -2.28
2026-05-21 09:38:31,.80, Kemiringan (roll) : -2.28
2026-05-21 09:38:31,.80, Kemiringan (roll) : -2.28
2026-05-21 09:38:31,.80, Kemiringan (roll) : -2.28
2026-05-21 09:38:31,.80, Kemiringan (roll) : -2.28
2026-05-21 09:38:31,.80, Kemiringan (roll) : -2.28
2026-05-21 09:38:31,.80, Kemiringan (roll) : -2.28
2026-05-21 09:38:31,.80, Kemiringan (roll) : -2.28
2026-05-21 09:38:31,.80, Kemiringan (roll) : -2.28
2026-05-21 09:38:31,.80, Kemiringan (roll) : -2.28
2026-05-21 09:38:31,.80, Kemiringan (roll) : -2.28
2026-05-21 09:38:31,.80, Kemiringan (roll) : -2.28
2026-05-21 09:38:31,.80, Kemiringan (roll) : -2.28
2026-05-21 09:38:31,.80, Kemiringan (roll) : -2.28
2026-05-21 09:38:31,.80, Kemiringan (roll) : -2.28
2026-05-21 09:38:31,.80, Kemiringan (roll) : -2.28
2026-05-21 09:38:31,.80, Kemiringan (roll) : -2.28
2026-05-21 09:38:31,.80, Kemiringan (roll) : -2.28
2026-05-21 09:38:31,.80, Kemiringan (roll) : -2.28
2026-05-21 09:38:31,.80, Kemiringan (roll) : -2.28
2026-05-21 09:38:31,.80, Kemiringan (roll) : -2.28
2026-05-21 09:38:31,.80, Kemiringan (roll) : -2.28
2026-05-21 09:38:31,.80, Kemiringan (roll) : -2.28
2026-05-21 09:38:31,.80, Kemiringan (roll) : -2.28
2026-05-21 09:38:31,.80, Kemiringan (roll) : -2.28
2026-05-21 09:38:31,.80, Kemiringan (roll) : -2.28
2026-05-21 09:38:31,.80, Kemiringan (roll) : -2.28
2026-05-21 09:38:31,.80, Kemiringan (roll) : -2.28
2026-05-21 09:38:31,.80, Kemiringan (roll) : -2.28
2026-05-21 09:38:31,.80, Kemiringan (roll) : -2.28
2026-05-21 09:38:31,.80, Kemiringan (roll) : -2.28
2026-05-21 09:38:31,.80, Kemiringan (roll) : -2.28
2026-05-21 09:38:31,.80, Kemiringan (roll) : -2.28
2026-05-21 09:38:31,.80, Kemiringan (roll) : -2.28
2026-05-21 09:38:31,.80, Kemiringan (roll) : -2.28
2026-05-21 09:38:31,.80, Kemiringan (roll) : -2.28
2026-05-21 09:38:31,.80, Kemiringan (roll) : -2.28
2026-05-21 09:38:31,.80, Kemiringan (roll) : -2.28
2026-05-21 09:38:31,.80, Kemiringan (roll) : -2.28
2026-05-21 09:38:31,.80, Kemiringan (roll) : -2.28
2026-05-21 09:38:31,.80, Kemiringan (roll) : -2.28
2026-05-21 09:38:31,.80, Kemiringan (roll) : -2.28
2026-05-21 09:38:31,.80, Kemiringan (roll) : -2.28
2026-05-21 09:38:31,.80, Kemiringan (roll) : -2.28
2026-05-21 09:38:31,.80, Kemiringan (roll) : -2.28
2026-05-21 09:38:31,.80, Kemiringan (roll) : -2.28
2026-05-21 09:38:31,.80, Kemiringan (roll) : -2.28
2026-05-21 09:38:31,.80, Kemiringan (roll) : -2.28
2026-05-21 09:38:31,.80, Kemiringan (roll) : -2.28
2026-05-21 09:38:31,.80, Kemiringan (roll) : -2.28
2026-05-21 09:38:31,.80, Kemiringan (roll) : -2.28
2026-05-21 09:38:31,.80, Kemiringan (roll) : -2.28
2026-05-21 09:38:31,.80, Kemiringan (roll) : -2.28
2026-05-21 09:38:31,.80, Kemiringan (roll) : -2.28
2026-05-21 09:38:31,.80, Kemiringan (roll) : -2.28
2026-05-21 09:38:31,.80, Kemiringan (roll) : -2.28
2026-05-21 09:38:31,.80, Kemiringan (roll) : -2.28
2026-05-21 09:38:31,.80, Kemiringan (roll) : -2.28
2026-05-21 09:38:31,.80, Kemiringan (roll) : -2.28
2026-05-21 09:38:31,.80, Kemiringan (roll) : -2.28
2026-05-21 09:38:31,.80, Kemiringan (roll) : -2.28
2026-05-21 09:38:31,.80, Kemiringan (roll) : -2.28
2026-05-21 09:38:31,.80, Kemiringan (roll) : -2.28
2026-05-21 09:38:31,.80, Kemiringan (roll) : -2.28
2026-05-21 09:38:31,.80, Kemiringan (roll) : -2.28
2026-05-21 09:38:31,.80, Kemiringan (roll) : -2.28
2026-05-21 09:38:31,.80, Kemiringan (roll) : -2.28
2026-05-21 09:38:31,.80, Kemiringan (roll) : -2.28
2026-05-21 09:38:31,.80, Kemiringan (roll) : -2.28
2026-05-21 09:38:31,.80, Kemiringan (roll) : -2.28
2026-05-21 09:38:31,.80, Kemiringan (roll) : -2.28
2026-05-21 09:38:31,.80, Kemiringan (roll) : -2.28
2026-05-21 09:38:31,.80, Kemiringan (roll) : -2.28
2026-05-21 09:38:31,.80, Kemiringan (roll) : -2.28
2026-05-21 09:38:31,.80, Kemiringan (roll) : -2.28
2026-05-21 09:38:31,.80, Kemiringan (roll) : -2.28
2026-05-21 09:38:31,.80, Kemiringan (roll) : -2.28
2026-05-21 09:38:31,.80, Kemiringan (roll) : -2.28
2026-05-21 09:38:31,.80, Kemiringan (roll) : -2.28
2026-05-21 09:38:31,.80, Kemiringan (roll) : -2.28
2026-05-21 09:38:31,.80, Kemiringan (roll) : -2.28
2026-05-21 09:38:31,.80, Kemiringan (roll) : -2.28
2026-05-21 09:38:31,.80, Kemiringan (roll) : -2.28
2026-05-21 09:38:31,.80, Kemiringan (roll) : -2.28
2026-05-21 09:38:31,.80, Kemiringan (roll) : -2.28
2026-05-21 09:38:31,.80, Kemiringan (roll) : -2.28
2026-05-21 09:38:31,.80, Kemiringan (roll) : -2.28
2026-05-21 09:38:31,.80, Kemiringan (roll) : -2.28
2026-05-21 09:38:31,.80, Kemiringan (roll) : -2.28
2026-05-21 09:38:31,.80, Kemiringan (roll) : -2.28
2026-05-21 09:38:31,.80, Kemiringan (roll) : -2.28
2026-05-21 09:38:31,.80, Kemiringan (roll) : -2.28
2026-05-21 09:38:31,.80, Kemiringan (roll) : -2.28
2026-05-21 09:38:31,.80, Kemiringan (roll) : -2.28
2026-05-21 09:38:31,.80, Kemiringan (roll) : -2.28
2026-05-21 09:38:31,.80, Kemiringan (roll) : -2.28
2026-05-21 09:38:31,.80, Kemiringan (roll) : -2.28
2026-05-21 09:38:31,.80, Kemiringan (roll) : -2.28
2026-05-21 09:38:31,.80, Kemiringan (roll) : -2.28
2026-05-21 09:38:31,.80, Kemiringan (roll) : -2.28
2026-05-21 09:38:31,.80, Kemiringan (roll) : -2.28
2026-05-21 09:38:31,.80, Kemiringan (roll) : -2.28
2026-05-21 09:38:31,.80, Kemiringan (roll) : -2.28
2026-05-21 09:38:31,.80, Kemiringan (roll) : -2.28
2026-05-21 09:38:31,.80, Kemiringan (roll) : -2.28
2026-05-21 09:38:31,.80, Kemiringan (roll) : -2.28
2026-05-21 09:38:31,.80, Kemiringan (roll) : -2.28
2026-05-21 09:38:31,.80, Kemiringan (roll) : -2.28
2026-05-21 09:38:31,.80, Kemiringan (roll) : -2.28
2026-05-21 09:38:31,.80, Kemiringan (roll) : -2.28
2026-05-21 09:38:31,.80, Kemiringan (roll) : -2.28
2026-05-21 09:38:31,.80, Kemiringan (roll) : -2.28
2026-05-21 09:38:31,.80, Kemiringan (roll) : -2.28
2026-05-21 09:38:31,.80, Kemiringan (roll) : -2.28
2026-05-21 09:38:31,.80, Kemiringan (roll) : -2.28
2026-05-21 09:38:31,.80, Kemiringan (roll) : -2.28
2026-05-21 09:38:31,.80, Kemiringan (roll) : -2.28
2026-05-21 09:38:31,.80, Kemiringan (roll) : -2.28
2026-05-21 09:38:31,.80, Kemiringan (roll) : -2.28
2026-05-21 09:38:31,.80, Kemiringan (roll) : -2.28
2026-05-21 09:38:31,.80, Kemiringan (roll) : -2.28
2026-05-21 09:38:31,.80, Kemiringan (roll) : -2.28
2026-05-21 09:38:31,.80, Kemiringan (roll) : -2.28
2026-05-21 09:38:31,.80, Kemiringan (roll) : -2.28
2026-05-21 09:38:31,.80, Kemiringan (roll) : -2.28
2026-05-21 09:38:31,.80, Kemiringan (roll) : -2.28
2026-05-21 09:38:31,.80, Kemiringan (roll) : -2.28
2026-05-21 09:38:31,.80, Kemiringan (roll) : -2.28
2026-05-21 09:38:31,.80, Kemiringan (roll) : -2.28
2026-05-21 09:38:31,.80, Kemiringan (roll) : -2.28
2026-05-21 09:38:31,.80, Kemiringan (roll) : -2.28
2026-05-21 09:38:31,.80, Kemiringan (roll) : -2.28
2026-05-21 09:38:31,.80, Kemiringan (roll) : -2.28
2026-05-21 09:38:31,.80, Kemiringan (roll) : -2.28
2026-05-21 09:38:31,.80, Kemiringan (roll) : -2.28
2026-05-21 09:38:31,.80, Kemiringan (roll) : -2.28
2026-05-21 09:38:31,.80, Kemiringan (roll) : -2.28
2026-05-21 09:38:31,.80, Kemiringan (roll) : -2.28
2026-05-21 09:38:31,.80, Kemiringan (roll) : -2.28
2026-05-21 09:38:31,.80, Kemiringan (roll) : -2.28
2026-05-21 09:38:31,.80, Kemiringan (roll) : -2.28
2026-05-21 09:38:31,.80, Kemiringan (roll) : -2.28
2026-05-21 09:38:31,.80, Kemiringan (roll) : -2.28
2026-05-21 09:38:31,.80, Kemiringan (roll) : -2.28
2026-05-21 09:38:31,.80, Kemiringan (roll) : -2.28
2026-05-21 09:38:31,.80, Kemiringan (roll) : -2.28
2026-05-21 09:38:31,.80, Kemiringan (roll) : -2.28
2026-05-21 09:38:31,.80, Kemiringan (roll) : -2.28
2026-05-21 09:38:31,.80, Kemiringan (roll) : -2.28
2026-05-21 09:38:31,.80, Kemiringan (roll) : -2.28
2026-05-21 09:38:31,.80, Kemiringan (roll) : -2.28
2026-05-21 09:38:31,.80, Kemiringan (roll) : -2.28
2026-05-21 09:38:31,.80, Kemiringan (roll) : -2.28
2026-05-21 09:38:31,.80, Kemiringan (roll) : -2.28
2026-05-21 09:38:31,.80, Kemiringan (roll) : -2.28
2026-05-21 09:38:31,.80, Kemiringan (roll) : -2.28
2026-05-21 09:38:31,.80, Kemiringan (roll) : -2.28
2026-05-21 09:38:31,.80, Kemiringan (roll) : -2.28
2026-05-21 09:38:31,.80, Kemiringan (roll) : -2.28
2026-05-21 09:38:31,.80, Kemiringan (roll) : -2.28
2026-05-21 09:38:31,.80, Kemiringan (roll) : -2.28
2026-05-21 09:38:31,.80, Kemiringan (roll) : -2.28
2026-05-21 09:38:31,.80, Kemiringan (roll) : -2.28
2026-05-21 09:38:31,.80, Kemiringan (roll) : -2.28
2026-05-21 09:38:31,.80, Kemiringan (roll) : -2.28
2026-05-21 09:38:31,.80, Kemiringan (roll) : -2.28
2026-05-21 09:38:31,.80, Kemiringan (roll) : -2.28
2026-05-21 09:38:31,.80, Kemiringan (roll) : -2.28
2026-05-21 09:38:31,.80, Kemiringan (roll) : -2.28
2026-05-21 09:38:31,.80, Kemiringan (roll) : -2.28
2026-05-21 09:38:31,.80, Kemiringan (roll) : -2.28
2026-05-21 09:38:31,.80, Kemiringan (roll) : -2.28
2026-05-21 09:38:31,.80, Kemiringan (roll) : -2.28
2026-05-21 09:38:31,.80, Kemiringan (roll) : -2.28
2026-05-21 09:38:31,.80, Kemiringan (roll) : -2.28
2026-05-21 09:38:31,.80, Kemiringan (roll) : -2.28
2026-05-21 09:38:31,.80, Kemiringan (roll) : -2.28
2026-05-21 09:38:31,.80, Kemiringan (roll) : -2.28
2026-05-21 09:38:31,.80, Kemiringan (roll) : -2.28
2026-05-21 09:38:31,.80, Kemiringan (roll) : -2.28
2026-05-21 09:38:31,.80, Kemiringan (roll) : -2.28
2026-05-21 09:38:31,.80, Kemiringan (roll) : -2.28
2026-05-21 09:38:31,.80, Kemiringan (roll) : -2.28
2026-05-21 09:38:31,.80, Kemiringan (roll) : -2.28
2026-05-21 09:38:31,.80, Kemiringan (roll) : -2.28
2026-05-21 09:38:31,.80, Kemiringan (roll) : -2.28
2026-05-21 09:38:31,.80, Kemiringan (roll) : -2.28
2026-05-21 09:38:31,.80, Kemiringan (roll) : -2.28
2026-05-21 09:38:31,.80, Kemiringan (roll) : -2.28
2026-05-21 09:38:31,.80, Kemiringan (roll) : -2.28
2026-05-21 09:38:31,.80, Kemiringan (roll) : -2.28
2026-05-21 09:38:31,.80, Kemiringan (roll) : -2.28
2026-05-21 09:38:31,.80, Kemiringan (roll) : -2.28
2026-05-21 09:38:31,.80, Kemiringan (roll) : -2.28
2026-05-21 09:38:31,.80, Kemiringan (roll) : -2.28
2026-05-21 09:38:31,.80, Kemiringan (roll) : -2.28
2026-05-21 09:38:31,.80, Kemiringan (roll) : -2.28
2026-05-21 09:38:31,.80, Kemiringan (roll) : -2.28
2026-05-21 09:38:31,.80, Kemiringan (roll) : -2.28
2026-05-21 09:38:31,.80, Kemiringan (roll) : -2.28
2026-05-21 09:38:31,.80, Kemiringan (roll) : -2.28
2026-05-21 09:38:31,.80, Kemiringan (roll) : -2.28
2026-05-21 09:38:31,.80, Kemiringan (roll) : -2.28
2026-05-21 09:38:31,.80, Kemiringan (roll) : -2.28
2026-05-21 09:38:31,.80, Kemiringan (roll) : -2.28
2026-05-21 09:38:31,.80, Kemiringan (roll) : -2.28
2026-05-21 09:38:31,.80, Kemiringan (roll) : -2.28
2026-05-21 09:38:31,.80, Kemiringan (roll) : -2.28
2026-05-21 09:38:31,.80, Kemiringan (roll) : -2.28
2026-05-21 09:38:31,.80, Kemiringan (roll) : -2.28
2026-05-21 09:38:31,.80, Kemiringan (roll) : -2.28
2026-05-21 09:38:31,.80, Kemiringan (roll) : -2.28
2026-05-21 09:38:31,.80, Kemiringan (roll) : -2.28
2026-05-21 09:38:31,.80, Kemiringan (roll) : -2.28
2026-05-21 09:38:31,.80, Kemiringan (roll) : -2.28
2026-05-21 09:38:31,.80, Kemiringan (roll) : -2.28
2026-05-21 09:38:31,.80, Kemiringan (roll) : -2.28
2026-05-21 09:38:31,.80, Kemiringan (roll) : -2.28
2026-05-21 09:38:31,.80, Kemiringan (roll) : -2.28
2026-05-21 09:38:31,.80, Kemiringan (roll) : -2.28
2026-05-21 09:38:31,.80, Kemiringan (roll) : -2.28
2026-05-21 09:38:31,.80, Kemiringan (roll) : -2.28
2026-05-21 09:38:31,.80, Kemiringan (roll) : -2.28
2026-05-21 09:38:31,.80, Kemiringan (roll) : -2.28
2026-05-21 09:38:31,.80, Kemiringan (roll) : -2.28
2026-05-21 09:38:31,.80, Kemiringan (roll) : -2.28
2026-05-21 09:38:31,.80, Kemiringan (roll) : -2.28
2026-05-21 09:38:31,.80, Kemiringan (roll) : -2.28
2026-05-21 09:38:31,.80, Kemiringan (roll) : -2.28
2026-05-21 09:38:31,.80, Kemiringan (roll) : -2.28
2026-05-21 09:38:31,.80, Kemiringan (roll) : -2.28
2026-05-21 09:38:31,.80, Kemiringan (roll) : -2.28
2026-05-21 09:38:31,.80, Kemiringan (roll) : -2.28
2026-05-21 09:38:31,.80, Kemiringan (roll) : -2.28
2026-05-21 09:38:31,.80, Kemiringan (roll) : -2.28
2026-05-21 09:38:31,.80, Kemiringan (roll) : -2.28
2026-05-21 09:38:31,.80, Kemiringan (roll) : -2.28
2026-05-21 09:38:31,.80, Kemiringan (roll) : -2.28
2026-05-21 09:38:31,.80, Kemiringan (roll) : -2.28
2026-05-21 09:38:31,.80, Kemiringan (roll) : -2.28
2026-05-21 09:38:31,.80, Kemiringan (roll) : -2.28
2026-05-21 09:38:31,.80, Kemiringan (roll) : -2.28
2026-05-21 09:38:31,.80, Kemiringan (roll) : -2.28
2026-05-21 09:38:31,.80, Kemiringan (roll) : -2.28
2026-05-21 09:38:31,.80, Kemiringan (roll) : -2.28
2026-05-21 09:38:31,.80, Kemiringan (roll) : -2.28
2026-05-21 09:38:31,.80, Kemiringan (roll) : -2.28
2026-05-21 09:38:31,.80, Kemiringan (roll) : -2.28
2026-05-21 09:38:31,.80, Kemiringan (roll) : -2.28
2026-05-21 09:38:31,.80, Kemiringan (roll) : -2.28
2026-05-21 09:38:31,.80, Kemiringan (roll) : -2.28
2026-05-21 09:38:31,.80, Kemiringan (roll) : -2.28
2026-05-21 09:38:31,.80, Kemiringan (roll) : -2.28
2026-05-21 09:38:31,.80, Kemiringan (roll) : -2.28
2026-05-21 09:38:31,.80, Kemiringan (roll) : -2.28
2026-05-21 09:38:31,.80, Kemiringan (roll) : -2.28
2026-05-21 09:38:31,.80, Kemiringan (roll) : -2.28
2026-05-21 09:38:31,.80, Kemiringan (roll) : -2.28
2026-05-21 09:38:31,.80, Kemiringan (roll) : -2.28
2026-05-21 09:38:31,.80, Kemiringan (roll) : -2.28
2026-05-21 09:38:31,.80, Kemiringan (roll) : -2.28
2026-05-21 09:38:31,.80, Kemiringan (roll) : -2.28
2026-05-21 09:38:31,.80, Kemiringan (roll) : -2.28
2026-05-21 09:38:31,.80, Kemiringan (roll) : -2.28
2026-05-21 09:38:31,.80, Kemiringan (roll) : -2.28
2026-05-21 09:38:31,.80, Kemiringan (roll) : -2.28
2026-05-21 09:38:31,.80, Kemiringan (roll) : -2.28
2026-05-21 09:38:31,.80, Kemiringan (roll) : -2.28
2026-05-21 09:38:31,.80, Kemiringan (roll) : -2.28
2026-05-21 09:38:31,.80, Kemiringan (roll) : -2.28
2026-05-21 09:38:31,.80, Kemiringan (roll) : -2.28
2026-05-21 09:38:31,.80, Kemiringan (roll) : -2.28
2026-05-21 09:38:31,.80, Kemiringan (roll) : -2.28
2026-05-21 09:38:31,.80, Kemiringan (roll) : -2.28
2026-05-21 09:38:31,.80, Kemiringan (roll) : -2.28
2026-05-21 09:38:31,.80, Kemiringan (roll) : -2.28
2026-05-21 09:38:31,.80, Kemiringan (roll) : -2.28
2026-05-21 09:38:31,.80, Kemiringan (roll) : -2.28
2026-05-21 09:38:31,.80, Kemiringan (roll) : -2.28
2026-05-21 09:38:31,.80, Kemiringan (roll) : -2.28
2026-05-21 09:38:31,.80, Kemiringan (roll) : -2.28
2026-05-21 09:38:31,.80, Kemiringan (roll) : -2.28
2026-05-21 09:38:31,.80, Kemiringan (roll) : -2.28
2026-05-21 09:38:31,.80, Kemiringan (roll) : -2.28
2026-05-21 09:38:31,.80, Kemiringan (roll) : -2.28
2026-05-21 09:38:31,.80, Kemiringan (roll) : -2.28
2026-05-21 09:38:31,.80, Kemiringan (roll) : -2.28
2026-05-21 09:38:31,.80, Kemiringan (roll) : -2.28
2026-05-21 09:38:31,.80, Kemiringan (roll) : -2.28
2026-05-21 09:38:31,.80, Kemiringan (roll) : -2.28
2026-05-21 09:38:31,.80, Kemiringan (roll) : -2.28
2026-05-21 09:38:31,.80, Kemiringan (roll) : -2.28
2026-05-21 09:38:31,.80, Kemiringan (roll) : -2.28
2026-05-21 09:38:31,.80, Kemiringan (roll) : -2.28
2026-05-21 09:38:31,.80, Kemiringan (roll) : -2.28
2026-05-21 09:38:31,.80, Kemiringan (roll) : -2.28
2026-05-21 09:38:31,.80, Kemiringan (roll) : -2.28
2026-05-21 09:38:31,.80, Kemiringan (roll) : -2.28
2026-05-21 09:38:31,.80, Kemiringan (roll) : -2.28
2026-05-21 09:38:31,.80, Kemiringan (roll) : -2.28
2026-05-21 09:38:31,.80, Kemiringan (roll) : -2.28
2026-05-21 09:38:31,.80, Kemiringan (roll) : -2.28
2026-05-21 09:38:31,.80, Kemiringan (roll) : -2.28
2026-05-21 09:38:31,.80, Kemiringan (roll) : -2.28
2026-05-21 09:38:31,.80, Kemiringan (roll) : -2.28
2026-05-21 09:38:31,.80, Kemiringan (roll) : -2.28
2026-05-21 09:38:31,.80, Kemiringan (roll) : -2.28
2026-05-21 09:38:31,.80, Kemiringan (roll) : -2.28
2026-05-21 09:38:31,.80, Kemiringan (roll) : -2.28
2026-05-21 09:38:31,.80, Kemiringan (roll) : -2.28
2026-05-21 09:38:31,.80, Kemiringan (roll) : -2.28
2026-05-21 09:38:31,.80, Kemiringan (roll) : -2.28
2026-05-21 09:38:31,.80, Kemiringan (roll) : -2.28
2026-05-21 09:38:31,.80, Kemiringan (roll) : -2.28
2026-05-21 09:38:31,.80, Kemiringan (roll) : -2.28
2026-05-21 09:38:31,.80, Kemiringan (roll) : -2.28
2026-05-21 09:38:31,.80, Kemiringan (roll) : -2.28
2026-05-21 09:38:31,.80, Kemiringan (roll) : -2.28
2026-05-21 09:38:31,.80, Kemiringan (roll) : -2.28
2026-05-21 09:38:31,.80, Kemiringan (roll) : -2.28
2026-05-21 09:38:31,.80, Kemiringan (roll) : -2.28
2026-05-21 09:38:31,.80, Kemiringan (roll) : -2.28
2026-05-21 09:38:31,.80, Kemiringan (roll) : -2.28
2026-05-21 09:38:31,.80, Kemiringan (roll) : -2.28
2026-05-21 09:38:31,.80, Kemiringan (roll) : -2.28
2026-05-21 09:38:31,.80, Kemiringan (roll) : -2.28
2026-05-21 09:38:31,.80, Kemiringan (roll) : -2.28
2026-05-21 09:38:31,.80, Kemiringan (roll) : -2.28
2026-05-21 09:38:31,.80, Kemiringan (roll) : -2.28
2026-05-21 09:38:31,.80, Kemiringan (roll) : -2.28
2026-05-21 09:38:31,.80, Kemiringan (roll) : -2.28
2026-05-21 09:38:31,.80, Kemiringan (roll) : -2.28
2026-05-21 09:38:31,.80, Kemiringan (roll) : -2.28
2026-05-21 09:38:31,.80, Kemiringan (roll) : -2.28
2026-05-21 09:38:31,.80, Kemiringan (roll) : -2.28
2026-05-21 09:38:31,.80, Kemiringan (roll) : -2.28
2026-05-21 09:38:31,.80, Kemiringan (roll) : -2.28
2026-05-21 09:38:31,.80, Kemiringan (roll) : -2.28
2026-05-21 09:38:31,.80, Kemiringan (roll) : -2.28
2026-05-21 09:38:31,.80, Kemiringan (roll) : -2.28
2026-05-21 09:38:31,.80, Kemiringan (roll) : -2.28
2026-05-21 09:38:31,.80, Kemiringan (roll) : -2.28
2026-05-21 09:38:31,.80, Kemiringan (roll) : -2.28
2026-05-21 09:38:31,.80, Kemiringan (roll) : -2.28
2026-05-21 09:38:31,.80, Kemiringan (roll) : -2.28
2026-05-21 09:38:31,.80, Kemiringan (roll) : -2.28
2026-05-21 09:38:31,.80, Kemiringan (roll) : -2.28
2026-05-21 09:38:31,.80, Kemiringan (roll) : -2.28
2026-05-21 09:38:31,.80, Kemiringan (roll) : -2.28
2026-05-21 09:38:31,.80, Kemiringan (roll) : -2.28
2026-05-21 09:38:31,.80, Kemiringan (roll) : -2.28
2026-05-21 09:38:31,.80, Kemiringan (roll) : -2.28
2026-05-21 09:38:31,.80, Kemiringan (roll) : -2.28
2026-05-21 09:38:31,.80, Kemiringan (roll) : -2.28
2026-05-21 09:38:31,.80, Kemiringan (roll) : -2.28
2026-05-21 09:38:31,.80, Kemiringan (roll) : -2.28
2026-05-21 09:38:31,.80, Kemiringan (roll) : -2.28
2026-05-21 09:38:31,.80, Kemiringan (roll) : -2.28
2026-05-21 09:38:31,.80, Kemiringan (roll) : -2.28
2026-05-21 09:38:31,.80, Kemiringan (roll) : -2.28
2026-05-21 09:38:31,.80, Kemiringan (roll) : -2.28
2026-05-21 09:38:31,.80, Kemiringan (roll) : -2.28
2026-05-21 09:38:31,.80, Kemiringan (roll) : -2.28
2026-05-21 09:38:31,.80, Kemiringan (roll) : -2.28
2026-05-21 09:38:31,.80, Kemiringan (roll) : -2.28
2026-05-21 09:38:31,.80, Kemiringan (roll) : -2.28
2026-05-21 09:38:31,.80, Kemiringan (roll) : -2.28
2026-05-21 09:38:31,.80, Kemiringan (roll) : -2.28
2026-05-21 09:38:31,.80, Kemiringan (roll) : -2.28
2026-05-21 09:38:31,.80, Kemiringan (roll) : -2.28
2026-05-21 09:38:31,.80, Kemiringan (roll) : -2.28
2026-05-21 09:38:31,.80, Kemiringan (roll) : -2.28
2026-05-21 09:38:31,.80, Kemiringan (roll) : -2.28
2026-05-21 09:38:31,.80, Kemiringan (roll) : -2.28
2026-05-21 09:38:31,.80, Kemiringan (roll) : -2.28
2026-05-21 09:38:31,.80, Kemiringan (roll) : -2.28
2026-05-21 09:38:31,.80, Kemiringan (roll) : -2.28
2026-05-21 09:38:31,.80, Kemiringan (roll) : -2.28
2026-05-21 09:38:31,.80, Kemiringan (roll) : -2.28
2026-05-21 09:38:31,.80, Kemiringan (roll) : -2.28
2026-05-21 09:38:31,.80, Kemiringan (roll) : -2.28
2026-05-21 09:38:31,.80, Kemiringan (roll) : -2.28
2026-05-21 09:38:31,.80, Kemiringan (roll) : -2.28
2026-05-21 09:38:31,.80, Kemiringan (roll) : -2.28
2026-05-21 09:38:31,.80, Kemiringan (roll) : -2.28
2026-05-21 09:38:31,.80, Kemiringan (roll) : -2.28
2026-05-21 09:38:31,.80, Kemiringan (roll) : -2.28
2026-05-21 09:38:31,.80, Kemiringan (roll) : -2.28
2026-05-21 09:38:31,.80, Kemiringan (roll) : -2.28
2026-05-21 09:38:31,.80, Kemiringan (roll) : -2.28
2026-05-21 09:38:31,.80, Kemiringan (roll) : -2.28
2026-05-21 09:38:31,.80, Kemiringan (roll) : -2.28
2026-05-21 09:38:31,.80, Kemiringan (roll) : -2.28
2026-05-21 09:38:31,.80, Kemiringan (roll) : -2.28
2026-05-21 09:38:31,.80, Kemiringan (roll) : -2.28
2026-05-21 09:38:31,.80, Kemiringan (roll) : -2.28
2026-05-21 09:38:31,.80, Kemiringan (roll) : -2.28
2026-05-21 09:38:31,.80, Kemiringan (roll) : -2.28
2026-05-21 09:38:31,.80, Kemiringan (roll) : -2.28
2026-05-21 09:38:31,.80, Kemiringan (roll) : -2.28
2026-05-21 09:38:31,.80, Kemiringan (roll) : -2.28
2026-05-21 09:38:31,.80, Kemiringan (roll) : -2.28
2026-05-21 09:38:31,.80, Kemiringan (roll) : -2.28
2026-05-21 09:38:31,.80, Kemiringan (roll) : -2.28
2026-05-21 09:38:31,.80, Kemiringan (roll) : -2.28
2026-05-21 09:38:31,.80, Kemiringan (roll) : -2.28
2026-05-21 09:38:31,.80, Kemiringan (roll) : -2.28
2026-05-21 09:38:31,.80, Kemiringan (roll) : -2.28
2026-05-21 09:38:31,.80, Kemiringan (roll) : -2.28
2026-05-21 09:38:31,.80, Kemiringan (roll) : -2.28
2026-05-21 09:38:31,.80, Kemiringan (roll) : -2.28
2026-05-21 09:38:31,.80, Kemiringan (roll) : -2.28
2026-05-21 09:38:31,.80, Kemiringan (roll) : -2.28
2026-05-21 09:38:31,.80, Kemiringan (roll) : -2.28
2026-05-21 09:38:31,.80, Kemiringan (roll) : -2.28
2026-05-21 09:38:31,.80, Kemiringan (roll) : -2.28
2026-05-21 09:38:31,.80, Kemiringan (roll) : -2.28
2026-05-21 09:38:31,.80, Kemiringan (roll) : -2.28
2026-05-21 09:38:31,.80, Kemiringan (roll) : -2.28
2026-05-21 09:38:31,.80, Kemiringan (roll) : -2.28
2026-05-21 09:38:31,.80, Kemiringan (roll) : -2.28
2026-05-21 09:38:31,.80, Kemiringan (roll) : -2.28
2026-05-21 09:38:31,.80, Kemiringan (roll) : -2.28
2026-05-21 09:38:31,.80, Kemiringan (roll) : -2.28
2026-05-21 09:38:31,.80, Kemiringan (roll) : -2.28
2026-05-21 09:38:31,.80, Kemiringan (roll) : -2.28
2026-05-21 09:38:31,.80, Kemiringan (roll) : -2.28
2026-05-21 09:38:31,.80, Kemiringan (roll) : -2.28
2026-05-21 09:38:31,.80, Kemiringan (roll) : -2.28
2026-05-21 09:38:31,.80, Kemiringan (roll) : -2.28
2026-05-21 09:38:31,.80, Kemiringan (roll) : -2.28
2026-05-21 09:38:31,.80, Kemiringan (roll) : -2.28
2026-05-21 09:38:31,.80, Kemiringan (roll) : -2.28
2026-05-21 09:38:31,.80, Kemiringan (roll) : -2.28
2026-05-21 09:38:31,.80, Kemiringan (roll) : -2.28
2026-05-21 09:38:31,.80, Kemiringan (roll) : -2.28
2026-05-21 09:38:31,.80, Kemiringan (roll) : -2.28
2026-05-21 09:38:31,.80, Kemiringan (roll) : -2.28
2026-05-21 09:38:31,.80, Kemiringan (roll) : -2.28
2026-05-21 09:38:31,.80, Kemiringan (roll) : -2.28
2026-05-21 09:38:31,.80, Kemiringan (roll) : -2.28
2026-05-21 09:38:31,.80, Kemiringan (roll) : -2.28
2026-05-21 09:38:31,.80, Kemiringan (roll) : -2.28
2026-05-21 09:38:31,.80, Kemiringan (roll) : -2.28
2026-05-21 09:38:31,.80, Kemiringan (roll) : -2.28
2026-05-21 09:38:31,.80, Kemiringan (roll) : -2.28
2026-05-21 09:38:31,.80, Kemiringan (roll) : -2.28
2026-05-21 09:38:31,.80, Kemiringan (roll) : -2.28
2026-05-21 09:38:31,.80, Kemiringan (roll) : -2.28
2026-05-21 09:38:31,.80, Kemiringan (roll) : -2.28
2026-05-21 09:38:31,.80, Kemiringan (roll) : -2.28
2026-05-21 09:38:31,.80, Kemiringan (roll) : -2.28
2026-05-21 09:38:31,.80, Kemiringan (roll) : -2.28
2026-05-21 09:38:31,.80, Kemiringan (roll) : -2.28
2026-05-21 09:38:31,.80, Kemiringan (roll) : -2.28
2026-05-21 09:38:31,.80, Kemiringan (roll) : -2.28
2026-05-21 09:38:31,.80, Kemiringan (roll) : -2.28
2026-05-21 09:38:31,.80, Kemiringan (roll) : -2.28
2026-05-21 09:38:31,.80, Kemiringan (roll) : -2.28
2026-05-21 09:38:31,.80, Kemiringan (roll) : -2.28
2026-05-21 09:38:31,.80, Kemiringan (roll) : -2.28
2026-05-21 09:38:31,.80, Kemiringan (roll) : -2.28
2026-05-21 09:38:31,.80, Kemiringan (roll) : -2.28
2026-05-21 09:38:31,.80, Kemiringan (roll) : -2.28
2026-05-21 09:38:31,.80, Kemiringan (roll) : -2.28
2026-05-21 09:38:31,.80, Kemiringan (roll) : -2.28
2026-05-21 09:38:31,.80, Kemiringan (roll) : -2.28
2026-05-21 09:38:31,.80, Kemiringan (roll) : -2.28
2026-05-21 09:38:31,.80, Kemiringan (roll) : -2.28
2026-05-21 09:38:31,.80, Kemiringan (roll) : -2.28
2026-05-21 09:38:31,.80, Kemiringan (roll) : -2.28
2026-05-21 09:38:31,.80, Kemiringan (roll) : -2.28
2026-05-21 09:38:31,.80, Kemiringan (roll) : -2.28
2026-05-21 09:38:31,.80, Kemiringan (roll) : -2.28
2026-05-21 09:38:31,.80, Kemiringan (roll) : -2.28
2026-05-21 09:38:31,.80, Kemiringan (roll) : -2.28
2026-05-21 09:38:31,.80, Kemiringan (roll) : -2.28
2026-05-21 09:38:31,.80, Kemiringan (roll) : -2.28
2026-05-21 09:38:31,.80, Kemiringan (roll) : -2.28
2026-05-21 09:38:31,.80, Kemiringan (roll) : -2.28
2026-05-21 09:38:31,.80, Kemiringan (roll) : -2.28
2026-05-21 09:38:31,.80, Kemiringan (roll) : -2.28
2026-05-21 09:38:31,.80, Kemiringan (roll) : -2.28
2026-05-21 09:38:31,.80, Kemiringan (roll) : -2.28
2026-05-21 09:38:31,.80, Kemiringan (roll) : -2.28
2026-05-21 09:38:31,.80, Kemiringan (roll) : -2.28
2026-05-21 09:38:31,.80, Kemiringan (roll) : -2.28
2026-05-21 09:38:31,.80, Kemiringan (roll) : -2.28
2026-05-21 09:38:31,.80, Kemiringan (roll) : -2.28
2026-05-21 09:38:31,.80, Kemiringan (roll) : -2.28
2026-05-21 09:38:31,.80, Kemiringan (roll) : -2.28
2026-05-21 09:38:31,.80, Kemiringan (roll) : -2.28
2026-05-21 09:38:31,.80, Kemiringan (roll) : -2.28
2026-05-21 09:38:31,.80, Kemiringan (roll) : -2.28
2026-05-21 09:38:31,.80, Kemiringan (roll) : -2.28
2026-05-21 09:38:31,.80, Kemiringan (roll) : -2.28
2026-05-21 09:38:31,.80, Kemiringan (roll) : -2.28
2026-05-21 09:38:31,.80, Kemiringan (roll) : -2.28
2026-05-21 09:38:31,.80, Kemiringan (roll) : -2.28
2026-05-21 09:38:31,.80, Kemiringan (roll) : -2.28
2026-05-21 09:38:31,.80, Kemiringan (roll) : -2.28
2026-05-21 09:38:31,.80, Kemiringan (roll) : -2.28
2026-05-21 09:38:31,.80, Kemiringan (roll) : -2.28
2026-05-21 09:38:31,.80, Kemiringan (roll) : -2.28
2026-05-21 09:38:31,.80, Kemiringan (roll) : -2.28
2026-05-21 09:38:31,.80, Kemiringan (roll) : -2.28
2026-05-21 09:38:31,.80, Kemiringan (roll) : -2.28
2026-05-21 09:38:31,.80, Kemiringan (roll) : -2.28
2026-05-21 09:38:31,.80, Kemiringan (roll) : -2.28
2026-05-21 09:38:31,.80, Kemiringan (roll) : -2.28
2026-05-21 09:38:31,.80, Kemiringan (roll) : -2.28
2026-05-21 09:38:31,.80, Kemiringan (roll) : -2.28
2026-05-21 09:38:31,.80, Kemiringan (roll) : -2.28
2026-05-21 09:38:31,.80, Kemiringan (roll) : -2.28
2026-05-21 09:38:31,.80, Kemiringan (roll) : -2.28
2026-05-21 09:38:31,.80, Kemiringan (roll) : -2.28
2026-05-21 09:38:31,.80, Kemiringan (roll) : -2.28
2026-05-21 09:38:31,.80, Kemiringan (roll) : -2.28
2026-05-21 09:38:31,.80, Kemiringan (roll) : -2.28
2026-05-21 09:38:31,.80, Kemiringan (roll) : -2.28
2026-05-21 09:38:31,.80, Kemiringan (roll) : -2.28
2026-05-21 09:38:31,.80, Kemiringan (roll) : -2.28
2026-05-21 09:38:31,.80, Kemiringan (roll) : -2.28
2026-05-21 09:38:31,.80, Kemiringan (roll) : -2.28
2026-05-21 09:38:31,.80, Kemiringan (roll) : -2.28
2026-05-21 09:38:31,.80, Kemiringan (roll) : -2.28
2026-05-21 09:38:31,.80, Kemiringan (roll) : -2.28
2026-05-21 09:38:31,.80, Kemiringan (roll) : -2.28
2026-05-21 09:38:31,.80, Kemiringan (roll) : -2.28
2026-05-21 09:38:31,.80, Kemiringan (roll) : -2.28
2026-05-21 09:38:31,.80, Kemiringan (roll) : -2.28
2026-05-21 09:38:31,.80, Kemiringan (roll) : -2.28
2026-05-21 09:38:31,.80, Kemiringan (roll) : -2.28
2026-05-21 09:38:31,.80, Kemiringan (roll) : -2.28
2026-05-21 09:38:31,.80, Kemiringan (roll) : -2.28
2026-05-21 09:38:31,.80, Kemiringan (roll) : -2.28
2026-05-21 09:38:31,.80, Kemiringan (roll) : -2.28
2026-05-21 09:38:31,.80, Kemiringan (roll) : -2.28
2026-05-21 09:38:31,.80, Kemiringan (roll) : -2.28
2026-05-21 09:38:31,.80, Kemiringan (roll) : -2.28
2026-05-21 09:38:31,.80, Kemiringan (roll) : -2.28
2026-05-21 09:38:31,.80, Kemiringan (roll) : -2.28
2026-05-21 09:38:31,.80, Kemiringan (roll) : -2.28
2026-05-21 09:38:31,.80, Kemiringan (roll) : -2.28
2026-05-21 09:38:31,.80, Kemiringan (roll) : -2.28
2026-05-21 09:38:31,.80, Kemiringan (roll) : -2.28
2026-05-21 09:38:31,.80, Kemiringan (roll) : -2.28
2026-05-21 09:38:31,.80, Kemiringan (roll) : -2.28
2026-05-21 09:38:31,.80, Kemiringan (roll) : -2.28
2026-05-21 09:38:31,.80, Kemiringan (roll) : -2.28
2026-05-21 09:38:31,.80, Kemiringan (roll) : -2.28
2026-05-21 09:38:31,.80, Kemiringan (roll) : -2.28
2026-05-21 09:38:31,.80, Kemiringan (roll) : -2.28
2026-05-21 09:38:31,.80, Kemiringan (roll) : -2.28
2026-05-21 09:38:31,.80, Kemiringan (roll) : -2.28
2026-05-21 09:38:31,.80, Kemiringan (roll) : -2.28
2026-05-21 09:38:31,.80, Kemiringan (roll) : -2.28
2026-05-21 09:38:31,.80, Kemiringan (roll) : -2.28
2026-05-21 09:38:31,.80, Kemiringan (roll) : -2.28
2026-05-21 09:38:31,.80, Kemiringan (roll) : -2.28
2026-05-21 09:38:31,.80, Kemiringan (roll) : -2.28
2026-05-21 09:38:31,.80, Kemiringan (roll) : -2.28
2026-05-21 09:38:31,.80, Kemiringan (roll) : -2.28
2026-05-21 09:38:31,.80, Kemiringan (roll) : -2.28
2026-05-21 09:38:31,.80, Kemiringan (roll) : -2.28
2026-05-21 09:38:31,.80, Kemiringan (roll) : -2.28
2026-05-21 09:38:31,.80, Kemiringan (roll) : -2.28
2026-05-21 09:38:31,.80, Kemiringan (roll) : -2.28
2026-05-21 09:38:31,.80, Kemiringan (roll) : -2.28
2026-05-21 09:38:31,.80, Kemiringan (roll) : -2.28
2026-05-21 09:38:31,.80, Kemiringan (roll) : -2.28
2026-05-21 09:38:31,.80, Kemiringan (roll) : -2.28
2026-05-21 09:38:31,.80, Kemiringan (roll) : -2.28
2026-05-21 09:38:31,.80, Kemiringan (roll) : -2.28
2026-05-21 09:38:31,.80, Kemiringan (roll) : -2.28
2026-05-21 09:38:31,.80, Kemiringan (roll) : -2.28
2026-05-21 09:38:31,.80, Kemiringan (roll) : -2.28
2026-05-21 09:38:31,.80, Kemiringan (roll) : -2.28
2026-05-21 09:38:31,.80, Kemiringan (roll) : -2.28
2026-05-21 09:38:31,.80, Kemiringan (roll) : -2.28
2026-05-21 09:38:31,.80, Kemiringan (roll) : -2.28
2026-05-21 09:38:31,.80, Kemiringan (roll) : -2.28
2026-05-21 09:38:31,.80, Kemiringan (roll) : -2.28
2026-05-21 09:38:31,.80, Kemiringan (roll) : -2.28
2026-05-21 09:38:31,.80, Kemiringan (roll) : -2.28
2026-05-21 09:38:31,.80, Kemiringan (roll) : -2.28
2026-05-21 09:38:31,.80, Kemiringan (roll) : -2.28
2026-05-21 09:38:31,.80, Kemiringan (roll) : -2.28
2026-05-21 09:38:31,.80, Kemiringan (roll) : -2.28
2026-05-21 09:38:31,.80, Kemiringan (roll) : -2.28
2026-05-21 09:38:31,.80, Kemiringan (roll) : -2.28
2026-05-21 09:38:31,.80, Kemiringan (roll) : -2.28
2026-05-21 09:38:31,.80, Kemiringan (roll) : -2.28
2026-05-21 09:38:31,.80, Kemiringan (roll) : -2.28
2026-05-21 09:38:31,.80, Kemiringan (roll) : -2.28
2026-05-21 09:38:31,.80, Kemiringan (roll) : -2.28
2026-05-21 09:38:31,.80, Kemiringan (roll) : -2.28
2026-05-21 09:38:31,.80, Kemiringan (roll) : -2.28
2026-05-21 09:38:31,.80, Kemiringan (roll) : -2.28
2026-05-21 09:38:31,.80, Kemiringan (roll) : -2.28
2026-05-21 09:38:31,.80, Kemiringan (roll) : -2.28
2026-05-21 09:38:31,.80, Kemiringan (roll) : -2.28
2026-05-21 09:38:31,.80, Kemiringan (roll) : -2.28
2026-05-21 09:38:31,.80, Kemiringan (roll) : -2.28
2026-05-21 09:38:31,.80, Kemiringan (roll) : -2.28
2026-05-21 09:38:31,.80, Kemiringan (roll) : -2.28
2026-05-21 09:38:31,.80, Kemiringan (roll) : -2.28
2026-05-21 09:38:31,.80, Kemiringan (roll) : -2.28
2026-05-21 09:38:31,.80, Kemiringan (roll) : -2.28
2026-05-21 09:38:31,.80, Kemiringan (roll) : -2.28
2026-05-21 09:38:31,.80, Kemiringan (roll) : -2.28
2026-05-21 09:38:31,.80, Kemiringan (roll) : -2.28
2026-05-21 09:38:31,.80, Kemiringan (roll) : -2.28
2026-05-21 09:38:31,.80, Kemiringan (roll) : -2.28
2026-05-21 09:38:31,.80, Kemiringan (roll) : -2.28
2026-05-21 09:38:31,.80, Kemiringan (roll) : -2.28
2026-05-21 09:38:31,.80, Kemiringan (roll) : -2.28
2026-05-21 09:38:31,.80, Kemiringan (roll) : -2.28
2026-05-21 09:38:31,.80, Kemiringan (roll) : -2.28
2026-05-21 09:38:31,.80, Kemiringan (roll) : -2.28
2026-05-21 09:38:31,.80, Kemiringan (roll) : -2.28
2026-05-21 09:38:31,.80, Kemiringan (roll) : -2.28
2026-05-21 09:38:31,.80, Kemiringan (roll) : -2.28
2026-05-21 09:38:31,.80, Kemiringan (roll) : -2.28
2026-05-21 09:38:31,.80, Kemiringan (roll) : -2.28
2026-05-21 09:38:31,.80, Kemiringan (roll) : -2.28
2026-05-21 09:38:31,.80, Kemiringan (roll) : -2.28
2026-05-21 09:38:31,.80, Kemiringan (roll) : -2.28
2026-05-21 09:38:31,.80, Kemiringan (roll) : -2.28
2026-05-21 09:38:31,.80, Kemiringan (roll) : -2.28
2026-05-21 09:38:31,.80, Kemiringan (roll) : -2.28
2026-05-21 09:38:31,.80, Kemiringan (roll) : -2.28
2026-05-21 09:38:31,.80, Kemiringan (roll) : -2.28
2026-05-21 09:38:31,.80, Kemiringan (roll) : -2.28
2026-05-21 09:38:31,.80, Kemiringan (roll) : -2.28
2026-05-21 09:38:31,.80, Kemiringan (roll) : -2.28
2026-05-21 09:38:31,.80, Kemiringan (roll) : -2.28
2026-05-21 09:38:31,.80, Kemiringan (roll) : -2.28
2026-05-21 09:38:31,.80, Kemiringan (roll) : -2.28
2026-05-21 09:38:31,.80, Kemiringan (roll) : -2.28
2026-05-21 09:38:31,.80, Kemiringan (roll) : -2.28
2026-05-21 09:38:31,.80, Kemiringan (roll) : -2.28
2026-05-21 09:38:31,.80, Kemiringan (roll) : -2.28
2026-05-21 09:38:31,.80, Kemiringan (roll) : -2.28
2026-05-21 09:38:31,.80, Kemiringan (roll) : -2.28
2026-05-21 09:38:31,.80, Kemiringan (roll) : -2.28
2026-05-21 09:38:31,.80, Kemiringan (roll) : -2.28
2026-05-21 09:38:31,.80, Kemiringan (roll) : -2.28
2026-05-21 09:38:31,.80, Kemiringan (roll) : -2.28
2026-05-21 09:38:31,.80, Kemiringan (roll) : -2.28
2026-05-21 09:38:31,.80, Kemiringan (roll) : -2.28
2026-05-21 09:38:31,.80, Kemiringan (roll) : -2.28
2026-05-21 09:38:31,.80, Kemiringan (roll) : -2.28
2026-05-21 09:38:31,.80, Kemiringan (roll) : -2.28
2026-05-21 09:38:31,.80, Kemiringan (roll) : -2.28
2026-05-21 09:38:31,.80, Kemiringan (roll) : -2.28
2026-05-21 09:38:31,.80, Kemiringan (roll) : -2.28
2026-05-21 09:38:31,.80, Kemiringan (roll) : -2.28
2026-05-21 09:38:31,.80, Kemiringan (roll) : -2.28
2026-05-21 09:38:31,.80, Kemiringan (roll) : -2.28
2026-05-21 09:38:31,.80, Kemiringan (roll) : -2.28
2026-05-21 09:38:31,.80, Kemiringan (roll) : -2.28
2026-05-21 09:38:31,.80, Kemiringan (roll) : -2.28
2026-05-21 09:38:31,.80, Kemiringan (roll) : -2.28
2026-05-21 09:38:31,.80, Kemiringan (roll) : -2.28
2026-05-21 09:38:31,.80, Kemiringan (roll) : -2.28
2026-05-21 09:38:31,.80, Kemiringan (roll) : -2.28
2026-05-21 09:38:31,.80, Kemiringan (roll) : -2.28
2026-05-21 09:38:31,.80, Kemiringan (roll) : -2.28
2026-05-21 09:38:31,.80, Kemiringan (roll) : -2.28
2026-05-21 09:38:31,.80, Kemiringan (roll) : -2.28
2026-05-21 09:38:31,.80, Kemiringan (roll) : -2.28
2026-05-21 09:38:31,.80, Kemiringan (roll) : -2.28
2026-05-21 09:38:31,.80, Kemiringan (roll) : -2.28
2026-05-21 09:38:31,.80, Kemiringan (roll) : -2.28
2026-05-21 09:38:31,.80, Kemiringan (roll) : -2.28
2026-05-21 09:38:31,.80, Kemiringan (roll) : -2.28
2026-05-21 09:38:31,.80, Kemiringan (roll) : -2.28
2026-05-21 09:38:31,.80, Kemiringan (roll) : -2.28
2026-05-21 09:38:31,.80, Kemiringan (roll) : -2.28
2026-05-21 09:38:31,.80, Kemiringan (roll) : -2.28
2026-05-21 09:38:31,.80, Kemiringan (roll) : -2.28
2026-05-21 09:38:31,.80, Kemiringan (roll) : -2.28
2026-05-21 09:38:31,.80, Kemiringan (roll) : -2.28
2026-05-21 09:38:31,.80, Kemiringan (roll) : -2.28
2026-05-21 09:38:31,.80, Kemiringan (roll) : -2.28
2026-05-21 09:38:31,.80, Kemiringan (roll) : -2.28
2026-05-21 09:38:31,.80, Kemiringan (roll) : -2.28
2026-05-21 09:38:31,.80, Kemiringan (roll) : -2.28
2026-05-21 09:38:31,.80, Kemiringan (roll) : -2.28
2026-05-21 09:38:31,.80, Kemiringan (roll) : -2.28
2026-05-21 09:38:31,.80, Kemiringan (roll) : -2.28
2026-05-21 09:38:31,.80, Kemiringan (roll) : -2.28
2026-05-21 09:38:31,.80, Kemiringan (roll) : -2.28
2026-05-21 09:38:31,.80, Kemiringan (roll) : -2.28
2026-05-21 09:38:31,.80, Kemiringan (roll) : -2.28
2026-05-21 09:38:31,.80, Kemiringan (roll) : -2.28
2026-05-21 09:38:31,.80, Kemiringan (roll) : -2.28
2026-05-21 09:38:31,.80, Kemiringan (roll) : -2.28
2026-05-21 09:38:31,.80, Kemiringan (roll) : -2.28
2026-05-21 09:38:31,.80, Kemiringan (roll) : -2.28
2026-05-21 09:38:31,.80, Kemiringan (roll) : -2.28
2026-05-21 09:38:31,.80, Kemiringan (roll) : -2.28
2026-05-21 09:38:31,.80, Kemiringan (roll) : -2.28
2026-05-21 09:38:31,.80, Kemiringan (roll) : -2.28
2026-05-21 09:38:31,.80, Kemiringan (roll) : -2.28
2026-05-21 09:38:31,.80, Kemiringan (roll) : -2.28
2026-05-21 09:38:31,.80, Kemiringan (roll) : -2.28
2026-05-21 09:38:31,.80, Kemiringan (roll) : -2.28
2026-05-21 09:38:31,.80, Kemiringan (roll) : -2.28
2026-05-21 09:38:31,.80, Kemiringan (roll) : -2.28
2026-05-21 09:38:31,.80, Kemiringan (roll) : -2.28
2026-05-21 09:38:31,.80, Kemiringan (roll) : -2.28
2026-05-21 09:38:31,.80, Kemiringan (roll) : -2.28
2026-05-21 09:38:31,.80, Kemiringan (roll) : -2.28
2026-05-21 09:38:31,.80, Kemiringan (roll) : -2.28
2026-05-21 09:38:31,.80, Kemiringan (roll) : -2.28
2026-05-21 09:38:31,.80, Kemiringan (roll) : -2.28
2026-05-21 09:38:31,.80, Kemiringan (roll) : -2.28
2026-05-21 09:38:31,.80, Kemiringan (roll) : -2.28
2026-05-21 09:38:31,.80, Kemiringan (roll) : -2.28
2026-05-21 09:38:31,.80, Kemiringan (roll) : -2.28
2026-05-21 09:38:31,.80, Kemiringan (roll) : -2.28
2026-05-21 09:38:31,.80, Kemiringan (roll) : -2.28
2026-05-21 09:38:31,.80, Kemiringan (roll) : -2.28
2026-05-21 09:38:31,.80, Kemiringan (roll) : -2.28
2026-05-21 09:38:31,.80, Kemiringan (roll) : -2.28
2026-05-21 09:38:31,.80, Kemiringan (roll) : -2.28
2026-05-21 09:38:31,.80, Kemiringan (roll) : -2.28
2026-05-21 09:38:31,.80, Kemiringan (roll) : -2.28
2026-05-21 09:38:31,.80, Kemiringan (roll) : -2.28
2026-05-21 09:38:31,.80, Kemiringan (roll) : -2.28
2026-05-21 09:38:31,.80, Kemiringan (roll) : -2.28
2026-05-21 09:38:31,.80, Kemiringan (roll) : -2.28
2026-05-21 09:38:31,.80, Kemiringan (roll) : -2.28
2026-05-21 09:38:31,.80, Kemiringan (roll) : -2.28
2026-05-21 09:38:31,.80, Kemiringan (roll) : -2.28
2026-05-21 09:38:31,.80, Kemiringan (roll) : -2.28
2026-05-21 09:38:31,.80, Kemiringan (roll) : -2.28
2026-05-21 09:38:31,.80, Kemiringan (roll) : -2.28
2026-05-21 09:38:31,.80, Kemiringan (roll) : -2.28
2026-05-21 09:38:31,.80, Kemiringan (roll) : -2.28
2026-05-21 09:38:31,.80, Kemiringan (roll) : -2.28
2026-05-21 09:38:31,.80, Kemiringan (roll) : -2.28
2026-05-21 09:38:31,.80, Kemiringan (roll) : -2.28
2026-05-21 09:38:31,.80, Kemiringan (roll) : -2.28
2026-05-21 09:38:31,.80, Kemiringan (roll) : -2.28
2026-05-21 09:38:31,.80, Kemiringan (roll) : -2.28
2026-05-21 09:38:31,.80, Kemiringan (roll) : -2.28
2026-05-21 09:38:31,.80, Kemiringan (roll) : -2.28
2026-05-21 09:38:31,.80, Kemiringan (roll) : -2.28
2026-05-21 09:38:31,.80, Kemiringan (roll) : -2.28
2026-05-21 09:38:31,.80, Kemiringan (roll) : -2.28
2026-05-21 09:38:31,.80, Kemiringan (roll) : -2.28
2026-05-21 09:38:31,.80, Kemiringan (roll) : -2.28
2026-05-21 09:38:31,.80, Kemiringan (roll) : -2.28
2026-05-21 09:38:31,.80, Kemiringan (roll) : -2.28
2026-05-21 09:38:31,.80, Kemiringan (roll) : -2.28
2026-05-21 09:38:31,.80, Kemiringan (roll) : -2.28
2026-05-21 09:38:31,.80, Kemiringan (roll) : -2.28
2026-05-21 09:38:31,.80, Kemiringan (roll) : -2.28
2026-05-21 09:38:31,.80, Kemiringan (roll) : -2.28
2026-05-21 09:38:31,.80, Kemiringan (roll) : -2.28
2026-05-21 09:38:31,.80, Kemiringan (roll) : -2.28
2026-05-21 09:38:31,.80, Kemiringan (roll) : -2.28
2026-05-21 09:38:31,.80, Kemiringan (roll) : -2.28
2026-05-21 09:38:31,.80, Kemiringan (roll) : -2.28
2026-05-21 09:38:31,.80, Kemiringan (roll) : -2.28
2026-05-21 09:38:31,.80, Kemiringan (roll) : -2.28
2026-05-21 09:38:31,.80, Kemiringan (roll) : -2.28
2026-05-21 09:38:31,.80, Kemiringan (roll) : -2.28
2026-05-21 09:38:31,.80, Kemiringan (roll) : -2.28
2026-05-21 09:38:31,.80, Kemiringan (roll) : -2.28
2026-05-21 09:38:31,.80, Kemiringan (roll) : -2.28
2026-05-21 09:38:31,.80, Kemiringan (roll) : -2.28
2026-05-21 09:38:31,.80, Kemiringan (roll) : -2.28
2026-05-21 09:38:31,.80, Kemiringan (roll) : -2.28
2026-05-21 09:38:31,.80, Kemiringan (roll) : -2.28
2026-05-21 09:38:31,.80, Kemiringan (roll) : -2.28
2026-05-21 09:38:31,.80, Kemiringan (roll) : -2.28
2026-05-21 09:38:31,.80, Kemiringan (roll) : -2.28
2026-05-21 09:38:31,.80, Kemiringan (roll) : -2.28
2026-05-21 09:38:31,.80, Kemiringan (roll) : -2.28
2026-05-21 09:38:31,.80, Kemiringan (roll) : -2.28
2026-05-21 09:38:31,.80, Kemiringan (roll) : -2.28
2026-05-21 09:38:31,.80, Kemiringan (roll) : -2.28
2026-05-21 09:38:31,.80, Kemiringan (roll) : -2.28
2026-05-21 09:38:31,.80, Kemiringan (roll) : -2.28
2026-05-21 09:38:31,.80, Kemiringan (roll) : -2.28
2026-05-21 09:38:31,.80, Kemiringan (roll) : -2.28
2026-05-21 09:38:31,.80, Kemiringan (roll) : -2.28
2026-05-21 09:38:31,.80, Kemiringan (roll) : -2.28
2026-05-21 09:38:31,.80, Kemiringan (roll) : -2.28
2026-05-21 09:38:31,.80, Kemiringan (roll) : -2.28
2026-05-21 09:38:31,.80, Kemiringan (roll) : -2.28
2026-05-21 09:38:31,.80, Kemiringan (roll) : -2.28
2026-05-21 09:38:31,.80, Kemiringan (roll) : -2.28
2026-05-21 09:38:31,.80, Kemiringan (roll) : -2.28
2026-05-21 09:38:31,.80, Kemiringan (roll) : -2.28
2026-05-21 09:38:31,.80, Kemiringan (roll) : -2.28
2026-05-21 09:38:31,.80, Kemiringan (roll) : -2.28
2026-05-21 09:38:31,.80, Kemiringan (roll) : -2.28
2026-05-21 09:38:31,.80, Kemiringan (roll) : -2.28
2026-05-21 09:38:31,.80, Kemiringan (roll) : -2.28
2026-05-21 09:38:31,.80, Kemiringan (roll) : -2.28
2026-05-21 09:38:31,.80, Kemiringan (roll) : -2.28
2026-05-21 09:38:31,.80, Kemiringan (roll) : -2.28
2026-05-21 09:38:31,.80, Kemiringan (roll) : -2.28
2026-05-21 09:38:31,.80, Kemiringan (roll) : -2.28
2026-05-21 09:38:31,.80, Kemiringan (roll) : -2.28
2026-05-21 09:38:31,.80, Kemiringan (roll) : -2.28
2026-05-21 09:38:31,.80, Kemiringan (roll) : -2.28
2026-05-21 09:38:31,.80, Kemiringan (roll) : -2.28
2026-05-21 09:38:31,.80, Kemiringan (roll) : -2.28
2026-05-21 09:38:31,.80, Kemiringan (roll) : -2.28
2026-05-21 09:38:31,.80, Kemiringan (roll) : -2.28
2026-05-21 09:38:31,.80, Kemiringan (roll) : -2.28
2026-05-21 09:38:31,.80, Kemiringan (roll) : -2.28
2026-05-21 09:38:31,.80, Kemiringan (roll) : -2.28
2026-05-21 09:38:31,.80, Kemiringan (roll) : -2.28
2026-05-21 09:38:31,.80, Kemiringan (roll) : -2.28
2026-05-21 09:38:31,.80, Kemiringan (roll) : -2.28
2026-05-21 09:38:31,.80, Kemiringan (roll) : -2.28
2026-05-21 09:38:31,.80, Kemiringan (roll) : -2.28
2026-05-21 09:38:31,.80, Kemiringan (roll) : -2.28
2026-05-21 09:38:31,.80, Kemiringan (roll) : -2.28
2026-05-21 09:38:31,.80, Kemiringan (roll) : -2.28
2026-05-21 09:38:31,.80, Kemiringan (roll) : -2.28
2026-05-21 09:38:31,.80, Kemiringan (roll) : -2.28
2026-05-21 09:38:31,.80, Kemiringan (roll) : -2.28
2026-05-21 09:38:31,.80, Kemiringan (roll) : -2.28
2026-05-21 09:38:31,.80, Kemiringan (roll) : -2.28
2026-05-21 09:38:31,.80, Kemiringan (roll) : -2.28
2026-05-21 09:38:31,.80, Kemiringan (roll) : -2.28
2026-05-21 09:38:31,.80, Kemiringan (roll) : -2.28
2026-05-21 09:38:31,.80, Kemiringan (roll) : -2.28
2026-05-21 09:38:31,.80, Kemiringan (roll) : -2.28
2026-05-21 09:38:31,.80, Kemiringan (roll) : -2.28
2026-05-21 09:38:31,.80, Kemiringan (roll) : -2.28
2026-05-21 09:38:31,.80, Kemiringan (roll) : -2.28
2026-05-21 09:38:31,.80, Kemiringan (roll) : -2.28
2026-05-21 09:38:31,.80, Kemiringan (roll) : -2.28
2026-05-21 09:38:31,.80, Kemiringan (roll) : -2.28
2026-05-21 09:38:31,.80, Kemiringan (roll) : -2.28
2026-05-21 09:38:31,.80, Kemiringan (roll) : -2.28
2026-05-21 09:38:31,.80, Kemiringan (roll) : -2.28
2026-05-21 09:38:31,.80, Kemiringan (roll) : -2.28
2026-05-21 09:38:31,.80, Kemiringan (roll) : -2.28
2026-05-21 09:38:31,.80, Kemiringan (roll) : -2.28
2026-05-21 09:38:31,.80, Kemiringan (roll) : -2.28
2026-05-21 09:38:31,.80, Kemiringan (roll) : -2.28
2026-05-21 09:38:31,.80, Kemiringan (roll) : -2.28
2026-05-21 09:38:31,.80, Kemiringan (roll) : -2.28
2026-05-21 09:38:31,.80, Kemiringan (roll) : -2.28
2026-05-21 09:38:31,.80, Kemiringan (roll) : -2.28
2026-05-21 09:38:31,.80, Kemiringan (roll) : -2.28
2026-05-21 09:38:31,.80, Kemiringan (roll) : -2.28
2026-05-21 09:38:31,.80, Kemiringan (roll) : -2.28
2026-05-21 09:38:31,.80, Kemiringan (roll) : -2.28
2026-05-21 09:38:31,.80, Kemiringan (roll) : -2.28
2026-05-21 09:38:31,.80, Kemiringan (roll) : -2.28
2026-05-21 09:38:31,.80, Kemiringan (roll) : -2.28
2026-05-21 09:38:31,.80, Kemiringan (roll) : -2.28
2026-05-21 09:38:31,.80, Kemiringan (roll) : -2.28
2026-05-21 09:38:31,.80, Kemiringan (roll) : -2.28
2026-05-21 09:38:31,.80, Kemiringan (roll) : -2.28
2026-05-21 09:38:31,.80, Kemiringan (roll) : -2.28
2026-05-21 09:38:31,.80, Kemiringan (roll) : -2.28
2026-05-21 09:38:31,.80, Kemiringan (roll) : -2.28
2026-05-21 09:38:31,.80, Kemiringan (roll) : -2.28
2026-05-21 09:38:31,.80, Kemiringan (roll) : -2.28
2026-05-21 09:38:31,.80, Kemiringan (roll) : -2.28
2026-05-21 09:38:31,.80, Kemiringan (roll) : -2.28
2026-05-21 09:38:31,.80, Kemiringan (roll) : -2.28
2026-05-21 09:38:31,.80, Kemiringan (roll) : -2.28
2026-05-21 09:38:31,.80, Kemiringan (roll) : -2.28
2026-05-21 09:38:31,.80, Kemiringan (roll) : -2.28
2026-05-21 09:38:31,.80, Kemiringan (roll) : -2.28
2026-05-21 09:38:31,.80, Kemiringan (roll) : -2.28
2026-05-21 09:38:31,.80, Kemiringan (roll) : -2.28
2026-05-21 09:38:31,.80, Kemiringan (roll) : -2.28
2026-05-21 09:38:31,.80, Kemiringan (roll) : -2.28
2026-05-21 09:38:31,.80, Kemiringan (roll) : -2.28
2026-05-21 09:38:31,.80, Kemiringan (roll) : -2.28
2026-05-21 09:38:31,.80, Kemiringan (roll) : -2.28
2026-05-21 09:38:31,.80, Kemiringan (roll) : -2.28
2026-05-21 09:38:31,.80, Kemiringan (roll) : -2.28
2026-05-21 09:38:31,.80, Kemiringan (roll) : -2.28
2026-05-21 09:38:31,.80, Kemiringan (roll) : -2.28
2026-05-21 09:38:31,.80, Kemiringan (roll) : -2.28
2026-05-21 09:38:31,.80, Kemiringan (roll) : -2.28
2026-05-21 09:38:31,.80, Kemiringan (roll) : -2.28
2026-05-21 09:38:31,.80, Kemiringan (roll) : -2.28
2026-05-21 09:38:31,.80, Kemiringan (roll) : -2.28
2026-05-21 09:38:31,.80, Kemiringan (roll) : -2.28
2026-05-21 09:38:31,.80, Kemiringan (roll) : -2.28
2026-05-21 09:38:31,.80, Kemiringan (roll) : -2.28
2026-05-21 09:38:31,.80, Kemiringan (roll) : -2.28
2026-05-21 09:38:31,.80, Kemiringan (roll) : -2.28
2026-05-21 09:38:31,.80, Kemiringan (roll) : -2.28
2026-05-21 09:38:31,.80, Kemiringan (roll) : -2.28
2026-05-21 09:38:31,.80, Kemiringan (roll) : -2.28
2026-05-21 09:38:31,.80, Kemiringan (roll) : -2.28
2026-05-21 09:38:31,.80, Kemiringan (roll) : -2.28
2026-05-21 09:38:31,.80, Kemiringan (roll) : -2.28
2026-05-21 09:38:31,.80, Kemiringan (roll) : -2.28
2026-05-21 09:38:31,.80, Kemiringan (roll) : -2.28
2026-05-21 09:38:31,.80, Kemiringan (roll) : -2.28
2026-05-21 09:38:31,.80, Kemiringan (roll) : -2.28
2026-05-21 09:38:31,.80, Kemiringan (roll) : -2.28
2026-05-21 09:38:31,.80, Kemiringan (roll) : -2.28
2026-05-21 09:38:31,.80, Kemiringan (roll) : -2.28
2026-05-21 09:38:31,.80, Kemiringan (roll) : -2.28
2026-05-21 09:38:31,.80, Kemiringan (roll) : -2.28
2026-05-21 09:38:31,.80, Kemiringan (roll) : -2.28
2026-05-21 09:38:31,.80, Kemiringan (roll) : -2.28
2026-05-21 09:38:31,.80, Kemiringan (roll) : -2.28
2026-05-21 09:38:31,.80, Kemiringan (roll) : -2.28
2026-05-21 09:38:31,.80, Kemiringan (roll) : -2.28
2026-05-21 09:38:31,.80, Kemiringan (roll) : -2.28
2026-05-21 09:38:31,.80, Kemiringan (roll) : -2.28
2026-05-21 09:38:31,.80, Kemiringan (roll) : -2.28
2026-05-21 09:38:31,.80, Kemiringan (roll) : -2.28
2026-05-21 09:38:31,.80, Kemiringan (roll) : -2.28
2026-05-21 09:38:31,.80, Kemiringan (roll) : -2.28
2026-05-21 09:38:31,.80, Kemiringan (roll) : -2.28
2026-05-21 09:38:31,.80, Kemiringan (roll) : -2.28
2026-05-21 09:38:31,.80, Kemiringan (roll) : -2.28
2026-05-21 09:38:31,.80, Kemiringan (roll) : -2.28
2026-05-21 09:38:31,.80, Kemiringan (roll) : -2.28
2026-05-21 09:38:31,.80, Kemiringan (roll) : -2.28
2026-05-21 09:38:31,.80, Kemiringan (roll) : -2.28
2026-05-21 09:38:31,.80, Kemiringan (roll) : -2.28
2026-05-21 09:38:31,.80, Kemiringan (roll) : -2.28
2026-05-21 09:38:31,.80, Kemiringan (roll) : -2.28
2026-05-21 09:38:31,.80, Kemiringan (roll) : -2.28
2026-05-21 09:38:31,.80, Kemiringan (roll) : -2.28
2026-05-21 09:38:31,.80, Kemiringan (roll) : -2.28
2026-05-21 09:38:31,.80, Kemiringan (roll) : -2.28
2026-05-21 09:38:31,.80, Kemiringan (roll) : -2.28
2026-05-21 09:38:31,.80, Kemiringan (roll) : -2.28
2026-05-21 09:38:31,.80, Kemiringan (roll) : -2.28
2026-05-21 09:38:31,.80, Kemiringan (roll) : -2.28
2026-05-21 09:38:31,.80, Kemiringan (roll) : -2.28
2026-05-21 09:38:31,.80, Kemiringan (roll) : -2.28
2026-05-21 09:38:31,.80, Kemiringan (roll) : -2.28
2026-05-21 09:38:31,.80, Kemiringan (roll) : -2.28
2026-05-21 09:38:31,.80, Kemiringan (roll) : -2.28
2026-05-21 09:38:31,.80, Kemiringan (roll) : -2.28
2026-05-21 09:38:31,.80, Kemiringan (roll) : -2.28
2026-05-21 09:38:31,.80, Kemiringan (roll) : -2.28
2026-05-21 09:38:31,.80, Kemiringan (roll) : -2.28
2026-05-21 09:38:31,.80, Kemiringan (roll) : -2.28
2026-05-21 09:38:31,.80, Kemiringan (roll) : -2.28
2026-05-21 09:38:31,.80, Kemiringan (roll) : -2.28
2026-05-21 09:38:31,.80, Kemiringan (roll) : -2.28
2026-05-21 09:38:31,.80, Kemiringan (roll) : -2.28
2026-05-21 09:38:31,.80, Kemiringan (roll) : -2.28
2026-05-21 09:38:31,.80, Kemiringan (roll) : -2.28
2026-05-21 09:38:31,.80, Kemiringan (roll) : -2.28
2026-05-21 09:38:31,.80, Kemiringan (roll) : -2.28
2026-05-21 09:38:31,.80, Kemiringan (roll) : -2.28
2026-05-21 09:38:31,.80, Kemiringan (roll) : -2.28
2026-05-21 09:38:31,.80, Kemiringan (roll) : -2.28
2026-05-21 09:38:31,.80, Kemiringan (roll) : -2.28
2026-05-21 09:38:31,.80, Kemiringan (roll) : -2.28
2026-05-21 09:38:31,.80, Kemiringan (roll) : -2.28
2026-05-21 09:38:31,.80, Kemiringan (roll) : -2.28
2026-05-21 09:38:31,.80, Kemiringan (roll) : -2.28
2026-05-21 09:38:31,.80, Kemiringan (roll) : -2.28
2026-05-21 09:38:31,.80, Kemiringan (roll) : -2.28
2026-05-21 09:38:31,.80, Kemiringan (roll) : -2.28
2026-05-21 09:38:31,.80, Kemiringan (roll) : -2.28
2026-05-21 09:38:31,.80, Kemiringan (roll) : -2.28
2026-05-21 09:38:31,.80, Kemiringan (roll) : -2.28
2026-05-21 09:38:31,.80, Kemiringan (roll) : -2.28
2026-05-21 09:38:31,.80, Kemiringan (roll) : -2.28
2026-05-21 09:38:31,.80, Kemiringan (roll) : -2.28
2026-05-21 09:38:31,.80, Kemiringan (roll) : -2.28
2026-05-21 09:38:31,.80, Kemiringan (roll) : -2.28
2026-05-21 09:38:31,.80, Kemiringan (roll) : -2.28
2026-05-21 09:38:31,.80, Kemiringan (roll) : -2.28
2026-05-21 09:38:31,.80, Kemiringan (roll) : -2.28
2026-05-21 09:38:31,.80, Kemiringan (roll) : -2.28
2026-05-21 09:38:31,.80, Kemiringan (roll) : -2.28
2026-05-21 09:38:31,.80, Kemiringan (roll) : -2.28
2026-05-21 09:38:31,.80, Kemiringan (roll) : -2.28
2026-05-21 09:38:31,.80, Kemiringan (roll) : -2.28
2026-05-21 09:38:31,.80, Kemiringan (roll) : -2.28
2026-05-21 09:38:31,.80, Kemiringan (roll) : -2.28
2026-05-21 09:38:31,.80, Kemiringan (roll) : -2.28
2026-05-21 09:38:31,.80, Kemiringan (roll) : -2.28
2026-05-21 09:38:31,.80, Kemiringan (roll) : -2.28
2026-05-21 09:38:31,.80, Kemiringan (roll) : -2.28
2026-05-21 09:38:31,.80, Kemiringan (roll) : -2.28
2026-05-21 09:38:31,.80, Kemiringan (roll) : -2.28
2026-05-21 09:38:31,.80, Kemiringan (roll) : -2.28
2026-05-21 09:38:31,.80, Kemiringan (roll) : -2.28
2026-05-21 09:38:31,.80, Kemiringan (roll) : -2.28
2026-05-21 09:38:31,.80, Kemiringan (roll) : -2.28
2026-05-21 09:38:31,.80, Kemiringan (roll) : -2.28
2026-05-21 09:38:31,.80, Kemiringan (roll) : -2.28
2026-05-21 09:38:31,.80, Kemiringan (roll) : -2.28
2026-05-21 09:38:31,.80, Kemiringan (roll) : -2.28
2026-05-21 09:38:31,.80, Kemiringan (roll) : -2.28
2026-05-21 09:38:31,.80, Kemiringan (roll) : -2.28
2026-05-21 09:38:31,.80, Kemiringan (roll) : -2.28
2026-05-21 09:38:31,.80, Kemiringan (roll) : -2.28
2026-05-21 09:38:31,.80, Kemiringan (roll) : -2.28
2026-05-21 09:38:31,.80, Kemiringan (roll) : -2.28
2026-05-21 09:38:31,.80, Kemiringan (roll) : -2.28
2026-05-21 09:38:31,.80, Kemiringan (roll) : -2.28
2026-05-21 09:38:31,.80, Kemiringan (roll) : -2.28
2026-05-21 09:38:31,.80, Kemiringan (roll) : -2.28
2026-05-21 09:38:31,.80, Kemiringan (roll) : -2.28
2026-05-21 09:38:31,.80, Kemiringan (roll) : -2.28
2026-05-21 09:38:31,.80, Kemiringan (roll) : -2.28
2026-05-21 09:38:31,.80, Kemiringan (roll) : -2.28
2026-05-21 09:38:31,.80, Kemiringan (roll) : -2.28
2026-05-21 09:38:31,.80, Kemiringan (roll) : -2.28
2026-05-21 09:38:31,.80, Kemiringan (roll) : -2.28
2026-05-21 09:38:31,.80, Kemiringan (roll) : -2.28
2026-05-21 09:38:31,.80, Kemiringan (roll) : -2.28
2026-05-21 09:38:31,.80, Kemiringan (roll) : -2.28
2026-05-21 09:38:31,.80, Kemiringan (roll) : -2.28
2026-05-21 09:38:31,.80, Kemiringan (roll) : -2.28
2026-05-21 09:38:31,.80, Kemiringan (roll) : -2.28
2026-05-21 09:38:31,.80, Kemiringan (roll) : -2.28
2026-05-21 09:38:31,.80, Kemiringan (roll) : -2.28
2026-05-21 09:38:31,.80, Kemiringan (roll) : -2.28
2026-05-21 09:38:31,.80, Kemiringan (roll) : -2.28
2026-05-21 09:38:31,.80, Kemiringan (roll) : -2.28
2026-05-21 09:38:31,.80, Kemiringan (roll) : -2.28
2026-05-21 09:38:31,.80, Kemiringan (roll) : -2.28
2026-05-21 09:38:31,.80, Kemiringan (roll) : -2.28
2026-05-21 09:38:31,.80, Kemiringan (roll) : -2.28
2026-05-21 09:38:31,.80, Kemiringan (roll) : -2.28
2026-05-21 09:38:31,.80, Kemiringan (roll) : -2.28
2026-05-21 09:38:31,.80, Kemiringan (roll) : -2.28
2026-05-21 09:38:31,.80, Kemiringan (roll) : -2.28
2026-05-21 09:38:31,.80, Kemiringan (roll) : -2.28
2026-05-21 09:38:31,.80, Kemiringan (roll) : -2.28
2026-05-21 09:38:31,.80, Kemiringan (roll) : -2.28
2026-05-21 09:38:31,.80, Kemiringan (roll) : -2.28
2026-05-21 09:38:31,.80, Kemiringan (roll) : -2.28
2026-05-21 09:38:31,.80, Kemiringan (roll) : -2.28
2026-05-21 09:38:31,.80, Kemiringan (roll) : -2.28
2026-05-21 09:38:31,.80, Kemiringan (roll) : -2.28
2026-05-21 09:38:31,.80, Kemiringan (roll) : -2.28
2026-05-21 09:38:31,.80, Kemiringan (roll) : -2.28
2026-05-21 09:38:31,.80, Kemiringan (roll) : -2.28
2026-05-21 09:38:31,.80, Kemiringan (roll) : -2.28
2026-05-21 09:38:31,.80, Kemiringan (roll) : -2.28
2026-05-21 09:38:31,.80, Kemiringan (roll) : -2.28
2026-05-21 09:38:31,.80, Kemiringan (roll) : -2.28
2026-05-21 09:38:31,.80, Kemiringan (roll) : -2.28
2026-05-21 09:38:31,.80, Kemiringan (roll) : -2.28
2026-05-21 09:38:31,.80, Kemiringan (roll) : -2.28
2026-05-21 09:38:31,.80, Kemiringan (roll) : -2.28
2026-05-21 09:38:31,.80, Kemiringan (roll) : -2.28
2026-05-21 09:38:31,.80, Kemiringan (roll) : -2.28
2026-05-21 09:38:31,.80, Kemiringan (roll) : -2.28
2026-05-21 09:38:31,.80, Kemiringan (roll) : -2.28
2026-05-21 09:38:31,.80, Kemiringan (roll) : -2.28
2026-05-21 09:38:31,.80, Kemiringan (roll) : -2.28
2026-05-21 09:38:31,.80, Kemiringan (roll) : -2.28
2026-05-21 09:38:31,.80, Kemiringan (roll) : -2.28
2026-05-21 09:38:31,.80, Kemiringan (roll) : -2.28
2026-05-21 09:38:31,.80, Kemiringan (roll) : -2.28
2026-05-21 09:38:31,.80, Kemiringan (roll) : -2.28
2026-05-21 09:38:31,.80, Kemiringan (roll) : -2.28
2026-05-21 09:38:31,.80, Kemiringan (roll) : -2.28
2026-05-21 09:38:31,.80, Kemiringan (roll) : -2.28
2026-05-21 09:38:31,.80, Kemiringan (roll) : -2.28
2026-05-21 09:38:31,.80, Kemiringan (roll) : -2.28
2026-05-21 09:38:31,.80, Kemiringan (roll) : -2.28
2026-05-21 09:38:31,.80, Kemiringan (roll) : -2.28
2026-05-21 09:38:31,.80, Kemiringan (roll) : -2.28
2026-05-21 09:38:31,.80, Kemiringan (roll) : -2.28
2026-05-21 09:38:31,.80, Kemiringan (roll) : -2.28
2026-05-21 09:38:31,.80, Kemiringan (roll) : -2.28
2026-05-21 09:38:31,.80, Kemiringan (roll) : -2.28
2026-05-21 09:38:31,.80, Kemiringan (roll) : -2.28
2026-05-21 09:38:31,.80, Kemiringan (roll) : -2.28
2026-05-21 09:38:31,.80, Kemiringan (roll) : -2.28
2026-05-21 09:38:31,.80, Kemiringan (roll) : -2.28
2026-05-21 09:38:31,.80, Kemiringan (roll) : -2.28
2026-05-21 09:38:31,.80, Kemiringan (roll) : -2.28
2026-05-21 09:38:31,.80, Kemiringan (roll) : -2.28
2026-05-21 09:38:31,.80, Kemiringan (roll) : -2.28
2026-05-21 09:38:31,.80, Kemiringan (roll) : -2.28
2026-05-21 09:38:31,.80, Kemiringan (roll) : -2.28
2026-05-21 09:38:31,.80, Kemiringan (roll) : -2.28
2026-05-21 09:38:31,.80, Kemiringan (roll) : -2.28
2026-05-21 09:38:31,.80, Kemiringan (roll) : -2.28
2026-05-21 09:38:31,.80, Kemiringan (roll) : -2.28
2026-05-21 09:38:31,.80, Kemiringan (roll) : -2.28
2026-05-21 09:38:31,.80, Kemiringan (roll) : -2.28
2026-05-21 09:38:31,.80, Kemiringan (roll) : -2.28
2026-05-21 09:38:31,.80, Kemiringan (roll) : -2.28
2026-05-21 09:38:31,.80, Kemiringan (roll) : -2.28
2026-05-21 09:38:31,.80, Kemiringan (roll) : -2.28
2026-05-21 09:38:31,.80, Kemiringan (roll) : -2.28
2026-05-21 09:38:31,.80, Kemiringan (roll) : -2.28
2026-05-21 09:38:31,.80, Kemiringan (roll) : -2.28
2026-05-21 09:38:31,.80, Kemiringan (roll) : -2.28
2026-05-21 09:38:31,.80, Kemiringan (roll) : -2.28
2026-05-21 09:38:31,.80, Kemiringan (roll) : -2.28
2026-05-21 09:38:31,.80, Kemiringan (roll) : -2.28
2026-05-21 09:38:31,.80, Kemiringan (roll) : -2.28
2026-05-21 09:38:31,.80, Kemiringan (roll) : -2.28
2026-05-21 09:38:31,.80, Kemiringan (roll) : -2.28
2026-05-21 09:38:31,.80, Kemiringan (roll) : -2.28
2026-05-21 09:38:31,.80, Kemiringan (roll) : -2.28
2026-05-21 09:38:31,.80, Kemiringan (roll) : -2.28
2026-05-21 09:38:31,.80, Kemiringan (roll) : -2.28
2026-05-21 09:38:31,.80, Kemiringan (roll) : -2.28
2026-05-21 09:38:31,.80, Kemiringan (roll) : -2.28
2026-05-21 09:38:31,.80, Kemiringan (roll) : -2.28
2026-05-21 09:38:31,.80, Kemiringan (roll) : -2.28
2026-05-21 09:38:31,.80, Kemiringan (roll) : -2.28
2026-05-21 09:38:31,.80, Kemiringan (roll) : -2.28
2026-05-21 09:38:31,.80, Kemiringan (roll) : -2.28
2026-05-21 09:38:31,.80, Kemiringan (roll) : -2.28
2026-05-21 09:38:31,.80, Kemiringan (roll) : -2.28
2026-05-21 09:38:31,.80, Kemiringan (roll) : -2.28
2026-05-21 09:38:31,.80, Kemiringan (roll) : -2.28
2026-05-21 09:38:31,.80, Kemiringan (roll) : -2.28
2026-05-21 09:38:31,.80, Kemiringan (roll) : -2.28
2026-05-21 09:38:31,.80, Kemiringan (roll) : -2.28
2026-05-21 09:38:31,.80, Kemiringan (roll) : -2.28
2026-05-21 09:38:31,.80, Kemiringan (roll) : -2.28
2026-05-21 09:38:31,.80, Kemiringan (roll) : -2.28
2026-05-21 09:38:31,.80, Kemiringan (roll) : -2.28
2026-05-21 09:38:31,.80, Kemiringan (roll) : -2.28
2026-05-21 09:38:31,.80, Kemiringan (roll) : -2.28
2026-05-21 09:38:31,.80, Kemiringan (roll) : -2.28
2026-05-21 09:38:31,.80, Kemiringan (roll) : -2.28
2026-05-21 09:38:31,.80, Kemiringan (roll) : -2.28
2026-05-21 09:38:31,.80, Kemiringan (roll) : -2.28
2026-05-21 09:38:31,.80, Kemiringan (roll) : -2.28
2026-05-21 09:38:31,.80, Kemiringan (roll) : -2.28
2026-05-21 09:38:31,.80, Kemiringan (roll) : -2.28
2026-05-21 09:38:31,.80, Kemiringan (roll) : -2.28
2026-05-21 09:38:31,.80, Kemiringan (roll) : -2.28
2026-05-21 09:38:31,.80, Kemiringan (roll) : -2.28
2026-05-21 09:38:31,.80, Kemiringan (roll) : -2.28
2026-05-21 09:38:31,.80, Kemiringan (roll) : -2.28
2026-05-21 09:38:31,.80, Kemiringan (roll) : -2.28
2026-05-21 09:38:31,.80, Kemiringan (roll) : -2.28
2026-05-21 09:38:31,.80, Kemiringan (roll) : -2.28
2026-05-21 09:38:31,.80, Kemiringan (roll) : -2.28
2026-05-21 09:38:31,.80, Kemiringan (roll) : -2.28
2026-05-21 09:38:31,.80, Kemiringan (roll) : -2.28
2026-05-21 09:38:31,.80, Kemiringan (roll) : -2.28
2026-05-21 09:38:31,.80, Kemiringan (roll) : -2.28
2026-05-21 09:38:31,.80, Kemiringan (roll) : -2.28
2026-05-21 09:38:31,.80, Kemiringan (roll) : -2.28
2026-05-21 09:38:31,.80, Kemiringan (roll) : -2.28
2026-05-21 09:38:31,.80, Kemiringan (roll) : -2.28
2026-05-21 09:38:31,.80, Kemiringan (roll) : -2.28
2026-05-21 09:38:31,.80, Kemiringan (roll) : -2.28
2026-05-21 09:38:31,.80, Kemiringan (roll) : -2.28
2026-05-21 09:38:31,.80, Kemiringan (roll) : -2.28
2026-05-21 09:38:31,.80, Kemiringan (roll) : -2.28
2026-05-21 09:38:31,.80, Kemiringan (roll) : -2.28
2026-05-21 09:38:31,.80, Kemiringan (roll) : -2.28
2026-05-21 09:38:31,.80, Kemiringan (roll) : -2.28
2026-05-21 09:38:31,.80, Kemiringan (roll) : -2.28
2026-05-21 09:38:31,.80, Kemiringan (roll) : -2.28
2026-05-21 09:38:31,.80, Kemiringan (roll) : -2.28
2026-05-21 09:38:31,.80, Kemiringan (roll) : -2.28
2026-05-21 09:38:31,.80, Kemiringan (roll) : -2.28
2026-05-21 09:38:31,.80, Kemiringan (roll) : -2.28
2026-05-21 09:38:31,.80, Kemiringan (roll) : -2.28
2026-05-21 09:38:31,.80, Kemiringan (roll) : -2.28
2026-05-21 09:38:31,.80, Kemiringan (roll) : -2.28
2026-05-21 09:38:31,.80, Kemiringan (roll) : -2.28
2026-05-21 09:38:31,.80, Kemiringan (roll) : -2.28
2026-05-21 09:38:31,.80, Kemiringan (roll) : -2.28
2026-05-21 09:38:31,.80, Kemiringan (roll) : -2.28
2026-05-21 09:38:31,.80, Kemiringan (roll) : -2.28
2026-05-21 09:38:31,.80, Kemiringan (roll) : -2.28
2026-05-21 09:38:31,.80, Kemiringan (roll) : -2.28
2026-05-21 09:38:31,.80, Kemiringan (roll) : -2.28
2026-05-21 09:38:31,.80, Kemiringan (roll) : -2.28
2026-05-21 09:38:31,.80, Kemiringan (roll) : -2.28
2026-05-21 09:38:31,.80, Kemiringan (roll) : -2.28
2026-05-21 09:38:31,.80, Kemiringan (roll) : -2.28
2026-05-21 09:38:31,.80, Kemiringan (roll) : -2.28
2026-05-21 09:38:31,.80, Kemiringan (roll) : -2.28
2026-05-21 09:38:31,.80, Kemiringan (roll) : -2.28
2026-05-21 09:38:31,.80, Kemiringan (roll) : -2.28
2026-05-21 09:38:31,.80, Kemiringan (roll) : -2.28
2026-05-21 09:38:31,.80, Kemiringan (roll) : -2.28
2026-05-21 09:38:31,.80, Kemiringan (roll) : -2.28
2026-05-21 09:38:31,.80, Kemiringan (roll) : -2.28
2026-05-21 09:38:31,.80, Kemiringan (roll) : -2.28
2026-05-21 09:38:31,.80, Kemiringan (roll) : -2.28
2026-05-21 09:38:31,.80, Kemiringan (roll) : -2.28
2026-05-21 09:38:31,.80, Kemiringan (roll) : -2.28
2026-05-21 09:38:31,.80, Kemiringan (roll) : -2.28
2026-05-21 09:38:31,.80, Kemiringan (roll) : -2.28
2026-05-21 09:38:31,.80, Kemiringan (roll) : -2.28
2026-05-21 09:38:31,.80, Kemiringan (roll) : -2.28
2026-05-21 09:38:31,.80, Kemiringan (roll) : -2.28
2026-05-21 09:38:31,.80, Kemiringan (roll) : -2.28
2026-05-21 09:38:31,.80, Kemiringan (roll) : -2.28
2026-05-21 09:38:31,.80, Kemiringan (roll) : -2.28
2026-05-21 09:38:31,.80, Kemiringan (roll) : -2.28
2026-05-21 09:38:31,.80, Kemiringan (roll) : -2.28
2026-05-21 09:38:31,.80, Kemiringan (roll) : -2.28
2026-05-21 09:38:31,.80, Kemiringan (roll) : -2.28
2026-05-21 09:38:31,.80, Kemiringan (roll) : -2.28
2026-05-21 09:38:31,.80, Kemiringan (roll) : -2.28
2026-05-21 09:38:31,.80, Kemiringan (roll) : -2.28
2026-05-21 09:38:31,.80, Kemiringan (roll) : -2.28
2026-05-21 09:38:31,.80, Kemiringan (roll) : -2.28
2026-05-21 09:38:31,.80, Kemiringan (roll) : -2.28
2026-05-21 09:38:31,.80, Kemiringan (roll) : -2.28
2026-05-21 09:38:31,.80, Kemiringan (roll) : -2.28
2026-05-21 09:38:31,.80, Kemiringan (roll) : -2.28
2026-05-21 09:38:31,.80, Kemiringan (roll) : -2.28
2026-05-21 09:38:31,.80, Kemiringan (roll) : -2.28
2026-05-21 09:38:31,.80, Kemiringan (roll) : -2.28
2026-05-21 09:38:31,.80, Kemiringan (roll) : -2.28
2026-05-21 09:38:31,.80, Kemiringan (roll) : -2.28
2026-05-21 09:38:31,.80, Kemiringan (roll) : -2.28
2026-05-21 09:38:31,.80, Kemiringan (roll) : -2.28
2026-05-21 09:38:31,.80, Kemiringan (roll) : -2.28
2026-05-21 09:38:31,.80, Kemiringan (roll) : -2.28
2026-05-21 09:38:31,.80, Kemiringan (roll) : -2.28
2026-05-21 09:38:31,.80, Kemiringan (roll) : -2.28
2026-05-21 09:38:31,.80, Kemiringan (roll) : -2.28
2026-05-21 09:38:31,.80, Kemiringan (roll) : -2.28
2026-05-21 09:38:31,.80, Kemiringan (roll) : -2.28
2026-05-21 09:38:31,.80, Kemiringan (roll) : -2.28
2026-05-21 09:38:31,.80, Kemiringan (roll) : -2.28
2026-05-21 09:38:31,.80, Kemiringan (roll) : -2.28
2026-05-21 09:38:31,.80, Kemiringan (roll) : -2.28
2026-05-21 09:38:31,.80, Kemiringan (roll) : -2.28
2026-05-21 09:38:31,.80, Kemiringan (roll) : -2.28
2026-05-21 09:38:31,.80, Kemiringan (roll) : -2.28
2026-05-21 09:38:31,.80, Kemiringan (roll) : -2.28
2026-05-21 09:38:31,.80, Kemiringan (roll) : -2.28
2026-05-21 09:38:31,.80, Kemiringan (roll) : -2.28
2026-05-21 09:38:31,.80, Kemiringan (roll) : -2.28
2026-05-21 09:38:31,.80, Kemiringan (roll) : -2.28
2026-05-21 09:38:31,.80, Kemiringan (roll) : -2.28
2026-05-21 09:38:31,.80, Kemiringan (roll) : -2.28
2026-05-21 09:38:31,.80, Kemiringan (roll) : -2.28
2026-05-21 09:38:31,.80, Kemiringan (roll) : -2.28
2026-05-21 09:38:31,.80, Kemiringan (roll) : -2.28
2026-05-21 09:38:31,.80, Kemiringan (roll) : -2.28
2026-05-21 09:38:31,.80, Kemiringan (roll) : -2.28
2026-05-21 09:38:31,.80, Kemiringan (roll) : -2.28
2026-05-21 09:38:31,.80, Kemiringan (roll) : -2.28
2026-05-21 09:38:31,.80, Kemiringan (roll) : -2.28
2026-05-21 09:38:31,.80, Kemiringan (roll) : -2.28
2026-05-21 09:38:31,.80, Kemiringan (roll) : -2.28
2026-05-21 09:38:31,.80, Kemiringan (roll) : -2.28
2026-05-21 09:38:31,.80, Kemiringan (roll) : -2.28
2026-05-21 09:38:31,.80, Kemiringan (roll) : -2.28
2026-05-21 09:38:31,.80, Kemiringan (roll) : -2.28
2026-05-21 09:38:31,.80, Kemiringan (roll) : -2.28
2026-05-21 09:38:31,.80, Kemiringan (roll) : -2.28
2026-05-21 09:38:31,.80, Kemiringan (roll) : -2.28
2026-05-21 09:38:31,.80, Kemiringan (roll) : -2.28
2026-05-21 09:38:31,.80, Kemiringan (roll) : -2.28
2026-05-21 09:38:31,.80, Kemiringan (roll) : -2.28
2026-05-21 09:38:31,.80, Kemiringan (roll) : -2.28
2026-05-21 09:38:31,.80, Kemiringan (roll) : -2.28
2026-05-21 09:38:31,.80, Kemiringan (roll) : -2.28
2026-05-21 09:38:31,.80, Kemiringan (roll) : -2.28
2026-05-21 09:38:31,.80, Kemiringan (roll) : -2.28
2026-05-21 09:38:31,.80, Kemiringan (roll) : -2.28
2026-05-21 09:38:31,.80, Kemiringan (roll) : -2.28
2026-05-21 09:38:31,.80, Kemiringan (roll) : -2.28
2026-05-21 09:38:31,.80, Kemiringan (roll) : -2.28
2026-05-21 09:38:31,.80, Kemiringan (roll) : -2.28
2026-05-21 09:38:31,.80, Kemiringan (roll) : -2.28
2026-05-21 09:38:31,.80, Kemiringan (roll) : -2.28
2026-05-21 09:38:31,.80, Kemiringan (roll) : -2.28
2026-05-21 09:38:31,.80, Kemiringan (roll) : -2.28
2026-05-21 09:38:31,.80, Kemiringan (roll) : -2.28
2026-05-21 09:38:31,.80, Kemiringan (roll) : -2.28
2026-05-21 09:38:31,.80, Kemiringan (roll) : -2.28
2026-05-21 09:38:31,.80, Kemiringan (roll) : -2.28
2026-05-21 09:38:31,.80, Kemiringan (roll) : -2.28
2026-05-21 09:38:31,.80, Kemiringan (roll) : -2.28
2026-05-21 09:38:31,.80, Kemiringan (roll) : -2.28
2026-05-21 09:38:31,.80, Kemiringan (roll) : -2.28
2026-05-21 09:38:31,.80, Kemiringan (roll) : -2.28
2026-05-21 09:38:31,.80, Kemiringan (roll) : -2.28
2026-05-21 09:38:31,.80, Kemiringan (roll) : -2.28
2026-05-21 09:38:31,.80, Kemiringan (roll) : -2.28
2026-05-21 09:38:31,.80, Kemiringan (roll) : -2.28
2026-05-21 09:38:31,.80, Kemiringan (roll) : -2.28
2026-05-21 09:38:31,.80, Kemiringan (roll) : -2.28
2026-05-21 09:38:31,.80, Kemiringan (roll) : -2.28
2026-05-21 09:38:31,.80, Kemiringan (roll) : -2.28
2026-05-21 09:38:31,.80, Kemiringan (roll) : -2.28
2026-05-21 09:38:31,.80, Kemiringan (roll) : -2.28
2026-05-21 09:38:31,.80, Kemiringan (roll) : -2.28
2026-05-21 09:38:31,.80, Kemiringan (roll) : -2.28
2026-05-21 09:38:31,.80, Kemiringan (roll) : -2.28
2026-05-21 09:38:31,.80, Kemiringan (roll) : -2.28
2026-05-21 09:38:31,.80, Kemiringan (roll) : -2.28
2026-05-21 09:38:31,.80, Kemiringan (roll) : -2.28
2026-05-21 09:38:31,.80, Kemiringan (roll) : -2.28
2026-05-21 09:38:31,.80, Kemiringan (roll) : -2.28
2026-05-21 09:38:31,.80, Kemiringan (roll) : -2.28
2026-05-21 09:38:31,.80, Kemiringan (roll) : -2.28
2026-05-21 09:38:31,.80, Kemiringan (roll) : -2.28
2026-05-21 09:38:31,.80, Kemiringan (roll) : -2.28
2026-05-21 09:38:31,.80, Kemiringan (roll) : -2.28
2026-05-21 09:38:31,.80, Kemiringan (roll) : -2.28
2026-05-21 09:38:31,.80, Kemiringan (roll) : -2.28
2026-05-21 09:38:31,.80, Kemiringan (roll) : -2.28
2026-05-21 09:38:31,.80, Kemiringan (roll) : -2.28
2026-05-21 09:38:31,.80, Kemiringan (roll) : -2.28
2026-05-21 09:38:31,.80, Kemiringan (roll) : -2.28
2026-05-21 09:38:31,.80, Kemiringan (roll) : -2.28
2026-05-21 09:38:31,.80, Kemiringan (roll) : -2.28
2026-05-21 09:38:31,.80, Kemiringan (roll) : -2.28
2026-05-21 09:38:31,.80, Kemiringan (roll) : -2.28
2026-05-21 09:38:31,.80, Kemiringan (roll) : -2.28
2026-05-21 09:38:31,.80, Kemiringan (roll) : -2.28
2026-05-21 09:38:31,.80, Kemiringan (roll) : -2.28
2026-05-21 09:38:31,.80, Kemiringan (roll) : -2.28
2026-05-21 09:38:31,.80, Kemiringan (roll) : -2.28
2026-05-21 09:38:31,.80, Kemiringan (roll) : -2.28
2026-05-21 09:38:31,.80, Kemiringan (roll) : -2.28
2026-05-21 09:38:31,.80, Kemiringan (roll) : -2.28
2026-05-21 09:38:31,.80, Kemiringan (roll) : -2.28
2026-05-21 09:38:31,.80, Kemiringan (roll) : -2.28
2026-05-21 09:38:31,.80, Kemiringan (roll) : -2.28
2026-05-21 09:38:31,.80, Kemiringan (roll) : -2.28
2026-05-21 09:38:31,.80, Kemiringan (roll) : -2.28
2026-05-21 09:38:31,.80, Kemiringan (roll) : -2.28
2026-05-21 09:38:31,.80, Kemiringan (roll) : -2.28
2026-05-21 09:38:31,.80, Kemiringan (roll) : -2.28
2026-05-21 09:38:31,.80, Kemiringan (roll) : -2.28
2026-05-21 09:38:31,.80, Kemiringan (roll) : -2.28
2026-05-21 09:38:31,.80, Kemiringan (roll) : -2.28
2026-05-21 09:38:31,.80, Kemiringan (roll) : -2.28
2026-05-21 09:38:31,.80, Kemiringan (roll) : -2.28
2026-05-21 09:38:31,.80, Kemiringan (roll) : -2.28
2026-05-21 09:38:31,.80, Kemiringan (roll) : -2.28
2026-05-21 09:38:31,.80, Kemiringan (roll) : -2.28
2026-05-21 09:38:31,.80, Kemiringan (roll) : -2.28
2026-05-21 09:38:31,.80, Kemiringan (roll) : -2.28
2026-05-21 09:38:31,.80, Kemiringan (roll) : -2.28
2026-05-21 09:38:31,.80, Kemiringan (roll) : -2.28
2026-05-21 09:38:31,.80, Kemiringan (roll) : -2.28
2026-05-21 09:38:31,.80, Kemiringan (roll) : -2.28
2026-05-21 09:38:31,.80, Kemiringan (roll) : -2.28
2026-05-21 09:38:31,.80, Kemiringan (roll) : -2.28
2026-05-21 09:38:31,.80, Kemiringan (roll) : -2.28
2026-05-21 09:38:31,.80, Kemiringan (roll) : -2.28
2026-05-21 09:38:31,.80, Kemiringan (roll) : -2.28
2026-05-21 09:38:31,.80, Kemiringan (roll) : -2.28
2026-05-21 09:38:31,.80, Kemiringan (roll) : -2.28
2026-05-21 09:38:31,.80, Kemiringan (roll) : -2.28
2026-05-21 09:38:31,.80, Kemiringan (roll) : -2.28
2026-05-21 09:38:31,.80, Kemiringan (roll) : -2.28
2026-05-21 09:38:31,.80, Kemiringan (roll) : -2.28
2026-05-21 09:38:31,.80, Kemiringan (roll) : -2.28
2026-05-21 09:38:31,.80, Kemiringan (roll) : -2.28
2026-05-21 09:38:31,.80, Kemiringan (roll) : -2.28
2026-05-21 09:38:31,.80, Kemiringan (roll) : -2.28
2026-05-21 09:38:31,.80, Kemiringan (roll) : -2.28
2026-05-21 09:38:31,.80, Kemiringan (roll) : -2.28
2026-05-21 09:38:31,.80, Kemiringan (roll) : -2.28
2026-05-21 09:38:31,.80, Kemiringan (roll) : -2.28
2026-05-21 09:38:31,.80, Kemiringan (roll) : -2.28
2026-05-21 09:38:31,.80, Kemiringan (roll) : -2.28
2026-05-21 09:38:31,.80, Kemiringan (roll) : -2.28
2026-05-21 09:38:31,.80, Kemiringan (roll) : -2.28
2026-05-21 09:38:31,.80, Kemiringan (roll) : -2.28
2026-05-21 09:38:31,.80, Kemiringan (roll) : -2.28
2026-05-21 09:38:31,.80, Kemiringan (roll) : -2.28
2026-05-21 09:38:31,.80, Kemiringan (roll) : -2.28
2026-05-21 09:38:31,.80, Kemiringan (roll) : -2.28
2026-05-21 09:38:31,.80, Kemiringan (roll) : -2.28
2026-05-21 09:38:31,.80, Kemiringan (roll) : -2.28
2026-05-21 09:38:31,.80, Kemiringan (roll) : -2.28
2026-05-21 09:38:31,.80, Kemiringan (roll) : -2.28
2026-05-21 09:38:31,.80, Kemiringan (roll) : -2.28
2026-05-21 09:38:31,.80, Kemiringan (roll) : -2.28
2026-05-21 09:38:31,.80, Kemiringan (roll) : -2.28
2026-05-21 09:38:31,.80, Kemiringan (roll) : -2.28
2026-05-21 09:38:31,.80, Kemiringan (roll) : -2.28
2026-05-21 09:38:31,.80, Kemiringan (roll) : -2.28
2026-05-21 09:38:31,.80, Kemiringan (roll) : -2.28
2026-05-21 09:38:31,.80, Kemiringan (roll) : -2.28
2026-05-21 09:38:31,.80, Kemiringan (roll) : -2.28
2026-05-21 09:38:31,.80, Kemiringan (roll) : -2.28
2026-05-21 09:38:31,.80, Kemiringan (roll) : -2.28
2026-05-21 09:38:31,.80, Kemiringan (roll) : -2.28
2026-05-21 09:38:31,.80, Kemiringan (roll) : -2.28
2026-05-21 09:38:31,.80, Kemiringan (roll) : -2.28
2026-05-21 09:38:31,.80, Kemiringan (roll) : -2.28
2026-05-21 09:38:31,.80, Kemiringan (roll) : -2.28
2026-05-21 09:38:31,.80, Kemiringan (roll) : -2.28
2026-05-21 09:38:31,.80, Kemiringan (roll) : -2.28
2026-05-21 09:38:31,.80, Kemiringan (roll) : -2.28
2026-05-21 09:38:31,.80, Kemiringan (roll) : -2.28
2026-05-21 09:38:31,.80, Kemiringan (roll) : -2.28
2026-05-21 09:38:31,.80, Kemiringan (roll) : -2.28
2026-05-21 09:38:31,.80, Kemiringan (roll) : -2.28
2026-05-21 09:38:31,.80, Kemiringan (roll) : -2.28
2026-05-21 09:38:31,.80, Kemiringan (roll) : -2.28
2026-05-21 09:38:31,.80, Kemiringan (roll) : -2.28
2026-05-21 09:38:31,.80, Kemiringan (roll) : -2.28
2026-05-21 09:38:31,.80, Kemiringan (roll) : -2.28
2026-05-21 09:38:31,.80, Kemiringan (roll) : -2.28
2026-05-21 09:38:31,.80, Kemiringan (roll) : -2.28
2026-05-21 09:38:31,.80, Kemiringan (roll) : -2.28
2026-05-21 09:38:31,.80, Kemiringan (roll) : -2.28
2026-05-21 09:38:31,.80, Kemiringan (roll) : -2.28
2026-05-21 09:38:31,.80, Kemiringan (roll) : -2.28
2026-05-21 09:38:31,.80, Kemiringan (roll) : -2.28
2026-05-21 09:38:31,.80, Kemiringan (roll) : -2.28
2026-05-21 09:38:31,.80, Kemiringan (roll) : -2.28
2026-05-21 09:38:31,.80, Kemiringan (roll) : -2.28
2026-05-21 09:38:31,.80, Kemiringan (roll) : -2.28
2026-05-21 09:38:31,.80, Kemiringan (roll) : -2.28
2026-05-21 09:38:31,.80, Kemiringan (roll) : -2.28
2026-05-21 09:38:31,.80, Kemiringan (roll) : -2.28
2026-05-21 09:38:31,.80, Kemiringan (roll) : -2.28
2026-05-21 09:38:31,.80, Kemiringan (roll) : -2.28
2026-05-21 09:38:31,.80, Kemiringan (roll) : -2.28
2026-05-21 09:38:31,.80, Kemiringan (roll) : -2.28
2026-05-21 09:38:31,.80, Kemiringan (roll) : -2.28
2026-05-21 09:38:31,.80, Kemiringan (roll) : -2.28
2026-05-21 09:38:31,.80, Kemiringan (roll) : -2.28
2026-05-21 09:38:31,.80, Kemiringan (roll) : -2.28
2026-05-21 09:38:31,.80, Kemiringan (roll) : -2.28
2026-05-21 09:38:31,.80, Kemiringan (roll) : -2.28
2026-05-21 09:38:31,.80, Kemiringan (roll) : -2.28
2026-05-21 09:38:31,.80, Kemiringan (roll) : -2.28
2026-05-21 09:38:31,.80, Kemiringan (roll) : -2.28
2026-05-21 09:38:31,.80, Kemiringan (roll) : -2.28
2026-05-21 09:38:31,.80, Kemiringan (roll) : -2.28
2026-05-21 09:38:31,.80, Kemiringan (roll) : -2.28
2026-05-21 09:38:31,.80, Kemiringan (roll) : -2.28
2026-05-21 09:38:31,.80, Kemiringan (roll) : -2.28
2026-05-21 09:38:31,.80, Kemiringan (roll) : -2.28
2026-05-21 09:38:31,.80, Kemiringan (roll) : -2.28
2026-05-21 09:38:31,.80, Kemiringan (roll) : -2.28
2026-05-21 09:38:31,.80, Kemiringan (roll) : -2.28
2026-05-21 09:38:31,.80, Kemiringan (roll) : -2.28
2026-05-21 09:38:31,.80, Kemiringan (roll) : -2.28
2026-05-21 09:38:31,.80, Kemiringan (roll) : -2.28
2026-05-21 09:38:31,.80, Kemiringan (roll) : -2.28
2026-05-21 09:38:31,.80, Kemiringan (roll) : -2.28
2026-05-21 09:38:31,.80, Kemiringan (roll) : -2.28
2026-05-21 09:38:31,.80, Kemiringan (roll) : -2.28
2026-05-21 09:38:31,.80, Kemiringan (roll) : -2.28
2026-05-21 09:38:31,.80, Kemiringan (roll) : -2.28
2026-05-21 09:38:31,.80, Kemiringan (roll) : -2.28
2026-05-21 09:38:31,.80, Kemiringan (roll) : -2.28
2026-05-21 09:38:31,.80, Kemiringan (roll) : -2.28
2026-05-21 09:38:31,.80, Kemiringan (roll) : -2.28
2026-05-21 09:38:31,.80, Kemiringan (roll) : -2.28
2026-05-21 09:38:31,.80, Kemiringan (roll) : -2.28
2026-05-21 09:38:31,.80, Kemiringan (roll) : -2.28
2026-05-21 09:38:31,.80, Kemiringan (roll) : -2.28
2026-05-21 09:38:31,.80, Kemiringan (roll) : -2.28
2026-05-21 09:38:31,.80, Kemiringan (roll) : -2.28
2026-05-21 09:38:31,.80, Kemiringan (roll) : -2.28
2026-05-21 09:38:31,.80, Kemiringan (roll) : -2.28
2026-05-21 09:38:31,.80, Kemiringan (roll) : -2.28
2026-05-21 09:38:31,.80, Kemiringan (roll) : -2.28
2026-05-21 09:38:31,.80, Kemiringan (roll) : -2.28
2026-05-21 09:38:31,.80, Kemiringan (roll) : -2.28
2026-05-21 09:38:31,.80, Kemiringan (roll) : -2.28
2026-05-21 09:38:31,.80, Kemiringan (roll) : -2.28
2026-05-21 09:38:31,.80, Kemiringan (roll) : -2.28
2026-05-21 09:38:31,.80, Kemiringan (roll) : -2.28
2026-05-21 09:38:31,.80, Kemiringan (roll) : -2.28
2026-05-21 09:38:31,.80, Kemiringan (roll) : -2.28
2026-05-21 09:38:31,.80, Kemiringan (roll) : -2.28
2026-05-21 09:38:31,.80, Kemiringan (roll) : -2.28
2026-05-21 09:38:31,.80, Kemiringan (roll) : -2.28
2026-05-21 09:38:31,.80, Kemiringan (roll) : -2.28
2026-05-21 09:38:31,.80, Kemiringan (roll) : -2.28
2026-05-21 09:38:31,.80, Kemiringan (roll) : -2.28
2026-05-21 09:38:31,.80, Kemiringan (roll) : -2.28
2026-05-21 09:38:31,.80, Kemiringan (roll) : -2.28
2026-05-21 09:38:31,.80, Kemiringan (roll) : -2.28
2026-05-21 09:38:31,.80, Kemiringan (roll) : -2.28
2026-05-21 09:38:31,.80, Kemiringan (roll) : -2.28
2026-05-21 09:38:31,.80, Kemiringan (roll) : -2.28
2026-05-21 09:38:31,.80, Kemiringan (roll) : -2.28
2026-05-21 09:38:31,.80, Kemiringan (roll) : -2.28
2026-05-21 09:38:31,.80, Kemiringan (roll) : -2.28
2026-05-21 09:38:31,.80, Kemiringan (roll) : -2.28
2026-05-21 09:38:31,.80, Kemiringan (roll) : -2.28
2026-05-21 09:38:31,.80, Kemiringan (roll) : -2.28
2026-05-21 09:38:31,.80, Kemiringan (roll) : -2.28
2026-05-21 09:38:31,.80, Kemiringan (roll) : -2.28
2026-05-21 09:38:31,.80, Kemiringan (roll) : -2.28
2026-05-21 09:38:31,.80, Kemiringan (roll) : -2.28
2026-05-21 09:38:31,.80, Kemiringan (roll) : -2.28
2026-05-21 09:38:31,.80, Kemiringan (roll) : -2.28
2026-05-21 09:38:31,.80, Kemiringan (roll) : -2.28
2026-05-21 09:38:31,.80, Kemiringan (roll) : -2.28
2026-05-21 09:38:31,.80, Kemiringan (roll) : -2.28
2026-05-21 09:38:31,.80, Kemiringan (roll) : -2.28
2026-05-21 09:38:31,.80, Kemiringan (roll) : -2.28
2026-05-21 09:38:31,.80, Kemiringan (roll) : -2.28
2026-05-21 09:38:31,.80, Kemiringan (roll) : -2.28
2026-05-21 09:38:31,.80, Kemiringan (roll) : -2.28
2026-05-21 09:38:31,.80, Kemiringan (roll) : -2.28
2026-05-21 09:38:31,.80, Kemiringan (roll) : -2.28
2026-05-21 09:38:31,.80, Kemiringan (roll) : -2.28
2026-05-21 09:38:31,.80, Kemiringan (roll) : -2.28
2026-05-21 09:38:31,.80, Kemiringan (roll) : -2.28
2026-05-21 09:38:31,.80, Kemiringan (roll) : -2.28
2026-05-21 09:38:31,.80, Kemiringan (roll) : -2.28
2026-05-21 09:38:31,.80, Kemiringan (roll) : -2.28
2026-05-21 09:38:31,.80, Kemiringan (roll) : -2.28
2026-05-21 09:38:31,.80, Kemiringan (roll) : -2.28
2026-05-21 09:38:31,.80, Kemiringan (roll) : -2.28
2026-05-21 09:38:31,.80, Kemiringan (roll) : -2.28
2026-05-21 09:38:31,.80, Kemiringan (roll) : -2.28
2026-05-21 09:38:31,.80, Kemiringan (roll) : -2.28
2026-05-21 09:38:31,.80, Kemiringan (roll) : -2.28
2026-05-21 09:38:31,.80, Kemiringan (roll) : -2.28
2026-05-21 09:38:31,.80, Kemiringan (roll) : -2.28
2026-05-21 09:38:31,.80, Kemiringan (roll) : -2.28
2026-05-21 09:38:31,.80, Kemiringan (roll) : -2.28
2026-05-21 09:38:31,.80, Kemiringan (roll) : -2.28
2026-05-21 09:38:31,.80, Kemiringan (roll) : -2.28
2026-05-21 09:38:31,.80, Kemiringan (roll) : -2.28
2026-05-21 09:38:31,.80, Kemiringan (roll) : -2.28
2026-05-21 09:38:31,.80, Kemiringan (roll) : -2.28
2026-05-21 09:38:31,.80, Kemiringan (roll) : -2.28
2026-05-21 09:38:31,.80, Kemiringan (roll) : -2.28
2026-05-21 09:38:31,.80, Kemiringan (roll) : -2.28
2026-05-21 09:38:31,.80, Kemiringan (roll) : -2.28
2026-05-21 09:38:31,.80, Kemiringan (roll) : -2.28
2026-05-21 09:38:31,.80, Kemiringan (roll) : -2.28
2026-05-21 09:38:31,.80, Kemiringan (roll) : -2.28
2026-05-21 09:38:31,.80, Kemiringan (roll) : -2.28
2026-05-21 09:38:31,.80, Kemiringan (roll) : -2.28
2026-05-21 09:38:31,.80, Kemiringan (roll) : -2.28
2026-05-21 09:38:31,.80, Kemiringan (roll) : -2.28
2026-05-21 09:38:31,.80, Kemiringan (roll) : -2.28
2026-05-21 09:38:31,.80, Kemiringan (roll) : -2.28
2026-05-21 09:38:31,.80, Kemiringan (roll) : -2.28
2026-05-21 09:38:31,.80, Kemiringan (roll) : -2.28
2026-05-21 09:38:31,.80, Kemiringan (roll) : -2.28
2026-05-21 09:38:31,.80, Kemiringan (roll) : -2.28
2026-05-21 09:38:31,.80, Kemiringan (roll) : -2.28
2026-05-21 09:38:31,.80, Kemiringan (roll) : -2.28
2026-05-21 09:38:31,.80, Kemiringan (roll) : -2.28
2026-05-21 09:38:31,.80, Kemiringan (roll) : -2.28
2026-05-21 09:38:31,.80, Kemiringan (roll) : -2.28
2026-05-21 09:38:31,.80, Kemiringan (roll) : -2.28
2026-05-21 09:38:31,.80, Kemiringan (roll) : -2.28
2026-05-21 09:38:31,.80, Kemiringan (roll) : -2.28
2026-05-21 09:38:31,.80, Kemiringan (roll) : -2.28
2026-05-21 09:38:31,.80, Kemiringan (roll) : -2.28
2026-05-21 09:38:31,.80, Kemiringan (roll) : -2.28
2026-05-21 09:38:31,.80, Kemiringan (roll) : -2.28
2026-05-21 09:38:31,.80, Kemiringan (roll) : -2.28
2026-05-21 09:38:31,.80, Kemiringan (roll) : -2.28
2026-05-21 09:38:31,.80, Kemiringan (roll) : -2.28
2026-05-21 09:38:31,.80, Kemiringan (roll) : -2.28
2026-05-21 09:38:31,.80, Kemiringan (roll) : -2.28
2026-05-21 09:38:31,.80, Kemiringan (roll) : -2.28
2026-05-21 09:38:31,.80, Kemiringan (roll) : -2.28
2026-05-21 09:38:31,.80, Kemiringan (roll) : -2.28
2026-05-21 09:38:31,.80, Kemiringan (roll) : -2.28
2026-05-21 09:38:31,.80, Kemiringan (roll) : -2.28
2026-05-21 09:38:31,.80, Kemiringan (roll) : -2.28
2026-05-21 09:38:31,.80, Kemiringan (roll) : -2.28
2026-05-21 09:38:31,.80, Kemiringan (roll) : -2.28
2026-05-21 09:38:31,.80, Kemiringan (roll) : -2.28
2026-05-21 09:38:31,.80, Kemiringan (roll) : -2.28
2026-05-21 09:38:31,.80, Kemiringan (roll) : -2.28
2026-05-21 09:38:31,.80, Kemiringan (roll) : -2.28
2026-05-21 09:38:31,.80, Kemiringan (roll) : -2.28
2026-05-21 09:38:31,.80, Kemiringan (roll) : -2.28
2026-05-21 09:38:31,.80, Kemiringan (roll) : -2.28
2026-05-21 09:38:31,.80, Kemiringan (roll) : -2.28
2026-05-21 09:38:31,.80, Kemiringan (roll) : -2.28
2026-05-21 09:38:31,.80, Kemiringan (roll) : -2.28
2026-05-21 09:38:31,.80, Kemiringan (roll) : -2.28
2026-05-21 09:38:31,.80, Kemiringan (roll) : -2.28
2026-05-21 09:38:31,.80, Kemiringan (roll) : -2.28
2026-05-21 09:38:31,.80, Kemiringan (roll) : -2.28
2026-05-21 09:38:31,.80, Kemiringan (roll) : -2.28
2026-05-21 09:38:31,.80, Kemiringan (roll) : -2.28
2026-05-21 09:38:31,.80, Kemiringan (roll) : -2.28
2026-05-21 09:38:31,.80, Kemiringan (roll) : -2.28
2026-05-21 09:38:31,.80, Kemiringan (roll) : -2.28
2026-05-21 09:38:31,.80, Kemiringan (roll) : -2.28
2026-05-21 09:38:31,.80, Kemiringan (roll) : -2.28
2026-05-21 09:38:31,1970274, Ketinggian (Altitude) :1970274, Ketinggian (Altitude) :1970274, Ketinggian (Altitude) :1970274, Ketinggian (Altitude) :1970274, Ketinggian (Altitude) :1970274, Ketinggian (Altitude) :1970274, Ketinggian (Altitude) :1970274, Ketinggian (Altitude) :1970274, Ketinggian (Altitude) :1970274, Ketinggian (Altitude) :1970274, Ketinggian (Altitude) :1970274, Ketinggian (Altitude) :1970274, Ketinggian (Altitude) :1970274, Ketinggian (Altitude) :1970274, Ketinggian (Altitude) :1970274, Ketinggian (Altitude) :1970274, Ketinggian (Altitude) :1970274, Ketinggian (Altitude) :1970274, Ketinggian (Altitude) :1970274, Ketinggian (Altitude) :1970274, Ketinggian (Altitude) :1970274, Ketinggian (Altitude) :1970274, Ketinggian (Altitude) :1970274, Ketinggian (Altitude) :1970274, Ketinggian (Altitude) :1970274, Ketinggian (Altitude) :1970274, Ketinggian (Altitude) :1970274, Ketinggian (Altitude) :1970274, Ketinggian (Altitude) :1970274, Ketinggian (Altitude) :1970274, Ketinggian (Altitude) :1970274, Ketinggian (Altitude) : 2027.43, Kemiringan (pitch) : 0.64, Kemiringan (roll) : -2.21
2026-05-21 09:38:32,1971278, Ketinggian (Altitude) : 2027.45, Kemiringan (pitch) : 0.73, Kemiringan (roll) : -2.14
2026-05-21 09:38:33,1972282, Ketinggian (Altitude) : 2027.40, Kemiringan (pitch) : 0.82, Kemiringan (roll) : -2.20
2026-05-21 09:38:34,1973286, Ketinggian (Altitude) : 2027.38, Kemiringan (pitch) : 0.55, Kemiringan (roll) : -2.31
2026-05-21 09:38:35,1974290, Ketinggian (Altitude) : 2027.38, Kemiringan (pitch) : 1.03, Kemiringan (roll) : -2.23
2026-05-21 09:38:36,1975294, Ketinggian (Altitude) : 2027.33, Kemiringan (pitch) : 0.64, Kemiringan (roll) : -2.36
2026-05-21 09:38:37,1976298, Ketinggian (Altitude) : 2027.33, Kemiringan (pitch) : 0.64, Kemiringan (roll) : -2.18
2026-05-21 09:38:38,1977302, Ketinggian (Altitude) : 2027.30, Kemiringan (pitch) : 0.83, Kemiringan (roll) : -2.19
2026-05-21 09:38:39,1978306, Ketinggian (Altitude) : 2027.27, Kemiringan (pitch) : 0.67, Kemiringan (roll) : -2.14
2026-05-21 09:38:40,1979310, Ketinggian (Altitude) : 2027.24, Kemiringan (pitch) : 0.55, Kemiringan (roll) : -2.32
2026-05-21 09:38:41,1980314, Ketinggian (Altitude) : 2027.22, Kemiringan (pitch) : 0.84, Kemiringan (roll) : -2.01
2026-05-21 09:38:42,1981318, Ketinggian (Altitude) : 2027.22, Kemiringan (pitch) : 0.50, Kemiringan (roll) : -2.23
2026-05-21 09:38:43,1982322, Ketinggian (Altitude) : 2027.19, Kemiringan (pitch) : 0.82, Kemiringan (roll) : -2.22
2026-05-21 09:38:44,1983326, Ketinggian (Altitude) : 2027.16, Kemiringan (pitch) : 0.64, Kemiringan (roll) : -2.22
2026-05-21 09:38:45,1984330, Ketinggian (Altitude) : 2027.15, Kemiringan (pitch) : 0.70, Kemiringan (roll) : -2.16
2026-05-21 09:38:46,1985334, Ketinggian (Altitude) : 2027.07, Kemiringan (pitch) : 0.79, Kemiringan (roll) : -2.34
2026-05-21 09:38:47,1986338, Ketinggian (Altitude) : 2027.04, Kemiringan (pitch) : 0.74, Kemiringan (roll) : -2.17
2026-05-21 09:38:48,1987342, Ketinggian (Altitude) : 2027.04, Kemiringan (pitch) : 0.50, Kemiringan (roll) : -2.42
2026-05-21 09:38:49,1988346, Ketinggian (Altitude) : 2027.00, Kemiringan (pitch) : 0.68, Kemiringan (roll) : -2.22
2026-05-21 09:38:50,1989350, Ketinggian (Altitude) : 2026.96, Kemiringan (pitch) : 1.04, Kemiringan (roll) : -2.29
2026-05-21 09:38:51,1990354, Ketinggian (Altitude) : 2026.96, Kemiringan (pitch) : 0.41, Kemiringan (roll) : -2.07
2026-05-21 09:38:52,1991358, Ketinggian (Altitude) : 2026.90, Kemiringan (pitch) : 0.74, Kemiringan (roll) : -2.26
2026-05-21 09:38:53,1992362, Ketinggian (Altitude) : 2026.87, Kemiringan (pitch) : 0.50, Kemiringan (roll) : -2.35
2026-05-21 09:38:54,1993366, Ketinggian (Altitude) : 2026.84, Kemiringan (pitch) : 0.73, Kemiringan (roll) : -2.26
2026-05-21 09:38:55,1994370, Ketinggian (Altitude) : 2026.81, Kemiringan (pitch) : 0.70, Kemiringan (roll) : -2.25
2026-05-21 09:38:56,1995374, Ketinggian (Altitude) : 2026.78, Kemiringan (pitch) : 0.82, Kemiringan (roll) : -2.14
2026-05-21 09:38:57,1996378, Ketinggian (Altitude) : 2026.77, Kemiringan (pitch) : 0.33, Kemiringan (roll) : -1.82
2026-05-21 09:38:58,1997382, Ketinggian (Altitude) : 2026.74, Kemiringan (pitch) : 0.71, Kemiringan (roll) : -2.17
2026-05-21 09:38:59,1998386, Ketinggian (Altitude) : 2026.74, Kemiringan (pitch) : 0.74, Kemiringan (roll) : -2.16
2026-05-21 09:39:00,1999390, Ketinggian (Altitude) : 2026.71, Kemiringan (pitch) : 0.70, Kemiringan (roll) : -2.25
2026-05-21 09:39:01,2000394, Ketinggian (Altitude) : 2026.69, Kemiringan (pitch) : 0.61, Kemiringan (roll) : -2.25
2026-05-21 09:39:02,2001398, Ketinggian (Altitude) : 2026.69, Kemiringan (pitch) : 0.79, Kemiringan (roll) : -2.31
2026-05-21 09:39:03,2002402, Ketinggian (Altitude) : 2026.67, Kemiringan (pitch) : 0.68, Kemiringan (roll) : -2.13
2026-05-21 09:39:04,2003406, Ketinggian (Altitude) : 2026.65, Kemiringan (pitch) : 0.80, Kemiringan (roll) : -2.13
2026-05-21 09:39:05,2004410, Ketinggian (Altitude) : 2026.62, Kemiringan (pitch) : 0.58, Kemiringan (roll) : -2.25
2026-05-21 09:39:06,2005414, Ketinggian (Altitude) : 2026.59, Kemiringan (pitch) : 0.74, Kemiringan (roll) : -2.14
2026-05-21 09:39:07,2006418, Ketinggian (Altitude) : 2026.57, Kemiringan (pitch) : 0.65, Kemiringan (roll) : -2.23
2026-05-21 09:39:08,2007422, Ketinggian (Altitude) : 2026.54, Kemiringan (pitch) : 0.82, Kemiringan (roll) : -2.08
2026-05-21 09:39:09,2008426, Ketinggian (Altitude) : 2026.51, Kemiringan (pitch) : 0.65, Kemiringan (roll) : -2.19
2026-05-21 09:39:10,2009430, Ketinggian (Altitude) : 2026.51, Kemiringan (pitch) : 0.76, Kemiringan (roll) : -2.25
2026-05-21 09:39:11,2010434, Ketinggian (Altitude) : 2026.48, Kemiringan (pitch) : 0.70, Kemiringan (roll) : -2.14
2026-05-21 09:39:12,2011438, Ketinggian (Altitude) : 2026.47, Kemiringan (pitch) : 0.77, Kemiringan (roll) : -2.38
2026-05-21 09:39:13,2012442, Ketinggian (Altitude) : 2026.43, Kemiringan (pitch) : 0.81, Kemiringan (roll) : -2.23
2026-05-21 09:39:14,2013446, Ketinggian (Altitude) : 2026.43, Kemiringan (pitch) : 0.70, Kemiringan (roll) : -1.97
2026-05-21 09:39:15,2014450, Ketinggian (Altitude) : 2026.40, Kemiringan (pitch) : 0.76, Kemiringan (roll) : -2.22
2026-05-21 09:39:16,2015454, Ketinggian (Altitude) : 2026.40, Kemiringan (pitch) : 0.68, Kemiringan (roll) : -2.21
2026-05-21 09:39:17,2016458, Ketinggian (Altitude) : 2026.37, Kemiringan (pitch) : 0.58, Kemiringan (roll) : -2.19
2026-05-21 09:39:18,2017462, Ketinggian (Altitude) : 2026.37, Kemiringan (pitch) : 0.96, Kemiringan (roll) : -2.16
2026-05-21 09:39:19,2018466, Ketinggian (Altitude) : 2026.34, Kemiringan (pitch) : 0.70, Kemiringan (roll) : -2.28
2026-05-21 09:39:20,2019470, Ketinggian (Altitude) : 2026.29, Kemiringan (pitch) : 0.74, Kemiringan (roll) : -2.22
2026-05-21 09:39:21,2020474, Ketinggian (Altitude) : 2026.28, Kemiringan (pitch) : 0.73, Kemiringan (roll) : -2.19
2026-05-21 09:39:22,2021478, Ketinggian (Altitude) : 2026.27, Kemiringan (pitch) : 0.75, Kemiringan (roll) : -2.15
2026-05-21 09:39:23,2022482, Ketinggian (Altitude) : 2026.24, Kemiringan (pitch) : 0.90, Kemiringan (roll) : -2.23
2026-05-21 09:39:24,2023486, Ketinggian (Altitude) : 2026.24, Kemiringan (pitch) : 2.16, Kemiringan (roll) : 5.27
2026-05-21 09:39:25,2024490, Ketinggian (Altitude) : 2026.19, Kemiringan (pitch) : -8.69, Kemiringan (roll) : -3.18
2026-05-21 09:39:26,2025494, Ketinggian (Altitude) : 2026.18, Kemiringan (pitch) : -19.26, Kemiringan (roll) : 5.96
2026-05-21 09:39:27,2026498, Ketinggian (Altitude) : 2026.16, Kemiringan (pitch) : -12.38, Kemiringan (roll) : 3.95
2026-05-21 09:39:28,2027502, Ketinggian (Altitude) : 2026.13, Kemiringan (pitch) : 4.62, Kemiringan (roll) : 6.72
2026-05-21 09:39:29,2028506, Ketinggian (Altitude) : 2026.13, Kemiringan (pitch) : 7.55, Kemiringan (roll) : 7.67
2026-05-21 09:39:30,2029510, Ketinggian (Altitude) : 2026.10, Kemiringan (pitch) : 11.07, Kemiringan (roll) : 3.26
2026-05-21 09:39:31,2030514, Ketinggian (Altitude) : 2026.08, Kemiringan (pitch) : 19.13, Kemiringan (roll) : -0.22
2026-05-21 09:39:32,2031518, Ketinggian (Altitude) : 2026.03, Kemiringan (pitch) : 7.09, Kemiringan (roll) : 4.70
2026-05-21 09:39:33,2032522, Ketinggian (Altitude) : 2026.05, Kemiringan (pitch) : 20.65, Kemiringan (roll) : -9.58
2026-05-21 09:39:34,2033526, Ketinggian (Altitude) : 2026.02, Kemiringan (pitch) : 15.92, Kemiringan (roll) : -13.60
2026-05-21 09:39:35,2034530, Ketinggian (Altitude) : 2026.02, Kemiringan (pitch) : -4.51, Kemiringan (roll) : 12.26
2026-05-21 09:39:36,2035534, Ketinggian (Altitude) : 2026.02, Kemiringan (pitch) : 20.62, Kemiringan (roll) : 9.10
2026-05-21 09:39:37,2036538, Ketinggian (Altitude) : 2025.99, Kemiringan (pitch) : 10.07, Kemiringan (roll) : -0.90
2026-05-21 09:39:38,2037542, Ketinggian (Altitude) : 2025.99, Kemiringan (pitch) : 17.79, Kemiringan (roll) : -6.86
2026-05-21 09:39:39,2038546, Ketinggian (Altitude) : 2025.99, Kemiringan (pitch) : 21.09, Kemiringan (roll) : -3.24
2026-05-21 09:39:40,2039550, Ketinggian (Altitude) : 2025.99, Kemiringan (pitch) : 4.04, Kemiringan (roll) : -3.48
2026-05-21 09:39:41,2040554, Ketinggian (Altitude) : 2025.99, Kemiringan (pitch) : -1.07, Kemiringan (roll) : 9.62
2026-05-21 09:39:42,2041558, Ketinggian (Altitude) : 2026.01, Kemiringan (pitch) : 19.56, Kemiringan (roll) : -5.73
2026-05-21 09:39:43,2042562, Ketinggian (Altitude) : 2025.99, Kemiringan (pitch) : 14.61, Kemiringan (roll) : -6.31
2026-05-21 09:39:44,2043566, Ketinggian (Altitude) : 2026.04, Kemiringan (pitch) : 12.23, Kemiringan (roll) : 0.14
2026-05-21 09:39:45,2044570, Ketinggian (Altitude) : 2026.02, Kemiringan (pitch) : 9.71, Kemiringan (roll) : 5.20
2026-05-21 09:39:46,2045574, Ketinggian (Altitude) : 2026.02, Kemiringan (pitch) : 21.84, Kemiringan (roll) : -1.56
2026-05-21 09:39:47,2046578, Ketinggian (Altitude) : 2026.06, Kemiringan (pitch) : 20.85, Kemiringan (roll) : 3.90
2026-05-21 09:39:48,2047582, Ketinggian (Altitude) : 2026.09, Kemiringan (pitch) : 11.25, Kemiringan (roll) : 0.64
2026-05-21 09:39:49,2048586, Ketinggian (Altitude) : 2026.09, Kemiringan (pitch) : 8.37, Kemiringan (roll) : 4.48
2026-05-21 09:39:50,2049590, Ketinggian (Altitude) : 2026.09, Kemiringan (pitch) : 10.39, Kemiringan (roll) : -0.94
2026-05-21 09:39:51,2050594, Ketinggian (Altitude) : 2026.12, Kemiringan (pitch) : 15.69, Kemiringan (roll) : 2.87
2026-05-21 09:39:52,2051598, Ketinggian (Altitude) : 2026.13, Kemiringan (pitch) : 11.94, Kemiringan (roll) : 7.14
2026-05-21 09:39:53,2052602, Ketinggian (Altitude) : 2026.16, Kemiringan (pitch) : 21.41, Kemiringan (roll) : -1.24
2026-05-21 09:39:54,2053606, Ketinggian (Altitude) : 2026.18, Kemiringan (pitch) : 8.82, Kemiringan (roll) : 9.41
2026-05-21 09:39:55,2054610, Ketinggian (Altitude) : 2026.21, Kemiringan (pitch) : 12.37, Kemiringan (roll) : -2.16
2026-05-21 09:39:56,2055614, Ketinggian (Altitude) : 2026.24, Kemiringan (pitch) : 11.27, Kemiringan (roll) : 6.82
2026-05-21 09:39:57,2056618, Ketinggian (Altitude) : 2026.27, Kemiringan (pitch) : 19.17, Kemiringan (roll) : 0.56
2026-05-21 09:39:58,2057622, Ketinggian (Altitude) : 2026.28, Kemiringan (pitch) : 22.50, Kemiringan (roll) : 0.22
2026-05-21 09:39:59,2058626, Ketinggian (Altitude) : 2026.31, Kemiringan (pitch) : 5.49, Kemiringan (roll) : 6.83
2026-05-21 09:40:00,2059630, Ketinggian (Altitude) : 2026.32, Kemiringan (pitch) : 16.58, Kemiringan (roll) : 5.42
2026-05-21 09:40:01,2060634, Ketinggian (Altitude) : 2026.35, Kemiringan (pitch) : 15.62, Kemiringan (roll) : 7.32
2026-05-21 09:40:02,2061638, Ketinggian (Altitude) : 2026.38, Kemiringan (pitch) : 22.85, Kemiringan (roll) : -0.88
2026-05-21 09:40:03,2062642, Ketinggian (Altitude) : 2026.40, Kemiringan (pitch) : 22.92, Kemiringan (roll) : -1.07
2026-05-21 09:40:04,2063646, Ketinggian (Altitude) : 2026.43, Kemiringan (pitch) : 11.95, Kemiringan (roll) : 9.36
2026-05-21 09:40:05,2064650, Ketinggian (Altitude) : 2026.43, Kemiringan (pitch) : 13.27, Kemiringan (roll) : 0.53
2026-05-21 09:40:06,2065654, Ketinggian (Altitude) : 2026.44, Kemiringan (pitch) : 15.63, Kemiringan (roll) : 8.32
2026-05-21 09:40:07,2066658, Ketinggian (Altitude) : 2026.46, Kemiringan (pitch) : 28.98, Kemiringan (roll) : 6.10
2026-05-21 09:40:08,2067662, Ketinggian (Altitude) : 2026.48, Kemiringan (pitch) : 12.05, Kemiringan (roll) : 3.15
2026-05-21 09:40:09,2068666, Ketinggian (Altitude) : 2026.51, Kemiringan (pitch) : 18.71, Kemiringan (roll) : 4.61
2026-05-21 09:40:10,2069670, Ketinggian (Altitude) : 2026.51, Kemiringan (pitch) : 12.73, Kemiringan (roll) : 4.70
2026-05-21 09:40:11,2070674, Ketinggian (Altitude) : 2026.54, Kemiringan (pitch) : 13.94, Kemiringan (roll) : 13.79
2026-05-21 09:40:12,2071678, Ketinggian (Altitude) : 2026.54, Kemiringan (pitch) : 9.30, Kemiringan (roll) : 4.20
2026-05-21 09:40:13,2072682, Ketinggian (Altitude) : 2026.54, Kemiringan (pitch) : 11.24, Kemiringan (roll) : 0.35
2026-05-21 09:40:14,2073686, Ketinggian (Altitude) : 2026.57, Kemiringan (pitch) : 21.65, Kemiringan (roll) : 11.72
2026-05-21 09:40:15,2074690, Ketinggian (Altitude) : 2026.60, Kemiringan (pitch) : 12.98, Kemiringan (roll) : 12.79
2026-05-21 09:40:16,2075694, Ketinggian (Altitude) : 2026.58, Kemiringan (pitch) : 15.37, Kemiringan (roll) : 2.99
2026-05-21 09:40:17,2076698, Ketinggian (Altitude) : 2026.58, Kemiringan (pitch) : 2.75, Kemiringan (roll) : 9.74
2026-05-21 09:40:18,2077702, Ketinggian (Altitude) : 2026.63, Kemiringan (pitch) : 10.39, Kemiringan (roll) : 10.65
2026-05-21 09:40:19,2078706, Ketinggian (Altitude) : 2026.61, Kemiringan (pitch) : 8.97, Kemiringan (roll) : 15.30
2026-05-21 09:40:20,2079710, Ketinggian (Altitude) : 2026.61, Kemiringan (pitch) : 6.69, Kemiringan (roll) : 5.54
2026-05-21 09:40:21,2080714, Ketinggian (Altitude) : 2026.61, Kemiringan (pitch) : 5.90, Kemiringan (roll) : 3.40
2026-05-21 09:40:22,2081718, Ketinggian (Altitude) : 2026.66, Kemiringan (pitch) : 8.22, Kemiringan (roll) : 2.93
2026-05-21 09:40:23,2082722, Ketinggian (Altitude) : 2026.66, Kemiringan (pitch) : 24.29, Kemiringan (roll) : 16.47
2026-05-21 09:40:24,2083726, Ketinggian (Altitude) : 2026.66, Kemiringan (pitch) : 18.27, Kemiringan (roll) : 12.04
2026-05-21 09:40:25,2084730, Ketinggian (Altitude) : 2026.66, Kemiringan (pitch) : 18.78, Kemiringan (roll) : 8.60
2026-05-21 09:40:26,2085734, Ketinggian (Altitude) : 2026.66, Kemiringan (pitch) : 18.69, Kemiringan (roll) : 5.53
2026-05-21 09:40:27,2086738, Ketinggian (Altitude) : 2026.66, Kemiringan (pitch) : -12.07, Kemiringan (roll) : 7.28
2026-05-21 09:40:28,2087742, Ketinggian (Altitude) : 2026.66, Kemiringan (pitch) : -10.23, Kemiringan (roll) : 9.27
2026-05-21 09:40:29,2088746, Ketinggian (Altitude) : 2026.67, Kemiringan (pitch) : -3.93, Kemiringan (roll) : -3.34
2026-05-21 09:40:30,2089750, Ketinggian (Altitude) : 2026.66, Kemiringan (pitch) : 24.44, Kemiringan (roll) : 16.91
2026-05-21 09:40:31,2090754, Ketinggian (Altitude) : 2026.66, Kemiringan (pitch) : 9.49, Kemiringan (roll) : 2.06
2026-05-21 09:40:32,2091758, Ketinggian (Altitude) : 2026.66, Kemiringan (pitch) : 15.81, Kemiringan (roll) : 8.86
2026-05-21 09:40:33,2092762, Ketinggian (Altitude) : 2026.66, Kemiringan (pitch) : 7.19, Kemiringan (roll) : 4.23
2026-05-21 09:40:34,2093766, Ketinggian (Altitude) : 2026.67, Kemiringan (pitch) : 7.26, Kemiringan (roll) : 6.21
2026-05-21 09:40:35,2094770, Ketinggian (Altitude) : 2026.67, Kemiringan (pitch) : 5.00, Kemiringan (roll) : -0.50
2026-05-21 09:40:36,2095774, Ketinggian (Altitude) : 2026.67, Kemiringan (pitch) : 12.22, Kemiringan (roll) : 3.92
2026-05-21 09:40:37,2096778, Ketinggian (Altitude) : 2026.65, Kemiringan (pitch) : 7.45, Kemiringan (roll) : 1.56
2026-05-21 09:40:38,2097782, Ketinggian (Altitude) : 2026.65, Kemiringan (pitch) : 6.71, Kemiringan (roll) : 6.32
2026-05-21 09:40:39,2098786, Ketinggian (Altitude) : 2026.62, Kemiringan (pitch) : 8.41, Kemiringan (roll) : 11.84
2026-05-21 09:40:40,2099790, Ketinggian (Altitude) : 2026.62, Kemiringan (pitch) : 13.68, Kemiringan (roll) : 2.69
2026-05-21 09:40:41,2100794, Ketinggian (Altitude) : 2026.59, Kemiringan (pitch) : 10.37, Kemiringan (roll) : 8.59
2026-05-21 09:40:42,2101798, Ketinggian (Altitude) : 2026.56, Kemiringan (pitch) : 1.31, Kemiringan (roll) : 8.01
2026-05-21 09:40:43,2102802, Ketinggian (Altitude) : 2026.51, Kemiringan (pitch) : 8.02, Kemiringan (roll) : -0.45
2026-05-21 09:40:44,2103806, Ketinggian (Altitude) : 2026.48, Kemiringan (pitch) : -0.48, Kemiringan (roll) : 11.25
2026-05-21 09:40:45,2104810, Ketinggian (Altitude) : 2026.48, Kemiringan (pitch) : 5.44, Kemiringan (roll) : 7.54
2026-05-21 09:40:46,2105814, Ketinggian (Altitude) : 2026.41, Kemiringan (pitch) : 8.91, Kemiringan (roll) : 5.23
2026-05-21 09:40:47,2106818, Ketinggian (Altitude) : 2026.38, Kemiringan (pitch) : 2.11, Kemiringan (roll) : 5.46
2026-05-21 09:40:48,2107822, Ketinggian (Altitude) : 2026.34, Kemiringan (pitch) : 6.05, Kemiringan (roll) : 7.98
2026-05-21 09:40:49,2108826, Ketinggian (Altitude) : 2026.29, Kemiringan (pitch) : 2.29, Kemiringan (roll) : 6.09
2026-05-21 09:40:50,2109830, Ketinggian (Altitude) : 2026.24, Kemiringan (pitch) : 11.93, Kemiringan (roll) : 6.21
2026-05-21 09:40:51,2110834, Ketinggian (Altitude) : 2026.21, Kemiringan (pitch) : -11.05, Kemiringan (roll) : 4.02
2026-05-21 09:40:52,2111838, Ketinggian (Altitude) : 2026.13, Kemiringan (pitch) : 8.07, Kemiringan (roll) : 9.91
2026-05-21 09:40:53,2112842, Ketinggian (Altitude) : 2026.08, Kemiringan (pitch) : 4.35, Kemiringan (roll) : 10.17
2026-05-21 09:40:54,2113846, Ketinggian (Altitude) : 2026.02, Kemiringan (pitch) : 0.86, Kemiringan (roll) : 14.56
2026-05-21 09:40:55,2114850, Ketinggian (Altitude) : 2025.93, Kemiringan (pitch) : 7.99, Kemiringan (roll) : 3.52
2026-05-21 09:40:56,2115854, Ketinggian (Altitude) : 2025.87, Kemiringan (pitch) : 12.97, Kemiringan (roll) : 6.11
2026-05-21 09:40:57,2116858, Ketinggian (Altitude) : 2025.83, Kemiringan (pitch) : -1.85, Kemiringan (roll) : 6.39
2026-05-21 09:40:58,2117862, Ketinggian (Altitude) : 2025.76, Kemiringan (pitch) : 12.78, Kemiringan (roll) : -2.89
2026-05-21 09:40:59,2118866, Ketinggian (Altitude) : 2025.72, Kemiringan (pitch) : 8.04, Kemiringan (roll) : 0.36
2026-05-21 09:41:00,2119870, Ketinggian (Altitude) : 2025.61, Kemiringan (pitch) : 9.29, Kemiringan (roll) : 3.87
2026-05-21 09:41:01,2120874, Ketinggian (Altitude) : 2025.53, Kemiringan (pitch) : 6.80, Kemiringan (roll) : -3.78
2026-05-21 09:41:02,2121878, Ketinggian (Altitude) : 2025.41, Kemiringan (pitch) : 1.40, Kemiringan (roll) : 8.41
2026-05-21 09:41:03,2122882, Ketinggian (Altitude) : 2025.33, Kemiringan (pitch) : 7.08, Kemiringan (roll) : -0.95
2026-05-21 09:41:04,2123886, Ketinggian (Altitude) : 2025.22, Kemiringan (pitch) : 7.75, Kemiringan (roll) : 0.74
2026-05-21 09:41:05,2124890, Ketinggian (Altitude) : 2025.15, Kemiringan (pitch) : 7.39, Kemiringan (roll) : 4.79
2026-05-21 09:41:06,2125894, Ketinggian (Altitude) : 2025.10, Kemiringan (pitch) : 9.26, Kemiringan (roll) : -1.10
2026-05-21 09:41:07,2126898, Ketinggian (Altitude) : 2025.01, Kemiringan (pitch) : 0.37, Kemiringan (roll) : -1.29
2026-05-21 09:41:08,2127902, Ketinggian (Altitude) : 2024.91, Kemiringan (pitch) : 9.50, Kemiringan (roll) : 1.23
2026-05-21 09:41:09,2128906, Ketinggian (Altitude) : 2024.85, Kemiringan (pitch) : 14.37, Kemiringan (roll) : -6.21
2026-05-21 09:41:10,2129910, Ketinggian (Altitude) : 2024.82, Kemiringan (pitch) : 16.71, Kemiringan (roll) : -4.96
2026-05-21 09:41:11,2130914, Ketinggian (Altitude) : 2024.78, Kemiringan (pitch) : 17.31, Kemiringan (roll) : -7.15
2026-05-21 09:41:12,2131918, Ketinggian (Altitude) : 2024.75, Kemiringan (pitch) : 0.71, Kemiringan (roll) : -3.92
2026-05-21 09:41:13,2132922, Ketinggian (Altitude) : 2024.71, Kemiringan (pitch) : 8.76, Kemiringan (roll) : -10.09
2026-05-21 09:41:14,2133926, Ketinggian (Altitude) : 2024.68, Kemiringan (pitch) : 6.59, Kemiringan (roll) : 7.38
2026-05-21 09:41:15,2134930, Ketinggian (Altitude) : 2024.64, Kemiringan (pitch) : 11.49, Kemiringan (roll) : -2.57
2026-05-21 09:41:16,2135934, Ketinggian (Altitude) : 2024.61, Kemiringan (pitch) : -3.99, Kemiringan (roll) : -5.02
2026-05-21 09:41:17,2136938, Ketinggian (Altitude) : 2024.60, Kemiringan (pitch) : 14.11, Kemiringan (roll) : -5.95
2026-05-21 09:41:18,2137942, Ketinggian (Altitude) : 2024.57, Kemiringan (pitch) : 12.78, Kemiringan (roll) : -3.46
2026-05-21 09:41:19,2138946, Ketinggian (Altitude) : 2024.54, Kemiringan (pitch) : 9.18, Kemiringan (roll) : -2.57
2026-05-21 09:41:20,2139950, Ketinggian (Altitude) : 2024.56, Kemiringan (pitch) : 11.20, Kemiringan (roll) : -2.89
2026-05-21 09:41:21,2140954, Ketinggian (Altitude) : 2024.53, Kemiringan (pitch) : 15.67, Kemiringan (roll) : -4.55
2026-05-21 09:41:22,2141958, Ketinggian (Altitude) : 2024.53, Kemiringan (pitch) : 21.74, Kemiringan (roll) : -4.96
2026-05-21 09:41:23,2142962, Ketinggian (Altitude) : 2024.53, Kemiringan (pitch) : 10.78, Kemiringan (roll) : 5.07
2026-05-21 09:41:24,2143966, Ketinggian (Altitude) : 2024.54, Kemiringan (pitch) : 12.45, Kemiringan (roll) : -5.05
2026-05-21 09:41:25,2144970, Ketinggian (Altitude) : 2024.54, Kemiringan (pitch) : 18.43, Kemiringan (roll) : -5.34
2026-05-21 09:41:26,2145974, Ketinggian (Altitude) : 2024.52, Kemiringan (pitch) : 18.37, Kemiringan (roll) : -8.49
2026-05-21 09:41:27,2146978, Ketinggian (Altitude) : 2024.52, Kemiringan (pitch) : 4.15, Kemiringan (roll) : -1.01
2026-05-21 09:41:29,2147982, Ketinggian (Altitude) : 2024.50, Kemiringan (pitch) : 7.09, Kemiringan (roll) : -5.56
2026-05-21 09:41:30,2148986, Ketinggian (Altitude) : 2024.50, Kemiringan (pitch) : 2.07, Kemiringan (roll) : 1.97
2026-05-21 09:41:31,2149990, Ketinggian (Altitude) : 2024.50, Kemiringan (pitch) : 11.90, Kemiringan (roll) : -4.48
2026-05-21 09:41:32,2150994, Ketinggian (Altitude) : 2024.50, Kemiringan (pitch) : 11.23, Kemiringan (roll) : -2.17
2026-05-21 09:41:33,2151998, Ketinggian (Altitude) : 2024.47, Kemiringan (pitch) : 16.47, Kemiringan (roll) : -3.76
2026-05-21 09:41:34,2153002, Ketinggian (Altitude) : 2024.47, Kemiringan (pitch) : 18.15, Kemiringan (roll) : 0.91
2026-05-21 09:41:35,2154006, Ketinggian (Altitude) : 2024.44, Kemiringan (pitch) : -2.30, Kemiringan (roll) : 3.84
2026-05-21 09:41:36,2155010, Ketinggian (Altitude) : 2024.43, Kemiringan (pitch) : 19.52, Kemiringan (roll) : 2.33
2026-05-21 09:41:37,2156014, Ketinggian (Altitude) : 2024.40, Kemiringan (pitch) : 31.28, Kemiringan (roll) : 3.85
2026-05-21 09:41:38,2157018, Ketinggian (Altitude) : 2024.40, Kemiringan (pitch) : 11.11, Kemiringan (roll) : 6.21
2026-05-21 09:41:39,2158022, Ketinggian (Altitude) : 2024.37, Kemiringan (pitch) : 12.34, Kemiringan (roll) : 1.05
2026-05-21 09:41:40,2159026, Ketinggian (Altitude) : 2024.34, Kemiringan (pitch) : 7.38, Kemiringan (roll) : -5.07
2026-05-21 09:41:41,2160030, Ketinggian (Altitude) : 2024.31, Kemiringan (pitch) : 3.03, Kemiringan (roll) : 5.15
2026-05-21 09:41:42,2161034, Ketinggian (Altitude) : 2024.28, Kemiringan (pitch) : 13.42, Kemiringan (roll) : -6.35
2026-05-21 09:41:43,2162038, Ketinggian (Altitude) : 2024.25, Kemiringan (pitch) : 20.84, Kemiringan (roll) : -4.30
2026-05-21 09:41:44,2163042, Ketinggian (Altitude) : 2024.22, Kemiringan (pitch) : -0.58, Kemiringan (roll) : 1.99
2026-05-21 09:41:45,2164046, Ketinggian (Altitude) : 2024.19, Kemiringan (pitch) : 17.38, Kemiringan (roll) : -5.78
2026-05-21 09:41:46,2165050, Ketinggian (Altitude) : 2024.14, Kemiringan (pitch) : 4.20, Kemiringan (roll) : -11.33
2026-05-21 09:41:47,2166054, Ketinggian (Altitude) : 2024.13, Kemiringan (pitch) : 4.39, Kemiringan (roll) : 8.43
2026-05-21 09:41:48,2167058, Ketinggian (Altitude) : 2024.10, Kemiringan (pitch) : 15.13, Kemiringan (roll) : 3.06
2026-05-21 09:41:49,2168062, Ketinggian (Altitude) : 2024.04, Kemiringan (pitch) : -2.83, Kemiringan (roll) : -8.21
2026-05-21 09:41:50,2169066, Ketinggian (Altitude) : 2024.04, Kemiringan (pitch) : 4.15, Kemiringan (roll) : 6.63
2026-05-21 09:41:51,2170070, Ketinggian (Altitude) : 2024.01, Kemiringan (pitch) : 9.26, Kemiringan (roll) : -6.69
2026-05-21 09:41:52,2171074, Ketinggian (Altitude) : 2023.95, Kemiringan (pitch) : 7.13, Kemiringan (roll) : -3.75
2026-05-21 09:41:53,2172078, Ketinggian (Altitude) : 2023.94, Kemiringan (pitch) : 5.32, Kemiringan (roll) : 6.65
2026-05-21 09:41:54,2173082, Ketinggian (Altitude) : 2023.91, Kemiringan (pitch) : 8.20, Kemiringan (roll) : 0.82
2026-05-21 09:41:55,2174086, Ketinggian (Altitude) : 2023.85, Kemiringan (pitch) : 14.40, Kemiringan (roll) : 3.24
2026-05-21 09:41:56,2175090, Ketinggian (Altitude) : 2023.80, Kemiringan (pitch) : 9.62, Kemiringan (roll) : -7.35
2026-05-21 09:41:57,2176094, Ketinggian (Altitude) : 2023.77, Kemiringan (pitch) : 1.58, Kemiringan (roll) : -0.49
2026-05-21 09:41:58,2177098, Ketinggian (Altitude) : 2023.71, Kemiringan (pitch) : 12.81, Kemiringan (roll) : 1.56
2026-05-21 09:41:59,2178102, Ketinggian (Altitude) : 2023.65, Kemiringan (pitch) : 13.60, Kemiringan (roll) : -0.03
2026-05-21 09:42:00,2179106, Ketinggian (Altitude) : 2023.61, Kemiringan (pitch) : 16.81, Kemiringan (roll) : 8.23
2026-05-21 09:42:01,2180110, Ketinggian (Altitude) : 2023.55, Kemiringan (pitch) : 17.85, Kemiringan (roll) : 0.44
2026-05-21 09:42:02,2181114, Ketinggian (Altitude) : 2023.47, Kemiringan (pitch) : 24.35, Kemiringan (roll) : 0.06
2026-05-21 09:42:03,2182118, Ketinggian (Altitude) : 2023.47, Kemiringan (pitch) : -2.28, Kemiringan (roll) : 4.69
2026-05-21 09:42:04,2183122, Ketinggian (Altitude) : 2023.42, Kemiringan (pitch) : 15.20, Kemiringan (roll) : 0.40
2026-05-21 09:42:05,2184126, Ketinggian (Altitude) : 2023.39, Kemiringan (pitch) : 10.57, Kemiringan (roll) : -0.73
2026-05-21 09:42:06,2185130, Ketinggian (Altitude) : 2023.33, Kemiringan (pitch) : 11.14, Kemiringan (roll) : 7.74
2026-05-21 09:42:07,2186134, Ketinggian (Altitude) : 2023.29, Kemiringan (pitch) : 8.88, Kemiringan (roll) : 6.78
2026-05-21 09:42:08,2187138, Ketinggian (Altitude) : 2023.23, Kemiringan (pitch) : 13.84, Kemiringan (roll) : 2.91
2026-05-21 09:42:09,2188142, Ketinggian (Altitude) : 2023.17, Kemiringan (pitch) : 15.19, Kemiringan (roll) : 4.55
2026-05-21 09:42:10,2189146, Ketinggian (Altitude) : 2023.14, Kemiringan (pitch) : 2.31, Kemiringan (roll) : 8.92
2026-05-21 09:42:11,2190150, Ketinggian (Altitude) : 2023.08, Kemiringan (pitch) : 8.88, Kemiringan (roll) : 5.95
2026-05-21 09:42:12,2191154, Ketinggian (Altitude) : 2023.03, Kemiringan (pitch) : 4.80, Kemiringan (roll) : 7.22
2026-05-21 09:42:13,2192158, Ketinggian (Altitude) : 2023.01, Kemiringan (pitch) : 7.34, Kemiringan (roll) : 5.98
2026-05-21 09:42:14,2193162, Ketinggian (Altitude) : 2022.96, Kemiringan (pitch) : 3.63, Kemiringan (roll) : 12.00
2026-05-21 09:42:15,2194166, Ketinggian (Altitude) : 2022.91, Kemiringan (pitch) : 6.19, Kemiringan (roll) : 7.87
2026-05-21 09:42:16,2195170, Ketinggian (Altitude) : 2022.88, Kemiringan (pitch) : 16.04, Kemiringan (roll) : 3.01
2026-05-21 09:42:17,2196174, Ketinggian (Altitude) : 2022.84, Kemiringan (pitch) : 7.46, Kemiringan (roll) : 10.95
2026-05-21 09:42:18,2197178, Ketinggian (Altitude) : 2022.81, Kemiringan (pitch) : 9.63, Kemiringan (roll) : 9.56
2026-05-21 09:42:19,2198182, Ketinggian (Altitude) : 2022.78, Kemiringan (pitch) : 2.98, Kemiringan (roll) : 6.38
2026-05-21 09:42:20,2199186, Ketinggian (Altitude) : 2022.76, Kemiringan (pitch) : 12.22, Kemiringan (roll) : 14.05
2026-05-21 09:42:21,2200190, Ketinggian (Altitude) : 2022.73, Kemiringan (pitch) : 9.88, Kemiringan (roll) : 16.62
2026-05-21 09:42:22,2201194, Ketinggian (Altitude) : 2022.68, Kemiringan (pitch) : 14.74, Kemiringan (roll) : 7.93
2026-05-21 09:42:23,2202198, Ketinggian (Altitude) : 2022.62, Kemiringan (pitch) : 30.54, Kemiringan (roll) : 7.08
2026-05-21 09:42:24,2203202, Ketinggian (Altitude) : 2022.59, Kemiringan (pitch) : 8.18, Kemiringan (roll) : 0.58
2026-05-21 09:42:25,2204206, Ketinggian (Altitude) : 2022.52, Kemiringan (pitch) : 3.25, Kemiringan (roll) : 5.65
2026-05-21 09:42:26,2205210, Ketinggian (Altitude) : 2022.49, Kemiringan (pitch) : 20.15, Kemiringan (roll) : 9.62
2026-05-21 09:42:27,2206214, Ketinggian (Altitude) : 2022.43, Kemiringan (pitch) : -1.56, Kemiringan (roll) : 5.18
2026-05-21 09:42:28,2207218, Ketinggian (Altitude) : 2022.41, Kemiringan (pitch) : 3.47, Kemiringan (roll) : 2.19
2026-05-21 09:42:29,2208222, Ketinggian (Altitude) : 2022.37, Kemiringan (pitch) : 12.49, Kemiringan (roll) : 16.29
2026-05-21 09:42:30,2209226, Ketinggian (Altitude) : 2022.33, Kemiringan (pitch) : 7.33, Kemiringan (roll) : 10.67
2026-05-21 09:42:31,2210230, Ketinggian (Altitude) : 2022.29, Kemiringan (pitch) : 22.66, Kemiringan (roll) : 8.22
2026-05-21 09:42:32,2211234, Ketinggian (Altitude) : 2022.26, Kemiringan (pitch) : 25.81, Kemiringan (roll) : 11.20
2026-05-21 09:42:33,2212238, Ketinggian (Altitude) : 2022.20, Kemiringan (pitch) : 5.76, Kemiringan (roll) : 1.12
2026-05-21 09:42:34,2213242, Ketinggian (Altitude) : 2022.18, Kemiringan (pitch) : 6.74, Kemiringan (roll) : 9.79
2026-05-21 09:42:35,2214246, Ketinggian (Altitude) : 2022.10, Kemiringan (pitch) : 13.70, Kemiringan (roll) : 6.00
2026-05-21 09:42:36,2215250, Ketinggian (Altitude) : 2022.07, Kemiringan (pitch) : 1.42, Kemiringan (roll) : 1.77
2026-05-21 09:42:37,2216254, Ketinggian (Altitude) : 2022.01, Kemiringan (pitch) : 13.04, Kemiringan (roll) : 8.46
2026-05-21 09:42:38,2217258, Ketinggian (Altitude) : 2021.98, Kemiringan (pitch) : 10.01, Kemiringan (roll) : -5.77
2026-05-21 09:42:39,2218262, Ketinggian (Altitude) : 2021.97, Kemiringan (pitch) : 16.34, Kemiringan (roll) : -6.07
2026-05-21 09:42:40,2219266, Ketinggian (Altitude) : 2021.93, Kemiringan (pitch) : 5.41, Kemiringan (roll) : -11.94
2026-05-21 09:42:41,2220270, Ketinggian (Altitude) : 2021.89, Kemiringan (pitch) : 24.92, Kemiringan (roll) : 15.94
2026-05-21 09:42:42,2221274, Ketinggian (Altitude) : 2021.86, Kemiringan (pitch) : 13.57, Kemiringan (roll) : 16.42
2026-05-21 09:42:43,2222278, Ketinggian (Altitude) : 2021.83, Kemiringan (pitch) : 16.27, Kemiringan (roll) : 7.16
2026-05-21 09:42:44,2223282, Ketinggian (Altitude) : 2021.80, Kemiringan (pitch) : 16.38, Kemiringan (roll) : 15.05
2026-05-21 09:42:45,2224286, Ketinggian (Altitude) : 2021.76, Kemiringan (pitch) : 19.21, Kemiringan (roll) : 12.68
2026-05-21 09:42:46,2225290, Ketinggian (Altitude) : 2021.73, Kemiringan (pitch) : 8.68, Kemiringan (roll) : 13.09
2026-05-21 09:42:47,2226294, Ketinggian (Altitude) : 2021.67, Kemiringan (pitch) : 7.84, Kemiringan (roll) : 10.83
2026-05-21 09:42:48,2227298, Ketinggian (Altitude) : 2021.61, Kemiringan (pitch) : 5.10, Kemiringan (roll) : 8.00
2026-05-21 09:42:49,2228302, Ketinggian (Altitude) : 2021.55, Kemiringan (pitch) : 13.67, Kemiringan (roll) : 3.81
2026-05-21 09:42:50,2229306, Ketinggian (Altitude) : 2021.50, Kemiringan (pitch) : -0.32, Kemiringan (roll) : 8.95
2026-05-21 09:42:51,2230310, Ketinggian (Altitude) : 2021.44, Kemiringan (pitch) : 5.54, Kemiringan (roll) : 5.21
2026-05-21 09:42:52,2231314, Ketinggian (Altitude) : 2021.41, Kemiringan (pitch) : 7.02, Kemiringan (roll) : 4.66
2026-05-21 09:42:53,2232318, Ketinggian (Altitude) : 2021.33, Kemiringan (pitch) : 10.42, Kemiringan (roll) : 10.85
2026-05-21 09:42:54,2233322, Ketinggian (Altitude) : 2021.31, Kemiringan (pitch) : 8.86, Kemiringan (roll) : 9.58
2026-05-21 09:42:55,2234326, Ketinggian (Altitude) : 2021.28, Kemiringan (pitch) : 9.27, Kemiringan (roll) : 14.95
2026-05-21 09:42:56,2235330, Ketinggian (Altitude) : 2021.22, Kemiringan (pitch) : 18.73, Kemiringan (roll) : 11.75
2026-05-21 09:42:57,2236334, Ketinggian (Altitude) : 2021.18, Kemiringan (pitch) : 21.23, Kemiringan (roll) : 6.37
2026-05-21 09:42:58,2237338, Ketinggian (Altitude) : 2021.15, Kemiringan (pitch) : 2.94, Kemiringan (roll) : 12.13
2026-05-21 09:42:59,2238342, Ketinggian (Altitude) : 2021.08, Kemiringan (pitch) : 15.28, Kemiringan (roll) : 11.88
2026-05-21 09:43:00,2239346, Ketinggian (Altitude) : 2021.06, Kemiringan (pitch) : 10.61, Kemiringan (roll) : 5.88
2026-05-21 09:43:01,2240350, Ketinggian (Altitude) : 2021.01, Kemiringan (pitch) : 15.75, Kemiringan (roll) : 13.19
2026-05-21 09:43:02,2241354, Ketinggian (Altitude) : 2020.98, Kemiringan (pitch) : 11.58, Kemiringan (roll) : 16.40
2026-05-21 09:43:03,2242358, Ketinggian (Altitude) : 2020.90, Kemiringan (pitch) : 20.09, Kemiringan (roll) : 9.77
2026-05-21 09:43:04,2243362, Ketinggian (Altitude) : 2020.89, Kemiringan (pitch) : 27.03, Kemiringan (roll) : 6.91
2026-05-21 09:43:05,2244366, Ketinggian (Altitude) : 2020.83, Kemiringan (pitch) : 6.68, Kemiringan (roll) : 15.75
2026-05-21 09:43:06,2245370, Ketinggian (Altitude) : 2020.81, Kemiringan (pitch) : 10.79, Kemiringan (roll) : 5.77
2026-05-21 09:43:07,2246374, Ketinggian (Altitude) : 2020.78, Kemiringan (pitch) : 4.33, Kemiringan (roll) : 1.95
2026-05-21 09:43:08,2247378, Ketinggian (Altitude) : 2020.75, Kemiringan (pitch) : 1.59, Kemiringan (roll) : 3.42
2026-05-21 09:43:09,2248382, Ketinggian (Altitude) : 2020.72, Kemiringan (pitch) : 16.43, Kemiringan (roll) : 8.62
2026-05-21 09:43:10,2249386, Ketinggian (Altitude) : 2020.67, Kemiringan (pitch) : 9.74, Kemiringan (roll) : 12.29
2026-05-21 09:43:11,2250390, Ketinggian (Altitude) : 2020.64, Kemiringan (pitch) : 9.52, Kemiringan (roll) : 4.41
2026-05-21 09:43:12,2251394, Ketinggian (Altitude) : 2020.61, Kemiringan (pitch) : 13.07, Kemiringan (roll) : 13.91
2026-05-21 09:43:13,2252398, Ketinggian (Altitude) : 2020.60, Kemiringan (pitch) : 13.08, Kemiringan (roll) : 9.47
2026-05-21 09:43:14,2253402, Ketinggian (Altitude) : 2020.56, Kemiringan (pitch) : 28.01, Kemiringan (roll) : 10.58
2026-05-21 09:43:15,2254406, Ketinggian (Altitude) : 2020.52, Kemiringan (pitch) : 1.02, Kemiringan (roll) : 5.09
2026-05-21 09:43:16,2255410, Ketinggian (Altitude) : 2020.49, Kemiringan (pitch) : -6.73, Kemiringan (roll) : 3.64
2026-05-21 09:43:17,2256414, Ketinggian (Altitude) : 2020.46, Kemiringan (pitch) : 8.87, Kemiringan (roll) : 3.27
2026-05-21 09:43:18,2257418, Ketinggian (Altitude) : 2020.41, Kemiringan (pitch) : 8.10, Kemiringan (roll) : 13.18
2026-05-21 09:43:19,2258422, Ketinggian (Altitude) : 2020.39, Kemiringan (pitch) : 10.95, Kemiringan (roll) : 9.54
2026-05-21 09:43:20,2259426, Ketinggian (Altitude) : 2020.37, Kemiringan (pitch) : 19.19, Kemiringan (roll) : 5.70
2026-05-21 09:43:21,2260430, Ketinggian (Altitude) : 2020.37, Kemiringan (pitch) : 10.79, Kemiringan (roll) : 3.88
2026-05-21 09:43:22,2261434, Ketinggian (Altitude) : 2020.33, Kemiringan (pitch) : 6.18, Kemiringan (roll) : -0.57
2026-05-21 09:43:23,2262438, Ketinggian (Altitude) : 2020.30, Kemiringan (pitch) : 0.11, Kemiringan (roll) : 10.65
2026-05-21 09:43:24,2263442, Ketinggian (Altitude) : 2020.29, Kemiringan (pitch) : 10.64, Kemiringan (roll) : 9.19
2026-05-21 09:43:25,2264446, Ketinggian (Altitude) : 2020.27, Kemiringan (pitch) : 20.08, Kemiringan (roll) : 10.19
2026-05-21 09:43:26,2265450, Ketinggian (Altitude) : 2020.24, Kemiringan (pitch) : -6.37, Kemiringan (roll) : 3.85
2026-05-21 09:43:27,2266454, Ketinggian (Altitude) : 2020.21, Kemiringan (pitch) : 12.68, Kemiringan (roll) : 8.87
2026-05-21 09:43:28,2267458, Ketinggian (Altitude) : 2020.18, Kemiringan (pitch) : 2.40, Kemiringan (roll) : -1.98
2026-05-21 09:43:29,2268462, Ketinggian (Altitude) : 2020.16, Kemiringan (pitch) : 14.11, Kemiringan (roll) : 13.45
2026-05-21 09:43:30,2269466, Ketinggian (Altitude) : 2020.13, Kemiringan (pitch) : 14.72, Kemiringan (roll) : 7.84
2026-05-21 09:43:31,2270470, Ketinggian (Altitude) : 2020.13, Kemiringan (pitch) : 26.68, Kemiringan (roll) : 8.08
2026-05-21 09:43:32,2271474, Ketinggian (Altitude) : 2020.10, Kemiringan (pitch) : 5.58, Kemiringan (roll) : 4.75
2026-05-21 09:43:33,2272478, Ketinggian (Altitude) : 2020.07, Kemiringan (pitch) : -0.58, Kemiringan (roll) : -5.62
2026-05-21 09:43:34,2273482, Ketinggian (Altitude) : 2020.06, Kemiringan (pitch) : 7.57, Kemiringan (roll) : 6.38
2026-05-21 09:43:35,2274486, Ketinggian (Altitude) : 2020.06, Kemiringan (pitch) : -11.07, Kemiringan (roll) : -3.23
2026-05-21 09:43:36,2275490, Ketinggian (Altitude) : 2020.01, Kemiringan (pitch) : 3.33, Kemiringan (roll) : 9.64
2026-05-21 09:43:37,2276494, Ketinggian (Altitude) : 2019.97, Kemiringan (pitch) : 1.42, Kemiringan (roll) : 9.52
2026-05-21 09:43:38,2277498, Ketinggian (Altitude) : 2019.91, Kemiringan (pitch) : 17.10, Kemiringan (roll) : 3.69
2026-05-21 09:43:39,2278502, Ketinggian (Altitude) : 2019.83, Kemiringan (pitch) : 7.66, Kemiringan (roll) : 2.80
2026-05-21 09:43:40,2279506, Ketinggian (Altitude) : 2019.74, Kemiringan (pitch) : 5.67, Kemiringan (roll) : 6.22
2026-05-21 09:43:41,2280510, Ketinggian (Altitude) : 2019.63, Kemiringan (pitch) : 4.14, Kemiringan (roll) : 2.37
2026-05-21 09:43:42,2281514, Ketinggian (Altitude) : 2019.51, Kemiringan (pitch) : 13.04, Kemiringan (roll) : 12.67
2026-05-21 09:43:43,2282518, Ketinggian (Altitude) : 2019.34, Kemiringan (pitch) : 9.31, Kemiringan (roll) : 17.66
2026-05-21 09:43:44,2283522, Ketinggian (Altitude) : 2019.17, Kemiringan (pitch) : 4.99, Kemiringan (roll) : 3.41
2026-05-21 09:43:45,2284526, Ketinggian (Altitude) : 2018.95, Kemiringan (pitch) : 15.10, Kemiringan (roll) : 4.86
2026-05-21 09:43:46,2285530, Ketinggian (Altitude) : 2018.75, Kemiringan (pitch) : 31.54, Kemiringan (roll) : -1.19
2026-05-21 09:43:47,2286534, Ketinggian (Altitude) : 2018.52, Kemiringan (pitch) : 4.73, Kemiringan (roll) : 9.36
2026-05-21 09:43:48,2287538, Ketinggian (Altitude) : 2018.40, Kemiringan (pitch) : 8.04, Kemiringan (roll) : 5.10
2026-05-21 09:43:49,2288542, Ketinggian (Altitude) : 2018.14, Kemiringan (pitch) : 6.47, Kemiringan (roll) : 0.51
2026-05-21 09:43:50,2289546, Ketinggian (Altitude) : 2017.88, Kemiringan (pitch) : 4.34, Kemiringan (roll) : 5.92
2026-05-21 09:43:51,2290550, Ketinggian (Altitude) : 2017.61, Kemiringan (pitch) : 7.05, Kemiringan (roll) : 15.40
2026-05-21 09:43:52,2291554, Ketinggian (Altitude) : 2017.30, Kemiringan (pitch) : 5.64, Kemiringan (roll) : 5.56
2026-05-21 09:43:53,2292558, Ketinggian (Altitude) : 2017.02, Kemiringan (pitch) : 16.98, Kemiringan (roll) : -12.59
2026-05-21 09:43:54,2293562, Ketinggian (Altitude) : 2016.74, Kemiringan (pitch) : -4.05, Kemiringan (roll) : 7.39
2026-05-21 09:43:55,2294566, Ketinggian (Altitude) : 2016.46, Kemiringan (pitch) : 15.38, Kemiringan (roll) : 6.69
2026-05-21 09:43:56,2295570, Ketinggian (Altitude) : 2016.17, Kemiringan (pitch) : 2.77, Kemiringan (roll) : 11.74
2026-05-21 09:43:57,2296574, Ketinggian (Altitude) : 2015.85, Kemiringan (pitch) : 14.06, Kemiringan (roll) : 5.90
2026-05-21 09:43:58,2297578, Ketinggian (Altitude) : 2015.54, Kemiringan (pitch) : 8.17, Kemiringan (roll) : 5.90
2026-05-21 09:43:59,2298582, Ketinggian (Altitude) : 2015.25, Kemiringan (pitch) : 9.98, Kemiringan (roll) : 7.62
2026-05-21 09:44:00,2299586, Ketinggian (Altitude) : 2014.92, Kemiringan (pitch) : 11.02, Kemiringan (roll) : 11.44
2026-05-21 09:44:01,2300590, Ketinggian (Altitude) : 2014.77, Kemiringan (pitch) : 20.81, Kemiringan (roll) : 4.80
2026-05-21 09:44:02,2301594, Ketinggian (Altitude) : 2014.50, Kemiringan (pitch) : 24.22, Kemiringan (roll) : 5.31
2026-05-21 09:44:03,2302598, Ketinggian (Altitude) : 2014.26, Kemiringan (pitch) : 13.20, Kemiringan (roll) : -1.41
2026-05-21 09:44:04,2303602, Ketinggian (Altitude) : 2014.03, Kemiringan (pitch) : 10.52, Kemiringan (roll) : 2.58
2026-05-21 09:44:05,2304606, Ketinggian (Altitude) : 2013.83, Kemiringan (pitch) : 13.48, Kemiringan (roll) : 1.00
2026-05-21 09:44:06,2305610, Ketinggian (Altitude) : 2013.66, Kemiringan (pitch) : 10.48, Kemiringan (roll) : 16.23
2026-05-21 09:44:07,2306614, Ketinggian (Altitude) : 2013.49, Kemiringan (pitch) : 8.39, Kemiringan (roll) : 22.00
2026-05-21 09:44:08,2307618, Ketinggian (Altitude) : 2013.38, Kemiringan (pitch) : 0.33, Kemiringan (roll) : -2.02
2026-05-21 09:44:09,2308622, Ketinggian (Altitude) : 2013.26, Kemiringan (pitch) : 0.58, Kemiringan (roll) : -1.98
2026-05-21 09:44:10,2309626, Ketinggian (Altitude) : 2013.17, Kemiringan (pitch) : 0.41, Kemiringan (roll) : -2.21
2026-05-21 09:44:11,2310630, Ketinggian (Altitude) : 2013.09, Kemiringan (pitch) : 0.67, Kemiringan (roll) : -2.19
2026-05-21 09:44:12,2311634, Ketinggian (Altitude) : 2013.03, Kemiringan (pitch) : 0.59, Kemiringan (roll) : -2.27
2026-05-21 09:44:13,2312638, Ketinggian (Altitude) : 2012.97, Kemiringan (pitch) : 0.49, Kemiringan (roll) : -2.19
2026-05-21 09:44:14,2313642, Ketinggian (Altitude) : 2012.94, Kemiringan (pitch) : 0.58, Kemiringan (roll) : -2.27
2026-05-21 09:44:15,2314646, Ketinggian (Altitude) : 2012.90, Kemiringan (pitch) : 0.52, Kemiringan (roll) : -2.19
2026-05-21 09:44:16,2315650, Ketinggian (Altitude) : 2012.87, Kemiringan (pitch) : 0.55, Kemiringan (roll) : -2.25
