Waktu_Laptop,Waktu_Boot_ESP32_ms,Ketinggian_m,Pitch_deg,Roll_deg
2026-05-21 10:18:01,.05, Kemiringan (roll) : -8.21
2026-05-21 10:18:01,.05, Kemiringan (roll) : -8.21
2026-05-21 10:18:01,.05, Kemiringan (roll) : -8.21
2026-05-21 10:18:01,.05, Kemiringan (roll) : -8.21
2026-05-21 10:18:01,.05, Kemiringan (roll) : -8.21
2026-05-21 10:18:01,.05, Kemiringan (roll) : -8.21
2026-05-21 10:18:01,.05, Kemiringan (roll) : -8.21
2026-05-21 10:18:01,.05, Kemiringan (roll) : -8.21
2026-05-21 10:18:01,.05, Kemiringan (roll) : -8.21
2026-05-21 10:18:01,.05, Kemiringan (roll) : -8.21
2026-05-21 10:18:01,.05, Kemiringan (roll) : -8.21
2026-05-21 10:18:01,.05, Kemiringan (roll) : -8.21
2026-05-21 10:18:01,.05, Kemiringan (roll) : -8.21
2026-05-21 10:18:01,.05, Kemiringan (roll) : -8.21
2026-05-21 10:18:01,.05, Kemiringan (roll) : -8.21
2026-05-21 10:18:01,.05, Kemiringan (roll) : -8.21
2026-05-21 10:18:01,.05, Kemiringan (roll) : -8.21
2026-05-21 10:18:01,.05, Kemiringan (roll) : -8.21
2026-05-21 10:18:01,.05, Kemiringan (roll) : -8.21
2026-05-21 10:18:01,.05, Kemiringan (roll) : -8.21
2026-05-21 10:18:01,.05, Kemiringan (roll) : -8.21
2026-05-21 10:18:01,.05, Kemiringan (roll) : -8.21
2026-05-21 10:18:01,.05, Kemiringan (roll) : -8.21
2026-05-21 10:18:01,.05, Kemiringan (roll) : -8.21
2026-05-21 10:18:01,.05, Kemiringan (roll) : -8.21
2026-05-21 10:18:01,.05, Kemiringan (roll) : -8.21
2026-05-21 10:18:01,.05, Kemiringan (roll) : -8.21
2026-05-21 10:18:01,.05, Kemiringan (roll) : -8.21
2026-05-21 10:18:01,.05, Kemiringan (roll) : -8.21
2026-05-21 10:18:01,.05, Kemiringan (roll) : -8.21
2026-05-21 10:18:01,.05, Kemiringan (roll) : -8.21
2026-05-21 10:18:01,.05, Kemiringan (roll) : -8.21
2026-05-21 10:18:01,.05, Kemiringan (roll) : -8.21
2026-05-21 10:18:01,.05, Kemiringan (roll) : -8.21
2026-05-21 10:18:01,.05, Kemiringan (roll) : -8.21
2026-05-21 10:18:01,.05, Kemiringan (roll) : -8.21
2026-05-21 10:18:01,.05, Kemiringan (roll) : -8.21
2026-05-21 10:18:01,.05, Kemiringan (roll) : -8.21
2026-05-21 10:18:01,.05, Kemiringan (roll) : -8.21
2026-05-21 10:18:01,.05, Kemiringan (roll) : -8.21
2026-05-21 10:18:01,.05, Kemiringan (roll) : -8.21
2026-05-21 10:18:01,.05, Kemiringan (roll) : -8.21
2026-05-21 10:18:01,.05, Kemiringan (roll) : -8.21
2026-05-21 10:18:01,.05, Kemiringan (roll) : -8.21
2026-05-21 10:18:01,.05, Kemiringan (roll) : -8.21
2026-05-21 10:18:01,.05, Kemiringan (roll) : -8.21
2026-05-21 10:18:01,.05, Kemiringan (roll) : -8.21
2026-05-21 10:18:01,.05, Kemiringan (roll) : -8.21
2026-05-21 10:18:01,.05, Kemiringan (roll) : -8.21
2026-05-21 10:18:01,.05, Kemiringan (roll) : -8.21
2026-05-21 10:18:01,.05, Kemiringan (roll) : -8.21
2026-05-21 10:18:01,.05, Kemiringan (roll) : -8.21
2026-05-21 10:18:01,.05, Kemiringan (roll) : -8.21
2026-05-21 10:18:01,.05, Kemiringan (roll) : -8.21
2026-05-21 10:18:01,.05, Kemiringan (roll) : -8.21
2026-05-21 10:18:01,.05, Kemiringan (roll) : -8.21
2026-05-21 10:18:01,.05, Kemiringan (roll) : -8.21
2026-05-21 10:18:01,.05, Kemiringan (roll) : -8.21
2026-05-21 10:18:01,.05, Kemiringan (roll) : -8.21
2026-05-21 10:18:01,.05, Kemiringan (roll) : -8.21
2026-05-21 10:18:01,.05, Kemiringan (roll) : -8.21
2026-05-21 10:18:01,.05, Kemiringan (roll) : -8.21
2026-05-21 10:18:01,.05, Kemiringan (roll) : -8.21
2026-05-21 10:18:01,.05, Kemiringan (roll) : -8.21
2026-05-21 10:18:01,.05, Kemiringan (roll) : -8.21
2026-05-21 10:18:01,.05, Kemiringan (roll) : -8.21
2026-05-21 10:18:01,.05, Kemiringan (roll) : -8.21
2026-05-21 10:18:01,.05, Kemiringan (roll) : -8.21
2026-05-21 10:18:01,.05, Kemiringan (roll) : -8.21
2026-05-21 10:18:01,.05, Kemiringan (roll) : -8.21
2026-05-21 10:18:01,.05, Kemiringan (roll) : -8.21
2026-05-21 10:18:01,.05, Kemiringan (roll) : -8.21
2026-05-21 10:18:01,.05, Kemiringan (roll) : -8.21
2026-05-21 10:18:01,.05, Kemiringan (roll) : -8.21
2026-05-21 10:18:01,.05, Kemiringan (roll) : -8.21
2026-05-21 10:18:01,.05, Kemiringan (roll) : -8.21
2026-05-21 10:18:01,.05, Kemiringan (roll) : -8.21
2026-05-21 10:18:01,.05, Kemiringan (roll) : -8.21
2026-05-21 10:18:01,.05, Kemiringan (roll) : -8.21
2026-05-21 10:18:01,.05, Kemiringan (roll) : -8.21
2026-05-21 10:18:01,.05, Kemiringan (roll) : -8.21
2026-05-21 10:18:01,.05, Kemiringan (roll) : -8.21
2026-05-21 10:18:01,.05, Kemiringan (roll) : -8.21
2026-05-21 10:18:01,.05, Kemiringan (roll) : -8.21
2026-05-21 10:18:01,.05, Kemiringan (roll) : -8.21
2026-05-21 10:18:01,.05, Kemiringan (roll) : -8.21
2026-05-21 10:18:01,.05, Kemiringan (roll) : -8.21
2026-05-21 10:18:01,.05, Kemiringan (roll) : -8.21
2026-05-21 10:18:01,.05, Kemiringan (roll) : -8.21
2026-05-21 10:18:01,.05, Kemiringan (roll) : -8.21
2026-05-21 10:18:01,.05, Kemiringan (roll) : -8.21
2026-05-21 10:18:01,.05, Kemiringan (roll) : -8.21
2026-05-21 10:18:01,.05, Kemiringan (roll) : -8.21
2026-05-21 10:18:01,.05, Kemiringan (roll) : -8.21
2026-05-21 10:18:01,.05, Kemiringan (roll) : -8.21
2026-05-21 10:18:01,.05, Kemiringan (roll) : -8.21
2026-05-21 10:18:01,.05, Kemiringan (roll) : -8.21
2026-05-21 10:18:01,.05, Kemiringan (roll) : -8.21
2026-05-21 10:18:01,.05, Kemiringan (roll) : -8.21
2026-05-21 10:18:01,.05, Kemiringan (roll) : -8.21
2026-05-21 10:18:01,.05, Kemiringan (roll) : -8.21
2026-05-21 10:18:01,.05, Kemiringan (roll) : -8.21
2026-05-21 10:18:01,.05, Kemiringan (roll) : -8.21
2026-05-21 10:18:01,.05, Kemiringan (roll) : -8.21
2026-05-21 10:18:01,.05, Kemiringan (roll) : -8.21
2026-05-21 10:18:01,.05, Kemiringan (roll) : -8.21
2026-05-21 10:18:01,.05, Kemiringan (roll) : -8.21
2026-05-21 10:18:01,.05, Kemiringan (roll) : -8.21
2026-05-21 10:18:01,.05, Kemiringan (roll) : -8.21
2026-05-21 10:18:01,.05, Kemiringan (roll) : -8.21
2026-05-21 10:18:01,.05, Kemiringan (roll) : -8.21
2026-05-21 10:18:01,.05, Kemiringan (roll) : -8.21
2026-05-21 10:18:01,.05, Kemiringan (roll) : -8.21
2026-05-21 10:18:01,.05, Kemiringan (roll) : -8.21
2026-05-21 10:18:01,.05, Kemiringan (roll) : -8.21
2026-05-21 10:18:01,.05, Kemiringan (roll) : -8.21
2026-05-21 10:18:01,.05, Kemiringan (roll) : -8.21
2026-05-21 10:18:01,.05, Kemiringan (roll) : -8.21
2026-05-21 10:18:01,.05, Kemiringan (roll) : -8.21
2026-05-21 10:18:01,.05, Kemiringan (roll) : -8.21
2026-05-21 10:18:01,.05, Kemiringan (roll) : -8.21
2026-05-21 10:18:01,.05, Kemiringan (roll) : -8.21
2026-05-21 10:18:01,.05, Kemiringan (roll) : -8.21
2026-05-21 10:18:01,.05, Kemiringan (roll) : -8.21
2026-05-21 10:18:01,.05, Kemiringan (roll) : -8.21
2026-05-21 10:18:01,.05, Kemiringan (roll) : -8.21
2026-05-21 10:18:01,.05, Kemiringan (roll) : -8.21
2026-05-21 10:18:01,.05, Kemiringan (roll) : -8.21
2026-05-21 10:18:01,.05, Kemiringan (roll) : -8.21
2026-05-21 10:18:01,.05, Kemiringan (roll) : -8.21
2026-05-21 10:18:01,.05, Kemiringan (roll) : -8.21
2026-05-21 10:18:01,.05, Kemiringan (roll) : -8.21
2026-05-21 10:18:01,.05, Kemiringan (roll) : -8.21
2026-05-21 10:18:01,.05, Kemiringan (roll) : -8.21
2026-05-21 10:18:01,.05, Kemiringan (roll) : -8.21
2026-05-21 10:18:01,.05, Kemiringan (roll) : -8.21
2026-05-21 10:18:01,.05, Kemiringan (roll) : -8.21
2026-05-21 10:18:01,.05, Kemiringan (roll) : -8.21
2026-05-21 10:18:01,.05, Kemiringan (roll) : -8.21
2026-05-21 10:18:01,.05, Kemiringan (roll) : -8.21
2026-05-21 10:18:01,.05, Kemiringan (roll) : -8.21
2026-05-21 10:18:01,.05, Kemiringan (roll) : -8.21
2026-05-21 10:18:01,.05, Kemiringan (roll) : -8.21
2026-05-21 10:18:01,.05, Kemiringan (roll) : -8.21
2026-05-21 10:18:01,.05, Kemiringan (roll) : -8.21
2026-05-21 10:18:01,.05, Kemiringan (roll) : -8.21
2026-05-21 10:18:01,.05, Kemiringan (roll) : -8.21
2026-05-21 10:18:01,.05, Kemiringan (roll) : -8.21
2026-05-21 10:18:01,.05, Kemiringan (roll) : -8.21
2026-05-21 10:18:01,.05, Kemiringan (roll) : -8.21
2026-05-21 10:18:01,.05, Kemiringan (roll) : -8.21
2026-05-21 10:18:01,.05, Kemiringan (roll) : -8.21
2026-05-21 10:18:01,.05, Kemiringan (roll) : -8.21
2026-05-21 10:18:01,.05, Kemiringan (roll) : -8.21
2026-05-21 10:18:01,.05, Kemiringan (roll) : -8.21
2026-05-21 10:18:01,.05, Kemiringan (roll) : -8.21
2026-05-21 10:18:01,.05, Kemiringan (roll) : -8.21
2026-05-21 10:18:01,.05, Kemiringan (roll) : -8.21
2026-05-21 10:18:01,.05, Kemiringan (roll) : -8.21
2026-05-21 10:18:01,.05, Kemiringan (roll) : -8.21
2026-05-21 10:18:01,.05, Kemiringan (roll) : -8.21
2026-05-21 10:18:01,.05, Kemiringan (roll) : -8.21
2026-05-21 10:18:01,.05, Kemiringan (roll) : -8.21
2026-05-21 10:18:01,.05, Kemiringan (roll) : -8.21
2026-05-21 10:18:01,.05, Kemiringan (roll) : -8.21
2026-05-21 10:18:01,.05, Kemiringan (roll) : -8.21
2026-05-21 10:18:01,.05, Kemiringan (roll) : -8.21
2026-05-21 10:18:01,.05, Kemiringan (roll) : -8.21
2026-05-21 10:18:01,.05, Kemiringan (roll) : -8.21
2026-05-21 10:18:01,.05, Kemiringan (roll) : -8.21
2026-05-21 10:18:01,.05, Kemiringan (roll) : -8.21
2026-05-21 10:18:01,.05, Kemiringan (roll) : -8.21
2026-05-21 10:18:01,.05, Kemiringan (roll) : -8.21
2026-05-21 10:18:01,.05, Kemiringan (roll) : -8.21
2026-05-21 10:18:01,.05, Kemiringan (roll) : -8.21
2026-05-21 10:18:01,.05, Kemiringan (roll) : -8.21
2026-05-21 10:18:01,.05, Kemiringan (roll) : -8.21
2026-05-21 10:18:01,.05, Kemiringan (roll) : -8.21
2026-05-21 10:18:01,.05, Kemiringan (roll) : -8.21
2026-05-21 10:18:01,.05, Kemiringan (roll) : -8.21
2026-05-21 10:18:01,.05, Kemiringan (roll) : -8.21
2026-05-21 10:18:01,.05, Kemiringan (roll) : -8.21
2026-05-21 10:18:01,.05, Kemiringan (roll) : -8.21
2026-05-21 10:18:01,.05, Kemiringan (roll) : -8.21
2026-05-21 10:18:01,.05, Kemiringan (roll) : -8.21
2026-05-21 10:18:01,.05, Kemiringan (roll) : -8.21
2026-05-21 10:18:01,.05, Kemiringan (roll) : -8.21
2026-05-21 10:18:01,.05, Kemiringan (roll) : -8.21
2026-05-21 10:18:01,.05, Kemiringan (roll) : -8.21
2026-05-21 10:18:01,.05, Kemiringan (roll) : -8.21
2026-05-21 10:18:01,.05, Kemiringan (roll) : -8.21
2026-05-21 10:18:01,.05, Kemiringan (roll) : -8.21
2026-05-21 10:18:01,.05, Kemiringan (roll) : -8.21
2026-05-21 10:18:01,.05, Kemiringan (roll) : -8.21
2026-05-21 10:18:01,.05, Kemiringan (roll) : -8.21
2026-05-21 10:18:01,.05, Kemiringan (roll) : -8.21
2026-05-21 10:18:01,.05, Kemiringan (roll) : -8.21
2026-05-21 10:18:01,.05, Kemiringan (roll) : -8.21
2026-05-21 10:18:01,.05, Kemiringan (roll) : -8.21
2026-05-21 10:18:01,.05, Kemiringan (roll) : -8.21
2026-05-21 10:18:01,.05, Kemiringan (roll) : -8.21
2026-05-21 10:18:01,.05, Kemiringan (roll) : -8.21
2026-05-21 10:18:01,.05, Kemiringan (roll) : -8.21
2026-05-21 10:18:01,.05, Kemiringan (roll) : -8.21
2026-05-21 10:18:01,.05, Kemiringan (roll) : -8.21
2026-05-21 10:18:01,.05, Kemiringan (roll) : -8.21
2026-05-21 10:18:01,.05, Kemiringan (roll) : -8.21
2026-05-21 10:18:01,.05, Kemiringan (roll) : -8.21
2026-05-21 10:18:01,.05, Kemiringan (roll) : -8.21
2026-05-21 10:18:01,.05, Kemiringan (roll) : -8.21
2026-05-21 10:18:01,.05, Kemiringan (roll) : -8.21
2026-05-21 10:18:01,.05, Kemiringan (roll) : -8.21
2026-05-21 10:18:01,.05, Kemiringan (roll) : -8.21
2026-05-21 10:18:01,.05, Kemiringan (roll) : -8.21
2026-05-21 10:18:01,.05, Kemiringan (roll) : -8.21
2026-05-21 10:18:01,.05, Kemiringan (roll) : -8.21
2026-05-21 10:18:01,.05, Kemiringan (roll) : -8.21
2026-05-21 10:18:01,.05, Kemiringan (roll) : -8.21
2026-05-21 10:18:01,.05, Kemiringan (roll) : -8.21
2026-05-21 10:18:01,.05, Kemiringan (roll) : -8.21
2026-05-21 10:18:01,.05, Kemiringan (roll) : -8.21
2026-05-21 10:18:01,.05, Kemiringan (roll) : -8.21
2026-05-21 10:18:01,.05, Kemiringan (roll) : -8.21
2026-05-21 10:18:01,.05, Kemiringan (roll) : -8.21
2026-05-21 10:18:01,.05, Kemiringan (roll) : -8.21
2026-05-21 10:18:01,.05, Kemiringan (roll) : -8.21
2026-05-21 10:18:01,.05, Kemiringan (roll) : -8.21
2026-05-21 10:18:01,.05, Kemiringan (roll) : -8.21
2026-05-21 10:18:01,.05, Kemiringan (roll) : -8.21
2026-05-21 10:18:01,.05, Kemiringan (roll) : -8.21
2026-05-21 10:18:01,.05, Kemiringan (roll) : -8.21
2026-05-21 10:18:01,.05, Kemiringan (roll) : -8.21
2026-05-21 10:18:01,.05, Kemiringan (roll) : -8.21
2026-05-21 10:18:01,.05, Kemiringan (roll) : -8.21
2026-05-21 10:18:01,.05, Kemiringan (roll) : -8.21
2026-05-21 10:18:01,.05, Kemiringan (roll) : -8.21
2026-05-21 10:18:01,.05, Kemiringan (roll) : -8.21
2026-05-21 10:18:01,.05, Kemiringan (roll) : -8.21
2026-05-21 10:18:01,.05, Kemiringan (roll) : -8.21
2026-05-21 10:18:01,.05, Kemiringan (roll) : -8.21
2026-05-21 10:18:01,.05, Kemiringan (roll) : -8.21
2026-05-21 10:18:01,.05, Kemiringan (roll) : -8.21
2026-05-21 10:18:01,.05, Kemiringan (roll) : -8.21
2026-05-21 10:18:01,.05, Kemiringan (roll) : -8.21
2026-05-21 10:18:01,.05, Kemiringan (roll) : -8.21
2026-05-21 10:18:01,.05, Kemiringan (roll) : -8.21
2026-05-21 10:18:01,.05, Kemiringan (roll) : -8.21
2026-05-21 10:18:01,.05, Kemiringan (roll) : -8.21
2026-05-21 10:18:01,.05, Kemiringan (roll) : -8.21
2026-05-21 10:18:01,.05, Kemiringan (roll) : -8.21
2026-05-21 10:18:01,.05, Kemiringan (roll) : -8.21
2026-05-21 10:18:01,.05, Kemiringan (roll) : -8.21
2026-05-21 10:18:01,.05, Kemiringan (roll) : -8.21
2026-05-21 10:18:01,.05, Kemiringan (roll) : -8.21
2026-05-21 10:18:01,.05, Kemiringan (roll) : -8.21
2026-05-21 10:18:01,.05, Kemiringan (roll) : -8.21
2026-05-21 10:18:01,.05, Kemiringan (roll) : -8.21
2026-05-21 10:18:01,.05, Kemiringan (roll) : -8.21
2026-05-21 10:18:01,.05, Kemiringan (roll) : -8.21
2026-05-21 10:18:01,.05, Kemiringan (roll) : -8.21
2026-05-21 10:18:01,.05, Kemiringan (roll) : -8.21
2026-05-21 10:18:01,.05, Kemiringan (roll) : -8.21
2026-05-21 10:18:01,.05, Kemiringan (roll) : -8.21
2026-05-21 10:18:01,.05, Kemiringan (roll) : -8.21
2026-05-21 10:18:01,.05, Kemiringan (roll) : -8.21
2026-05-21 10:18:01,.05, Kemiringan (roll) : -8.21
2026-05-21 10:18:01,.05, Kemiringan (roll) : -8.21
2026-05-21 10:18:01,.05, Kemiringan (roll) : -8.21
2026-05-21 10:18:01,.05, Kemiringan (roll) : -8.21
2026-05-21 10:18:01,.05, Kemiringan (roll) : -8.21
2026-05-21 10:18:01,.05, Kemiringan (roll) : -8.21
2026-05-21 10:18:01,.05, Kemiringan (roll) : -8.21
2026-05-21 10:18:01,.05, Kemiringan (roll) : -8.21
2026-05-21 10:18:01,.05, Kemiringan (roll) : -8.21
2026-05-21 10:18:01,.05, Kemiringan (roll) : -8.21
2026-05-21 10:18:01,.05, Kemiringan (roll) : -8.21
2026-05-21 10:18:01,.05, Kemiringan (roll) : -8.21
2026-05-21 10:18:01,.05, Kemiringan (roll) : -8.21
2026-05-21 10:18:01,.05, Kemiringan (roll) : -8.21
2026-05-21 10:18:01,.05, Kemiringan (roll) : -8.21
2026-05-21 10:18:01,.05, Kemiringan (roll) : -8.21
2026-05-21 10:18:01,.05, Kemiringan (roll) : -8.21
2026-05-21 10:18:01,.05, Kemiringan (roll) : -8.21
2026-05-21 10:18:01,.05, Kemiringan (roll) : -8.21
2026-05-21 10:18:01,.05, Kemiringan (roll) : -8.21
2026-05-21 10:18:01,.05, Kemiringan (roll) : -8.21
2026-05-21 10:18:01,.05, Kemiringan (roll) : -8.21
2026-05-21 10:18:01,.05, Kemiringan (roll) : -8.21
2026-05-21 10:18:01,.05, Kemiringan (roll) : -8.21
2026-05-21 10:18:01,.05, Kemiringan (roll) : -8.21
2026-05-21 10:18:01,.05, Kemiringan (roll) : -8.21
2026-05-21 10:18:01,.05, Kemiringan (roll) : -8.21
2026-05-21 10:18:01,.05, Kemiringan (roll) : -8.21
2026-05-21 10:18:01,.05, Kemiringan (roll) : -8.21
2026-05-21 10:18:01,.05, Kemiringan (roll) : -8.21
2026-05-21 10:18:01,.05, Kemiringan (roll) : -8.21
2026-05-21 10:18:01,.05, Kemiringan (roll) : -8.21
2026-05-21 10:18:01,.05, Kemiringan (roll) : -8.21
2026-05-21 10:18:01,.05, Kemiringan (roll) : -8.21
2026-05-21 10:18:01,.05, Kemiringan (roll) : -8.21
2026-05-21 10:18:01,.05, Kemiringan (roll) : -8.21
2026-05-21 10:18:01,.05, Kemiringan (roll) : -8.21
2026-05-21 10:18:01,.05, Kemiringan (roll) : -8.21
2026-05-21 10:18:01,.05, Kemiringan (roll) : -8.21
2026-05-21 10:18:01,.05, Kemiringan (roll) : -8.21
2026-05-21 10:18:01,.05, Kemiringan (roll) : -8.21
2026-05-21 10:18:01,.05, Kemiringan (roll) : -8.21
2026-05-21 10:18:01,.05, Kemiringan (roll) : -8.21
2026-05-21 10:18:01,.05, Kemiringan (roll) : -8.21
2026-05-21 10:18:01,.05, Kemiringan (roll) : -8.21
2026-05-21 10:18:01,.05, Kemiringan (roll) : -8.21
2026-05-21 10:18:01,.05, Kemiringan (roll) : -8.21
2026-05-21 10:18:01,.05, Kemiringan (roll) : -8.21
2026-05-21 10:18:01,.05, Kemiringan (roll) : -8.21
2026-05-21 10:18:01,.05, Kemiringan (roll) : -8.21
2026-05-21 10:18:01,.05, Kemiringan (roll) : -8.21
2026-05-21 10:18:01,.05, Kemiringan (roll) : -8.21
2026-05-21 10:18:01,.05, Kemiringan (roll) : -8.21
2026-05-21 10:18:01,.05, Kemiringan (roll) : -8.21
2026-05-21 10:18:01,.05, Kemiringan (roll) : -8.21
2026-05-21 10:18:01,.05, Kemiringan (roll) : -8.21
2026-05-21 10:18:01,.05, Kemiringan (roll) : -8.21
2026-05-21 10:18:01,.05, Kemiringan (roll) : -8.21
2026-05-21 10:18:01,.05, Kemiringan (roll) : -8.21
2026-05-21 10:18:01,.05, Kemiringan (roll) : -8.21
2026-05-21 10:18:01,.05, Kemiringan (roll) : -8.21
2026-05-21 10:18:01,.05, Kemiringan (roll) : -8.21
2026-05-21 10:18:01,.05, Kemiringan (roll) : -8.21
2026-05-21 10:18:01,.05, Kemiringan (roll) : -8.21
2026-05-21 10:18:01,.05, Kemiringan (roll) : -8.21
2026-05-21 10:18:01,.05, Kemiringan (roll) : -8.21
2026-05-21 10:18:01,.05, Kemiringan (roll) : -8.21
2026-05-21 10:18:01,.05, Kemiringan (roll) : -8.21
2026-05-21 10:18:01,.05, Kemiringan (roll) : -8.21
2026-05-21 10:18:01,.05, Kemiringan (roll) : -8.21
2026-05-21 10:18:01,.05, Kemiringan (roll) : -8.21
2026-05-21 10:18:01,.05, Kemiringan (roll) : -8.21
2026-05-21 10:18:01,.05, Kemiringan (roll) : -8.21
2026-05-21 10:18:01,.05, Kemiringan (roll) : -8.21
2026-05-21 10:18:01,.05, Kemiringan (roll) : -8.21
2026-05-21 10:18:01,.05, Kemiringan (roll) : -8.21
2026-05-21 10:18:01,.05, Kemiringan (roll) : -8.21
2026-05-21 10:18:01,.05, Kemiringan (roll) : -8.21
2026-05-21 10:18:01,.05, Kemiringan (roll) : -8.21
2026-05-21 10:18:01,.05, Kemiringan (roll) : -8.21
2026-05-21 10:18:01,.05, Kemiringan (roll) : -8.21
2026-05-21 10:18:01,.05, Kemiringan (roll) : -8.21
2026-05-21 10:18:01,.05, Kemiringan (roll) : -8.21
2026-05-21 10:18:01,.05, Kemiringan (roll) : -8.21
2026-05-21 10:18:01,.05, Kemiringan (roll) : -8.21
2026-05-21 10:18:01,.05, Kemiringan (roll) : -8.21
2026-05-21 10:18:01,.05, Kemiringan (roll) : -8.21
2026-05-21 10:18:01,.05, Kemiringan (roll) : -8.21
2026-05-21 10:18:01,.05, Kemiringan (roll) : -8.21
2026-05-21 10:18:01,.05, Kemiringan (roll) : -8.21
2026-05-21 10:18:01,.05, Kemiringan (roll) : -8.21
2026-05-21 10:18:01,.05, Kemiringan (roll) : -8.21
2026-05-21 10:18:01,.05, Kemiringan (roll) : -8.21
2026-05-21 10:18:01,.05, Kemiringan (roll) : -8.21
2026-05-21 10:18:01,.05, Kemiringan (roll) : -8.21
2026-05-21 10:18:01,.05, Kemiringan (roll) : -8.21
2026-05-21 10:18:01,.05, Kemiringan (roll) : -8.21
2026-05-21 10:18:01,.05, Kemiringan (roll) : -8.21
2026-05-21 10:18:01,.05, Kemiringan (roll) : -8.21
2026-05-21 10:18:01,.05, Kemiringan (roll) : -8.21
2026-05-21 10:18:01,.05, Kemiringan (roll) : -8.21
2026-05-21 10:18:01,.05, Kemiringan (roll) : -8.21
2026-05-21 10:18:01,.05, Kemiringan (roll) : -8.21
2026-05-21 10:18:01,.05, Kemiringan (roll) : -8.21
2026-05-21 10:18:01,.05, Kemiringan (roll) : -8.21
2026-05-21 10:18:01,.05, Kemiringan (roll) : -8.21
2026-05-21 10:18:01,.05, Kemiringan (roll) : -8.21
2026-05-21 10:18:01,.05, Kemiringan (roll) : -8.21
2026-05-21 10:18:01,.05, Kemiringan (roll) : -8.21
2026-05-21 10:18:01,.05, Kemiringan (roll) : -8.21
2026-05-21 10:18:01,.05, Kemiringan (roll) : -8.21
2026-05-21 10:18:01,.05, Kemiringan (roll) : -8.21
2026-05-21 10:18:01,.05, Kemiringan (roll) : -8.21
2026-05-21 10:18:01,.05, Kemiringan (roll) : -8.21
2026-05-21 10:18:01,.05, Kemiringan (roll) : -8.21
2026-05-21 10:18:01,.05, Kemiringan (roll) : -8.21
2026-05-21 10:18:01,.05, Kemiringan (roll) : -8.21
2026-05-21 10:18:01,.05, Kemiringan (roll) : -8.21
2026-05-21 10:18:01,.05, Kemiringan (roll) : -8.21
2026-05-21 10:18:01,.05, Kemiringan (roll) : -8.21
2026-05-21 10:18:01,.05, Kemiringan (roll) : -8.21
2026-05-21 10:18:01,.05, Kemiringan (roll) : -8.21
2026-05-21 10:18:01,.05, Kemiringan (roll) : -8.21
2026-05-21 10:18:01,.05, Kemiringan (roll) : -8.21
2026-05-21 10:18:01,.05, Kemiringan (roll) : -8.21
2026-05-21 10:18:01,.05, Kemiringan (roll) : -8.21
2026-05-21 10:18:01,.05, Kemiringan (roll) : -8.21
2026-05-21 10:18:01,.05, Kemiringan (roll) : -8.21
2026-05-21 10:18:01,.05, Kemiringan (roll) : -8.21
2026-05-21 10:18:01,.05, Kemiringan (roll) : -8.21
2026-05-21 10:18:01,.05, Kemiringan (roll) : -8.21
2026-05-21 10:18:01,.05, Kemiringan (roll) : -8.21
2026-05-21 10:18:01,.05, Kemiringan (roll) : -8.21
2026-05-21 10:18:01,.05, Kemiringan (roll) : -8.21
2026-05-21 10:18:01,.05, Kemiringan (roll) : -8.21
2026-05-21 10:18:01,.05, Kemiringan (roll) : -8.21
2026-05-21 10:18:01,.05, Kemiringan (roll) : -8.21
2026-05-21 10:18:01,.05, Kemiringan (roll) : -8.21
2026-05-21 10:18:01,.05, Kemiringan (roll) : -8.21
2026-05-21 10:18:01,.05, Kemiringan (roll) : -8.21
2026-05-21 10:18:01,.05, Kemiringan (roll) : -8.21
2026-05-21 10:18:01,.05, Kemiringan (roll) : -8.21
2026-05-21 10:18:01,.05, Kemiringan (roll) : -8.21
2026-05-21 10:18:01,.05, Kemiringan (roll) : -8.21
2026-05-21 10:18:01,.05, Kemiringan (roll) : -8.21
2026-05-21 10:18:01,.05, Kemiringan (roll) : -8.21
2026-05-21 10:18:01,.05, Kemiringan (roll) : -8.21
2026-05-21 10:18:01,.05, Kemiringan (roll) : -8.21
2026-05-21 10:18:01,.05, Kemiringan (roll) : -8.21
2026-05-21 10:18:01,.05, Kemiringan (roll) : -8.21
2026-05-21 10:18:01,.05, Kemiringan (roll) : -8.21
2026-05-21 10:18:01,.05, Kemiringan (roll) : -8.21
2026-05-21 10:18:01,.05, Kemiringan (roll) : -8.21
2026-05-21 10:18:01,.05, Kemiringan (roll) : -8.21
2026-05-21 10:18:01,.05, Kemiringan (roll) : -8.21
2026-05-21 10:18:01,.05, Kemiringan (roll) : -8.21
2026-05-21 10:18:01,.05, Kemiringan (roll) : -8.21
2026-05-21 10:18:01,.05, Kemiringan (roll) : -8.21
2026-05-21 10:18:01,.05, Kemiringan (roll) : -8.21
2026-05-21 10:18:01,.05, Kemiringan (roll) : -8.21
2026-05-21 10:18:01,.05, Kemiringan (roll) : -8.21
2026-05-21 10:18:01,.05, Kemiringan (roll) : -8.21
2026-05-21 10:18:01,.05, Kemiringan (roll) : -8.21
2026-05-21 10:18:01,.05, Kemiringan (roll) : -8.21
2026-05-21 10:18:01,.05, Kemiringan (roll) : -8.21
2026-05-21 10:18:01,.05, Kemiringan (roll) : -8.21
2026-05-21 10:18:01,.05, Kemiringan (roll) : -8.21
2026-05-21 10:18:01,.05, Kemiringan (roll) : -8.21
2026-05-21 10:18:01,.05, Kemiringan (roll) : -8.21
2026-05-21 10:18:01,.05, Kemiringan (roll) : -8.21
2026-05-21 10:18:01,.05, Kemiringan (roll) : -8.21
2026-05-21 10:18:01,.05, Kemiringan (roll) : -8.21
2026-05-21 10:18:01,.05, Kemiringan (roll) : -8.21
2026-05-21 10:18:01,.05, Kemiringan (roll) : -8.21
2026-05-21 10:18:01,.05, Kemiringan (roll) : -8.21
2026-05-21 10:18:01,.05, Kemiringan (roll) : -8.21
2026-05-21 10:18:01,.05, Kemiringan (roll) : -8.21
2026-05-21 10:18:01,.05, Kemiringan (roll) : -8.21
2026-05-21 10:18:01,.05, Kemiringan (roll) : -8.21
2026-05-21 10:18:01,.05, Kemiringan (roll) : -8.21
2026-05-21 10:18:01,.05, Kemiringan (roll) : -8.21
2026-05-21 10:18:01,.05, Kemiringan (roll) : -8.21
2026-05-21 10:18:01,.05, Kemiringan (roll) : -8.21
2026-05-21 10:18:01,.05, Kemiringan (roll) : -8.21
2026-05-21 10:18:01,.05, Kemiringan (roll) : -8.21
2026-05-21 10:18:01,.05, Kemiringan (roll) : -8.21
2026-05-21 10:18:01,.05, Kemiringan (roll) : -8.21
2026-05-21 10:18:01,.05, Kemiringan (roll) : -8.21
2026-05-21 10:18:01,.05, Kemiringan (roll) : -8.21
2026-05-21 10:18:01,.05, Kemiringan (roll) : -8.21
2026-05-21 10:18:01,.05, Kemiringan (roll) : -8.21
2026-05-21 10:18:01,.05, Kemiringan (roll) : -8.21
2026-05-21 10:18:01,.05, Kemiringan (roll) : -8.21
2026-05-21 10:18:01,.05, Kemiringan (roll) : -8.21
2026-05-21 10:18:01,.05, Kemiringan (roll) : -8.21
2026-05-21 10:18:01,.05, Kemiringan (roll) : -8.21
2026-05-21 10:18:01,.05, Kemiringan (roll) : -8.21
2026-05-21 10:18:01,.05, Kemiringan (roll) : -8.21
2026-05-21 10:18:01,.05, Kemiringan (roll) : -8.21
2026-05-21 10:18:01,.05, Kemiringan (roll) : -8.21
2026-05-21 10:18:01,.05, Kemiringan (roll) : -8.21
2026-05-21 10:18:01,.05, Kemiringan (roll) : -8.21
2026-05-21 10:18:01,.05, Kemiringan (roll) : -8.21
2026-05-21 10:18:01,.05, Kemiringan (roll) : -8.21
2026-05-21 10:18:01,.05, Kemiringan (roll) : -8.21
2026-05-21 10:18:01,.05, Kemiringan (roll) : -8.21
2026-05-21 10:18:01,.05, Kemiringan (roll) : -8.21
2026-05-21 10:18:01,.05, Kemiringan (roll) : -8.21
2026-05-21 10:18:01,.05, Kemiringan (roll) : -8.21
2026-05-21 10:18:01,.05, Kemiringan (roll) : -8.21
2026-05-21 10:18:01,.05, Kemiringan (roll) : -8.21
2026-05-21 10:18:01,.05, Kemiringan (roll) : -8.21
2026-05-21 10:18:01,.05, Kemiringan (roll) : -8.21
2026-05-21 10:18:01,.05, Kemiringan (roll) : -8.21
2026-05-21 10:18:01,.05, Kemiringan (roll) : -8.21
2026-05-21 10:18:01,.05, Kemiringan (roll) : -8.21
2026-05-21 10:18:01,.05, Kemiringan (roll) : -8.21
2026-05-21 10:18:01,.05, Kemiringan (roll) : -8.21
2026-05-21 10:18:01,.05, Kemiringan (roll) : -8.21
2026-05-21 10:18:01,.05, Kemiringan (roll) : -8.21
2026-05-21 10:18:01,.05, Kemiringan (roll) : -8.21
2026-05-21 10:18:01,.05, Kemiringan (roll) : -8.21
2026-05-21 10:18:01,.05, Kemiringan (roll) : -8.21
2026-05-21 10:18:01,.05, Kemiringan (roll) : -8.21
2026-05-21 10:18:01,.05, Kemiringan (roll) : -8.21
2026-05-21 10:18:01,.05, Kemiringan (roll) : -8.21
2026-05-21 10:18:01,.05, Kemiringan (roll) : -8.21
2026-05-21 10:18:01,.05, Kemiringan (roll) : -8.21
2026-05-21 10:18:01,.05, Kemiringan (roll) : -8.21
2026-05-21 10:18:01,.05, Kemiringan (roll) : -8.21
2026-05-21 10:18:01,.05, Kemiringan (roll) : -8.21
2026-05-21 10:18:01,.05, Kemiringan (roll) : -8.21
2026-05-21 10:18:01,.05, Kemiringan (roll) : -8.21
2026-05-21 10:18:01,.05, Kemiringan (roll) : -8.21
2026-05-21 10:18:01,.05, Kemiringan (roll) : -8.21
2026-05-21 10:18:01,.05, Kemiringan (roll) : -8.21
2026-05-21 10:18:01,.05, Kemiringan (roll) : -8.21
2026-05-21 10:18:01,.05, Kemiringan (roll) : -8.21
2026-05-21 10:18:01,.05, Kemiringan (roll) : -8.21
2026-05-21 10:18:01,.05, Kemiringan (roll) : -8.21
2026-05-21 10:18:01,.05, Kemiringan (roll) : -8.21
2026-05-21 10:18:01,.05, Kemiringan (roll) : -8.21
2026-05-21 10:18:01,.05, Kemiringan (roll) : -8.21
2026-05-21 10:18:01,.05, Kemiringan (roll) : -8.21
2026-05-21 10:18:01,.05, Kemiringan (roll) : -8.21
2026-05-21 10:18:01,.05, Kemiringan (roll) : -8.21
2026-05-21 10:18:01,.05, Kemiringan (roll) : -8.21
2026-05-21 10:18:01,.05, Kemiringan (roll) : -8.21
2026-05-21 10:18:01,.05, Kemiringan (roll) : -8.21
2026-05-21 10:18:01,.05, Kemiringan (roll) : -8.21
2026-05-21 10:18:01,.05, Kemiringan (roll) : -8.21
2026-05-21 10:18:01,.05, Kemiringan (roll) : -8.21
2026-05-21 10:18:01,.05, Kemiringan (roll) : -8.21
2026-05-21 10:18:01,.05, Kemiringan (roll) : -8.21
2026-05-21 10:18:01,.05, Kemiringan (roll) : -8.21
2026-05-21 10:18:01,.05, Kemiringan (roll) : -8.21
2026-05-21 10:18:01,.05, Kemiringan (roll) : -8.21
2026-05-21 10:18:01,.05, Kemiringan (roll) : -8.21
2026-05-21 10:18:01,.05, Kemiringan (roll) : -8.21
2026-05-21 10:18:01,.05, Kemiringan (roll) : -8.21
2026-05-21 10:18:01,.05, Kemiringan (roll) : -8.21
2026-05-21 10:18:01,.05, Kemiringan (roll) : -8.21
2026-05-21 10:18:01,.05, Kemiringan (roll) : -8.21
2026-05-21 10:18:01,.05, Kemiringan (roll) : -8.21
2026-05-21 10:18:01,.05, Kemiringan (roll) : -8.21
2026-05-21 10:18:01,.05, Kemiringan (roll) : -8.21
2026-05-21 10:18:01,.05, Kemiringan (roll) : -8.21
2026-05-21 10:18:01,.05, Kemiringan (roll) : -8.21
2026-05-21 10:18:01,.05, Kemiringan (roll) : -8.21
2026-05-21 10:18:01,.05, Kemiringan (roll) : -8.21
2026-05-21 10:18:01,.05, Kemiringan (roll) : -8.21
2026-05-21 10:18:01,.05, Kemiringan (roll) : -8.21
2026-05-21 10:18:01,.05, Kemiringan (roll) : -8.21
2026-05-21 10:18:01,.05, Kemiringan (roll) : -8.21
2026-05-21 10:18:01,.05, Kemiringan (roll) : -8.21
2026-05-21 10:18:01,.05, Kemiringan (roll) : -8.21
2026-05-21 10:18:01,.05, Kemiringan (roll) : -8.21
2026-05-21 10:18:01,1953.46, Kemiringan (pitch) : 3.02, Kemiringan (roll) : -7.17
2026-05-21 10:18:01,.02, Kemiringan (roll) : -7.17
2026-05-21 10:18:01,.02, Kemiringan (roll) : -7.17
2026-05-21 10:18:01,.02, Kemiringan (roll) : -7.17
2026-05-21 10:18:01,.02, Kemiringan (roll) : -7.17
2026-05-21 10:18:01,.02, Kemiringan (roll) : -7.17
2026-05-21 10:18:01,.02, Kemiringan (roll) : -7.17
2026-05-21 10:18:01,.02, Kemiringan (roll) : -7.17
2026-05-21 10:18:01,.02, Kemiringan (roll) : -7.17
2026-05-21 10:18:01,.02, Kemiringan (roll) : -7.17
2026-05-21 10:18:01,.02, Kemiringan (roll) : -7.17
2026-05-21 10:18:01,.02, Kemiringan (roll) : -7.17
2026-05-21 10:18:01,.02, Kemiringan (roll) : -7.17
2026-05-21 10:18:01,.02, Kemiringan (roll) : -7.17
2026-05-21 10:18:01,.02, Kemiringan (roll) : -7.17
2026-05-21 10:18:01,.02, Kemiringan (roll) : -7.17
2026-05-21 10:18:01,.02, Kemiringan (roll) : -7.17
2026-05-21 10:18:01,.02, Kemiringan (roll) : -7.17
2026-05-21 10:18:01,.02, Kemiringan (roll) : -7.17
2026-05-21 10:18:01,.02, Kemiringan (roll) : -7.17
2026-05-21 10:18:01,.02, Kemiringan (roll) : -7.17
2026-05-21 10:18:01,.02, Kemiringan (roll) : -7.17
2026-05-21 10:18:01,.02, Kemiringan (roll) : -7.17
2026-05-21 10:18:01,.02, Kemiringan (roll) : -7.17
2026-05-21 10:18:01,.02, Kemiringan (roll) : -7.17
2026-05-21 10:18:01,.02, Kemiringan (roll) : -7.17
2026-05-21 10:18:01,.02, Kemiringan (roll) : -7.17
2026-05-21 10:18:01,.02, Kemiringan (roll) : -7.17
2026-05-21 10:18:01,.02, Kemiringan (roll) : -7.17
2026-05-21 10:18:01,.02, Kemiringan (roll) : -7.17
2026-05-21 10:18:01,.02, Kemiringan (roll) : -7.17
2026-05-21 10:18:01,.02, Kemiringan (roll) : -7.17
2026-05-21 10:18:01,.02, Kemiringan (roll) : -7.17
2026-05-21 10:18:01,.02, Kemiringan (roll) : -7.17
2026-05-21 10:18:01,.02, Kemiringan (roll) : -7.17
2026-05-21 10:18:01,.02, Kemiringan (roll) : -7.17
2026-05-21 10:18:01,.02, Kemiringan (roll) : -7.17
2026-05-21 10:18:01,.02, Kemiringan (roll) : -7.17
2026-05-21 10:18:01,.02, Kemiringan (roll) : -7.17
2026-05-21 10:18:01,.02, Kemiringan (roll) : -7.17
2026-05-21 10:18:01,.02, Kemiringan (roll) : -7.17
2026-05-21 10:18:01,.02, Kemiringan (roll) : -7.17
2026-05-21 10:18:01,.02, Kemiringan (roll) : -7.17
2026-05-21 10:18:01,.02, Kemiringan (roll) : -7.17
2026-05-21 10:18:01,.02, Kemiringan (roll) : -7.17
2026-05-21 10:18:01,.02, Kemiringan (roll) : -7.17
2026-05-21 10:18:01,.02, Kemiringan (roll) : -7.17
2026-05-21 10:18:01,.02, Kemiringan (roll) : -7.17
2026-05-21 10:18:01,.02, Kemiringan (roll) : -7.17
2026-05-21 10:18:01,.02, Kemiringan (roll) : -7.17
2026-05-21 10:18:01,.02, Kemiringan (roll) : -7.17
2026-05-21 10:18:01,.02, Kemiringan (roll) : -7.17
2026-05-21 10:18:01,.02, Kemiringan (roll) : -7.17
2026-05-21 10:18:01,.02, Kemiringan (roll) : -7.17
2026-05-21 10:18:01,.02, Kemiringan (roll) : -7.17
2026-05-21 10:18:01,.02, Kemiringan (roll) : -7.17
2026-05-21 10:18:01,.02, Kemiringan (roll) : -7.17
2026-05-21 10:18:01,.02, Kemiringan (roll) : -7.17
2026-05-21 10:18:01,.02, Kemiringan (roll) : -7.17
2026-05-21 10:18:01,.02, Kemiringan (roll) : -7.17
2026-05-21 10:18:01,.02, Kemiringan (roll) : -7.17
2026-05-21 10:18:01,.02, Kemiringan (roll) : -7.17
2026-05-21 10:18:01,.02, Kemiringan (roll) : -7.17
2026-05-21 10:18:01,.02, Kemiringan (roll) : -7.17
2026-05-21 10:18:01,.02, Kemiringan (roll) : -7.17
2026-05-21 10:18:01,.02, Kemiringan (roll) : -7.17
2026-05-21 10:18:01,.02, Kemiringan (roll) : -7.17
2026-05-21 10:18:01,.02, Kemiringan (roll) : -7.17
2026-05-21 10:18:01,.02, Kemiringan (roll) : -7.17
2026-05-21 10:18:01,.02, Kemiringan (roll) : -7.17
2026-05-21 10:18:01,.02, Kemiringan (roll) : -7.17
2026-05-21 10:18:01,.02, Kemiringan (roll) : -7.17
2026-05-21 10:18:01,.02, Kemiringan (roll) : -7.17
2026-05-21 10:18:01,.02, Kemiringan (roll) : -7.17
2026-05-21 10:18:01,.02, Kemiringan (roll) : -7.17
2026-05-21 10:18:01,.02, Kemiringan (roll) : -7.17
2026-05-21 10:18:01,.02, Kemiringan (roll) : -7.17
2026-05-21 10:18:01,.02, Kemiringan (roll) : -7.17
2026-05-21 10:18:01,.02, Kemiringan (roll) : -7.17
2026-05-21 10:18:01,.02, Kemiringan (roll) : -7.17
2026-05-21 10:18:01,.02, Kemiringan (roll) : -7.17
2026-05-21 10:18:01,.02, Kemiringan (roll) : -7.17
2026-05-21 10:18:01,.02, Kemiringan (roll) : -7.17
2026-05-21 10:18:01,.02, Kemiringan (roll) : -7.17
2026-05-21 10:18:01,.02, Kemiringan (roll) : -7.17
2026-05-21 10:18:01,.02, Kemiringan (roll) : -7.17
2026-05-21 10:18:01,.02, Kemiringan (roll) : -7.17
2026-05-21 10:18:01,.02, Kemiringan (roll) : -7.17
2026-05-21 10:18:01,.02, Kemiringan (roll) : -7.17
2026-05-21 10:18:01,.02, Kemiringan (roll) : -7.17
2026-05-21 10:18:01,.02, Kemiringan (roll) : -7.17
2026-05-21 10:18:01,.02, Kemiringan (roll) : -7.17
2026-05-21 10:18:01,.02, Kemiringan (roll) : -7.17
2026-05-21 10:18:01,.02, Kemiringan (roll) : -7.17
2026-05-21 10:18:01,.02, Kemiringan (roll) : -7.17
2026-05-21 10:18:01,.02, Kemiringan (roll) : -7.17
2026-05-21 10:18:01,.02, Kemiringan (roll) : -7.17
2026-05-21 10:18:01,.02, Kemiringan (roll) : -7.17
2026-05-21 10:18:01,.02, Kemiringan (roll) : -7.17
2026-05-21 10:18:01,.02, Kemiringan (roll) : -7.17
2026-05-21 10:18:01,.02, Kemiringan (roll) : -7.17
2026-05-21 10:18:01,.02, Kemiringan (roll) : -7.17
2026-05-21 10:18:01,.02, Kemiringan (roll) : -7.17
2026-05-21 10:18:01,.02, Kemiringan (roll) : -7.17
2026-05-21 10:18:01,.02, Kemiringan (roll) : -7.17
2026-05-21 10:18:01,.02, Kemiringan (roll) : -7.17
2026-05-21 10:18:01,.02, Kemiringan (roll) : -7.17
2026-05-21 10:18:01,.02, Kemiringan (roll) : -7.17
2026-05-21 10:18:01,.02, Kemiringan (roll) : -7.17
2026-05-21 10:18:01,.02, Kemiringan (roll) : -7.17
2026-05-21 10:18:01,.02, Kemiringan (roll) : -7.17
2026-05-21 10:18:01,.02, Kemiringan (roll) : -7.17
2026-05-21 10:18:01,.02, Kemiringan (roll) : -7.17
2026-05-21 10:18:01,.02, Kemiringan (roll) : -7.17
2026-05-21 10:18:01,.02, Kemiringan (roll) : -7.17
2026-05-21 10:18:01,.02, Kemiringan (roll) : -7.17
2026-05-21 10:18:01,.02, Kemiringan (roll) : -7.17
2026-05-21 10:18:01,.02, Kemiringan (roll) : -7.17
2026-05-21 10:18:01,.02, Kemiringan (roll) : -7.17
2026-05-21 10:18:01,.02, Kemiringan (roll) : -7.17
2026-05-21 10:18:01,.02, Kemiringan (roll) : -7.17
2026-05-21 10:18:01,.02, Kemiringan (roll) : -7.17
2026-05-21 10:18:01,.02, Kemiringan (roll) : -7.17
2026-05-21 10:18:01,.02, Kemiringan (roll) : -7.17
2026-05-21 10:18:01,.02, Kemiringan (roll) : -7.17
2026-05-21 10:18:01,.02, Kemiringan (roll) : -7.17
2026-05-21 10:18:01,.02, Kemiringan (roll) : -7.17
2026-05-21 10:18:01,.02, Kemiringan (roll) : -7.17
2026-05-21 10:18:01,.02, Kemiringan (roll) : -7.17
2026-05-21 10:18:01,.02, Kemiringan (roll) : -7.17
2026-05-21 10:18:01,.02, Kemiringan (roll) : -7.17
2026-05-21 10:18:01,.02, Kemiringan (roll) : -7.17
2026-05-21 10:18:01,.02, Kemiringan (roll) : -7.17
2026-05-21 10:18:01,.02, Kemiringan (roll) : -7.17
2026-05-21 10:18:01,.02, Kemiringan (roll) : -7.17
2026-05-21 10:18:01,.02, Kemiringan (roll) : -7.17
2026-05-21 10:18:01,.02, Kemiringan (roll) : -7.17
2026-05-21 10:18:01,.02, Kemiringan (roll) : -7.17
2026-05-21 10:18:01,.02, Kemiringan (roll) : -7.17
2026-05-21 10:18:01,.02, Kemiringan (roll) : -7.17
2026-05-21 10:18:01,.02, Kemiringan (roll) : -7.17
2026-05-21 10:18:01,.02, Kemiringan (roll) : -7.17
2026-05-21 10:18:01,.02, Kemiringan (roll) : -7.17
2026-05-21 10:18:01,.02, Kemiringan (roll) : -7.17
2026-05-21 10:18:01,.02, Kemiringan (roll) : -7.17
2026-05-21 10:18:01,.02, Kemiringan (roll) : -7.17
2026-05-21 10:18:01,.02, Kemiringan (roll) : -7.17
2026-05-21 10:18:01,.02, Kemiringan (roll) : -7.17
2026-05-21 10:18:01,.02, Kemiringan (roll) : -7.17
2026-05-21 10:18:01,.02, Kemiringan (roll) : -7.17
2026-05-21 10:18:01,.02, Kemiringan (roll) : -7.17
2026-05-21 10:18:01,.02, Kemiringan (roll) : -7.17
2026-05-21 10:18:01,.02, Kemiringan (roll) : -7.17
2026-05-21 10:18:01,.02, Kemiringan (roll) : -7.17
2026-05-21 10:18:01,.02, Kemiringan (roll) : -7.17
2026-05-21 10:18:01,.02, Kemiringan (roll) : -7.17
2026-05-21 10:18:01,.02, Kemiringan (roll) : -7.17
2026-05-21 10:18:01,.02, Kemiringan (roll) : -7.17
2026-05-21 10:18:01,.02, Kemiringan (roll) : -7.17
2026-05-21 10:18:01,.02, Kemiringan (roll) : -7.17
2026-05-21 10:18:01,.02, Kemiringan (roll) : -7.17
2026-05-21 10:18:01,.02, Kemiringan (roll) : -7.17
2026-05-21 10:18:01,.02, Kemiringan (roll) : -7.17
2026-05-21 10:18:01,.02, Kemiringan (roll) : -7.17
2026-05-21 10:18:01,.02, Kemiringan (roll) : -7.17
2026-05-21 10:18:01,.02, Kemiringan (roll) : -7.17
2026-05-21 10:18:01,.02, Kemiringan (roll) : -7.17
2026-05-21 10:18:01,.02, Kemiringan (roll) : -7.17
2026-05-21 10:18:01,.02, Kemiringan (roll) : -7.17
2026-05-21 10:18:01,.02, Kemiringan (roll) : -7.17
2026-05-21 10:18:01,.02, Kemiringan (roll) : -7.17
2026-05-21 10:18:01,.02, Kemiringan (roll) : -7.17
2026-05-21 10:18:01,.02, Kemiringan (roll) : -7.17
2026-05-21 10:18:01,.02, Kemiringan (roll) : -7.17
2026-05-21 10:18:01,.02, Kemiringan (roll) : -7.17
2026-05-21 10:18:01,.02, Kemiringan (roll) : -7.17
2026-05-21 10:18:01,.02, Kemiringan (roll) : -7.17
2026-05-21 10:18:01,.02, Kemiringan (roll) : -7.17
2026-05-21 10:18:01,.02, Kemiringan (roll) : -7.17
2026-05-21 10:18:01,.02, Kemiringan (roll) : -7.17
2026-05-21 10:18:01,.02, Kemiringan (roll) : -7.17
2026-05-21 10:18:01,.02, Kemiringan (roll) : -7.17
2026-05-21 10:18:01,.02, Kemiringan (roll) : -7.17
2026-05-21 10:18:01,.02, Kemiringan (roll) : -7.17
2026-05-21 10:18:01,.02, Kemiringan (roll) : -7.17
2026-05-21 10:18:01,.02, Kemiringan (roll) : -7.17
2026-05-21 10:18:01,.02, Kemiringan (roll) : -7.17
2026-05-21 10:18:01,.02, Kemiringan (roll) : -7.17
2026-05-21 10:18:01,.02, Kemiringan (roll) : -7.17
2026-05-21 10:18:01,.02, Kemiringan (roll) : -7.17
2026-05-21 10:18:01,.02, Kemiringan (roll) : -7.17
2026-05-21 10:18:01,.02, Kemiringan (roll) : -7.17
2026-05-21 10:18:01,.02, Kemiringan (roll) : -7.17
2026-05-21 10:18:01,.02, Kemiringan (roll) : -7.17
2026-05-21 10:18:01,.02, Kemiringan (roll) : -7.17
2026-05-21 10:18:01,.02, Kemiringan (roll) : -7.17
2026-05-21 10:18:01,.02, Kemiringan (roll) : -7.17
2026-05-21 10:18:01,.02, Kemiringan (roll) : -7.17
2026-05-21 10:18:01,.02, Kemiringan (roll) : -7.17
2026-05-21 10:18:01,.02, Kemiringan (roll) : -7.17
2026-05-21 10:18:01,.02, Kemiringan (roll) : -7.17
2026-05-21 10:18:01,.02, Kemiringan (roll) : -7.17
2026-05-21 10:18:01,.02, Kemiringan (roll) : -7.17
2026-05-21 10:18:01,.02, Kemiringan (roll) : -7.17
2026-05-21 10:18:01,.02, Kemiringan (roll) : -7.17
2026-05-21 10:18:01,.02, Kemiringan (roll) : -7.17
2026-05-21 10:18:01,.02, Kemiringan (roll) : -7.17
2026-05-21 10:18:01,.02, Kemiringan (roll) : -7.17
2026-05-21 10:18:01,.02, Kemiringan (roll) : -7.17
2026-05-21 10:18:01,.02, Kemiringan (roll) : -7.17
2026-05-21 10:18:01,.02, Kemiringan (roll) : -7.17
2026-05-21 10:18:01,.02, Kemiringan (roll) : -7.17
2026-05-21 10:18:01,.02, Kemiringan (roll) : -7.17
2026-05-21 10:18:01,.02, Kemiringan (roll) : -7.17
2026-05-21 10:18:01,.02, Kemiringan (roll) : -7.17
2026-05-21 10:18:01,.02, Kemiringan (roll) : -7.17
2026-05-21 10:18:01,.02, Kemiringan (roll) : -7.17
2026-05-21 10:18:01,.02, Kemiringan (roll) : -7.17
2026-05-21 10:18:01,.02, Kemiringan (roll) : -7.17
2026-05-21 10:18:01,.02, Kemiringan (roll) : -7.17
2026-05-21 10:18:01,.02, Kemiringan (roll) : -7.17
2026-05-21 10:18:01,.02, Kemiringan (roll) : -7.17
2026-05-21 10:18:01,.02, Kemiringan (roll) : -7.17
2026-05-21 10:18:01,.02, Kemiringan (roll) : -7.17
2026-05-21 10:18:01,.02, Kemiringan (roll) : -7.17
2026-05-21 10:18:01,.02, Kemiringan (roll) : -7.17
2026-05-21 10:18:01,.02, Kemiringan (roll) : -7.17
2026-05-21 10:18:01,.02, Kemiringan (roll) : -7.17
2026-05-21 10:18:01,.02, Kemiringan (roll) : -7.17
2026-05-21 10:18:01,.02, Kemiringan (roll) : -7.17
2026-05-21 10:18:01,.02, Kemiringan (roll) : -7.17
2026-05-21 10:18:01,.02, Kemiringan (roll) : -7.17
2026-05-21 10:18:01,.02, Kemiringan (roll) : -7.17
2026-05-21 10:18:01,.02, Kemiringan (roll) : -7.17
2026-05-21 10:18:01,.02, Kemiringan (roll) : -7.17
2026-05-21 10:18:01,.02, Kemiringan (roll) : -7.17
2026-05-21 10:18:01,.02, Kemiringan (roll) : -7.17
2026-05-21 10:18:01,.02, Kemiringan (roll) : -7.17
2026-05-21 10:18:01,.02, Kemiringan (roll) : -7.17
2026-05-21 10:18:01,.02, Kemiringan (roll) : -7.17
2026-05-21 10:18:01,.02, Kemiringan (roll) : -7.17
2026-05-21 10:18:01,.02, Kemiringan (roll) : -7.17
2026-05-21 10:18:01,.02, Kemiringan (roll) : -7.17
2026-05-21 10:18:01,.02, Kemiringan (roll) : -7.17
2026-05-21 10:18:01,.02, Kemiringan (roll) : -7.17
2026-05-21 10:18:01,.02, Kemiringan (roll) : -7.17
2026-05-21 10:18:01,.02, Kemiringan (roll) : -7.17
2026-05-21 10:18:01,.02, Kemiringan (roll) : -7.17
2026-05-21 10:18:01,.02, Kemiringan (roll) : -7.17
2026-05-21 10:18:01,.02, Kemiringan (roll) : -7.17
2026-05-21 10:18:01,.02, Kemiringan (roll) : -7.17
2026-05-21 10:18:01,.02, Kemiringan (roll) : -7.17
2026-05-21 10:18:01,.02, Kemiringan (roll) : -7.17
2026-05-21 10:18:01,.02, Kemiringan (roll) : -7.17
2026-05-21 10:18:01,.02, Kemiringan (roll) : -7.17
2026-05-21 10:18:01,.02, Kemiringan (roll) : -7.17
2026-05-21 10:18:01,.02, Kemiringan (roll) : -7.17
2026-05-21 10:18:01,.02, Kemiringan (roll) : -7.17
2026-05-21 10:18:01,.02, Kemiringan (roll) : -7.17
2026-05-21 10:18:01,.02, Kemiringan (roll) : -7.17
2026-05-21 10:18:01,.02, Kemiringan (roll) : -7.17
2026-05-21 10:18:01,.02, Kemiringan (roll) : -7.17
2026-05-21 10:18:01,.02, Kemiringan (roll) : -7.17
2026-05-21 10:18:01,.02, Kemiringan (roll) : -7.17
2026-05-21 10:18:01,.02, Kemiringan (roll) : -7.17
2026-05-21 10:18:01,.02, Kemiringan (roll) : -7.17
2026-05-21 10:18:01,.02, Kemiringan (roll) : -7.17
2026-05-21 10:18:01,.02, Kemiringan (roll) : -7.17
2026-05-21 10:18:01,.02, Kemiringan (roll) : -7.17
2026-05-21 10:18:01,.02, Kemiringan (roll) : -7.17
2026-05-21 10:18:01,.02, Kemiringan (roll) : -7.17
2026-05-21 10:18:01,.02, Kemiringan (roll) : -7.17
2026-05-21 10:18:01,.02, Kemiringan (roll) : -7.17
2026-05-21 10:18:01,.02, Kemiringan (roll) : -7.17
2026-05-21 10:18:01,.02, Kemiringan (roll) : -7.17
2026-05-21 10:18:01,.02, Kemiringan (roll) : -7.17
2026-05-21 10:18:01,.02, Kemiringan (roll) : -7.17
2026-05-21 10:18:01,.02, Kemiringan (roll) : -7.17
2026-05-21 10:18:01,.02, Kemiringan (roll) : -7.17
2026-05-21 10:18:01,.02, Kemiringan (roll) : -7.17
2026-05-21 10:18:01,.02, Kemiringan (roll) : -7.17
2026-05-21 10:18:01,.02, Kemiringan (roll) : -7.17
2026-05-21 10:18:01,.02, Kemiringan (roll) : -7.17
2026-05-21 10:18:01,.02, Kemiringan (roll) : -7.17
2026-05-21 10:18:01,.02, Kemiringan (roll) : -7.17
2026-05-21 10:18:01,.02, Kemiringan (roll) : -7.17
2026-05-21 10:18:01,.02, Kemiringan (roll) : -7.17
2026-05-21 10:18:01,.02, Kemiringan (roll) : -7.17
2026-05-21 10:18:01,.02, Kemiringan (roll) : -7.17
2026-05-21 10:18:01,.02, Kemiringan (roll) : -7.17
2026-05-21 10:18:01,.02, Kemiringan (roll) : -7.17
2026-05-21 10:18:01,.02, Kemiringan (roll) : -7.17
2026-05-21 10:18:01,.02, Kemiringan (roll) : -7.17
2026-05-21 10:18:01,.02, Kemiringan (roll) : -7.17
2026-05-21 10:18:01,.02, Kemiringan (roll) : -7.17
2026-05-21 10:18:01,.02, Kemiringan (roll) : -7.17
2026-05-21 10:18:01,.02, Kemiringan (roll) : -7.17
2026-05-21 10:18:01,.02, Kemiringan (roll) : -7.17
2026-05-21 10:18:01,.02, Kemiringan (roll) : -7.17
2026-05-21 10:18:01,.02, Kemiringan (roll) : -7.17
2026-05-21 10:18:01,.02, Kemiringan (roll) : -7.17
2026-05-21 10:18:01,.02, Kemiringan (roll) : -7.17
2026-05-21 10:18:01,.02, Kemiringan (roll) : -7.17
2026-05-21 10:18:01,.02, Kemiringan (roll) : -7.17
2026-05-21 10:18:01,.02, Kemiringan (roll) : -7.17
2026-05-21 10:18:01,.02, Kemiringan (roll) : -7.17
2026-05-21 10:18:01,.02, Kemiringan (roll) : -7.17
2026-05-21 10:18:01,.02, Kemiringan (roll) : -7.17
2026-05-21 10:18:01,.02, Kemiringan (roll) : -7.17
2026-05-21 10:18:01,.02, Kemiringan (roll) : -7.17
2026-05-21 10:18:01,.02, Kemiringan (roll) : -7.17
2026-05-21 10:18:01,.02, Kemiringan (roll) : -7.17
2026-05-21 10:18:01,.02, Kemiringan (roll) : -7.17
2026-05-21 10:18:01,.02, Kemiringan (roll) : -7.17
2026-05-21 10:18:01,.02, Kemiringan (roll) : -7.17
2026-05-21 10:18:01,.02, Kemiringan (roll) : -7.17
2026-05-21 10:18:01,.02, Kemiringan (roll) : -7.17
2026-05-21 10:18:01,.02, Kemiringan (roll) : -7.17
2026-05-21 10:18:01,.02, Kemiringan (roll) : -7.17
2026-05-21 10:18:01,.02, Kemiringan (roll) : -7.17
2026-05-21 10:18:01,.02, Kemiringan (roll) : -7.17
2026-05-21 10:18:01,.02, Kemiringan (roll) : -7.17
2026-05-21 10:18:01,.02, Kemiringan (roll) : -7.17
2026-05-21 10:18:01,.02, Kemiringan (roll) : -7.17
2026-05-21 10:18:01,.02, Kemiringan (roll) : -7.17
2026-05-21 10:18:01,.02, Kemiringan (roll) : -7.17
2026-05-21 10:18:01,.02, Kemiringan (roll) : -7.17
2026-05-21 10:18:01,.02, Kemiringan (roll) : -7.17
2026-05-21 10:18:01,.02, Kemiringan (roll) : -7.17
2026-05-21 10:18:01,.02, Kemiringan (roll) : -7.17
2026-05-21 10:18:01,.02, Kemiringan (roll) : -7.17
2026-05-21 10:18:01,.02, Kemiringan (roll) : -7.17
2026-05-21 10:18:01,.02, Kemiringan (roll) : -7.17
2026-05-21 10:18:01,.02, Kemiringan (roll) : -7.17
2026-05-21 10:18:01,.02, Kemiringan (roll) : -7.17
2026-05-21 10:18:01,.02, Kemiringan (roll) : -7.17
2026-05-21 10:18:01,.02, Kemiringan (roll) : -7.17
2026-05-21 10:18:01,.02, Kemiringan (roll) : -7.17
2026-05-21 10:18:01,.02, Kemiringan (roll) : -7.17
2026-05-21 10:18:01,.02, Kemiringan (roll) : -7.17
2026-05-21 10:18:01,.02, Kemiringan (roll) : -7.17
2026-05-21 10:18:01,.02, Kemiringan (roll) : -7.17
2026-05-21 10:18:01,.02, Kemiringan (roll) : -7.17
2026-05-21 10:18:01,.02, Kemiringan (roll) : -7.17
2026-05-21 10:18:01,.02, Kemiringan (roll) : -7.17
2026-05-21 10:18:01,.02, Kemiringan (roll) : -7.17
2026-05-21 10:18:01,.02, Kemiringan (roll) : -7.17
2026-05-21 10:18:01,.02, Kemiringan (roll) : -7.17
2026-05-21 10:18:01,.02, Kemiringan (roll) : -7.17
2026-05-21 10:18:01,.02, Kemiringan (roll) : -7.17
2026-05-21 10:18:01,.02, Kemiringan (roll) : -7.17
2026-05-21 10:18:01,.02, Kemiringan (roll) : -7.17
2026-05-21 10:18:01,.02, Kemiringan (roll) : -7.17
2026-05-21 10:18:01,.02, Kemiringan (roll) : -7.17
2026-05-21 10:18:01,.02, Kemiringan (roll) : -7.17
2026-05-21 10:18:01,.02, Kemiringan (roll) : -7.17
2026-05-21 10:18:01,.02, Kemiringan (roll) : -7.17
2026-05-21 10:18:01,.02, Kemiringan (roll) : -7.17
2026-05-21 10:18:01,.02, Kemiringan (roll) : -7.17
2026-05-21 10:18:01,.02, Kemiringan (roll) : -7.17
2026-05-21 10:18:01,.02, Kemiringan (roll) : -7.17
2026-05-21 10:18:01,.02, Kemiringan (roll) : -7.17
2026-05-21 10:18:01,.02, Kemiringan (roll) : -7.17
2026-05-21 10:18:01,.02, Kemiringan (roll) : -7.17
2026-05-21 10:18:01,.02, Kemiringan (roll) : -7.17
2026-05-21 10:18:01,.02, Kemiringan (roll) : -7.17
2026-05-21 10:18:01,.02, Kemiringan (roll) : -7.17
2026-05-21 10:18:01,.02, Kemiringan (roll) : -7.17
2026-05-21 10:18:01,.02, Kemiringan (roll) : -7.17
2026-05-21 10:18:01,.02, Kemiringan (roll) : -7.17
2026-05-21 10:18:01,.02, Kemiringan (roll) : -7.17
2026-05-21 10:18:01,.02, Kemiringan (roll) : -7.17
2026-05-21 10:18:01,.02, Kemiringan (roll) : -7.17
2026-05-21 10:18:01,.02, Kemiringan (roll) : -7.17
2026-05-21 10:18:01,.02, Kemiringan (roll) : -7.17
2026-05-21 10:18:01,.02, Kemiringan (roll) : -7.17
2026-05-21 10:18:01,.02, Kemiringan (roll) : -7.17
2026-05-21 10:18:01,.02, Kemiringan (roll) : -7.17
2026-05-21 10:18:01,.02, Kemiringan (roll) : -7.17
2026-05-21 10:18:01,.02, Kemiringan (roll) : -7.17
2026-05-21 10:18:01,.02, Kemiringan (roll) : -7.17
2026-05-21 10:18:01,.02, Kemiringan (roll) : -7.17
2026-05-21 10:18:01,.02, Kemiringan (roll) : -7.17
2026-05-21 10:18:01,.02, Kemiringan (roll) : -7.17
2026-05-21 10:18:01,.02, Kemiringan (roll) : -7.17
2026-05-21 10:18:01,.02, Kemiringan (roll) : -7.17
2026-05-21 10:18:01,.02, Kemiringan (roll) : -7.17
2026-05-21 10:18:01,.02, Kemiringan (roll) : -7.17
2026-05-21 10:18:01,.02, Kemiringan (roll) : -7.17
2026-05-21 10:18:01,.02, Kemiringan (roll) : -7.17
2026-05-21 10:18:01,.02, Kemiringan (roll) : -7.17
2026-05-21 10:18:01,.02, Kemiringan (roll) : -7.17
2026-05-21 10:18:01,.02, Kemiringan (roll) : -7.17
2026-05-21 10:18:01,.02, Kemiringan (roll) : -7.17
2026-05-21 10:18:01,.02, Kemiringan (roll) : -7.17
2026-05-21 10:18:01,.02, Kemiringan (roll) : -7.17
2026-05-21 10:18:01,.02, Kemiringan (roll) : -7.17
2026-05-21 10:18:01,.02, Kemiringan (roll) : -7.17
2026-05-21 10:18:01,.02, Kemiringan (roll) : -7.17
2026-05-21 10:18:01,.02, Kemiringan (roll) : -7.17
2026-05-21 10:18:01,.02, Kemiringan (roll) : -7.17
2026-05-21 10:18:01,.02, Kemiringan (roll) : -7.17
2026-05-21 10:18:01,.02, Kemiringan (roll) : -7.17
2026-05-21 10:18:01,.02, Kemiringan (roll) : -7.17
2026-05-21 10:18:01,.02, Kemiringan (roll) : -7.17
2026-05-21 10:18:01,.02, Kemiringan (roll) : -7.17
2026-05-21 10:18:01,.02, Kemiringan (roll) : -7.17
2026-05-21 10:18:01,.02, Kemiringan (roll) : -7.17
2026-05-21 10:18:01,.02, Kemiringan (roll) : -7.17
2026-05-21 10:18:01,.02, Kemiringan (roll) : -7.17
2026-05-21 10:18:01,.02, Kemiringan (roll) : -7.17
2026-05-21 10:18:01,.02, Kemiringan (roll) : -7.17
2026-05-21 10:18:01,.02, Kemiringan (roll) : -7.17
2026-05-21 10:18:01,.02, Kemiringan (roll) : -7.17
2026-05-21 10:18:01,.02, Kemiringan (roll) : -7.17
2026-05-21 10:18:01,.02, Kemiringan (roll) : -7.17
2026-05-21 10:18:01,.02, Kemiringan (roll) : -7.17
2026-05-21 10:18:01,.02, Kemiringan (roll) : -7.17
2026-05-21 10:18:01,.02, Kemiringan (roll) : -7.17
2026-05-21 10:18:01,.02, Kemiringan (roll) : -7.17
2026-05-21 10:18:01,.02, Kemiringan (roll) : -7.17
2026-05-21 10:18:01,.02, Kemiringan (roll) : -7.17
2026-05-21 10:18:01,.02, Kemiringan (roll) : -7.17
2026-05-21 10:18:01,.02, Kemiringan (roll) : -7.17
2026-05-21 10:18:01,.02, Kemiringan (roll) : -7.17
2026-05-21 10:18:01,.02, Kemiringan (roll) : -7.17
2026-05-21 10:18:01,.02, Kemiringan (roll) : -7.17
2026-05-21 10:18:01,.02, Kemiringan (roll) : -7.17
2026-05-21 10:18:01,.02, Kemiringan (roll) : -7.17
2026-05-21 10:18:01,.02, Kemiringan (roll) : -7.17
2026-05-21 10:18:01,.02, Kemiringan (roll) : -7.17
2026-05-21 10:18:01,.02, Kemiringan (roll) : -7.17
2026-05-21 10:18:01,.02, Kemiringan (roll) : -7.17
2026-05-21 10:18:01,.02, Kemiringan (roll) : -7.17
2026-05-21 10:18:01,.02, Kemiringan (roll) : -7.17
2026-05-21 10:18:01,.02, Kemiringan (roll) : -7.17
2026-05-21 10:18:01,.02, Kemiringan (roll) : -7.17
2026-05-21 10:18:01,.02, Kemiringan (roll) : -7.17
2026-05-21 10:18:01,.02, Kemiringan (roll) : -7.17
2026-05-21 10:18:01,.02, Kemiringan (roll) : -7.17
2026-05-21 10:18:01,.02, Kemiringan (roll) : -7.17
2026-05-21 10:18:01,.02, Kemiringan (roll) : -7.17
2026-05-21 10:18:01,.02, Kemiringan (roll) : -7.17
2026-05-21 10:18:01,.02, Kemiringan (roll) : -7.17
2026-05-21 10:18:01,.02, Kemiringan (roll) : -7.17
2026-05-21 10:18:01,.02, Kemiringan (roll) : -7.17
2026-05-21 10:18:01,.02, Kemiringan (roll) : -7.17
2026-05-21 10:18:01,.02, Kemiringan (roll) : -7.17
2026-05-21 10:18:01,.02, Kemiringan (roll) : -7.17
2026-05-21 10:18:01,.02, Kemiringan (roll) : -7.17
2026-05-21 10:18:01,.02, Kemiringan (roll) : -7.17
2026-05-21 10:18:01,.02, Kemiringan (roll) : -7.17
2026-05-21 10:18:01,.02, Kemiringan (roll) : -7.17
2026-05-21 10:18:01,.02, Kemiringan (roll) : -7.17
2026-05-21 10:18:01,.02, Kemiringan (roll) : -7.17
2026-05-21 10:18:01,.02, Kemiringan (roll) : -7.17
2026-05-21 10:18:01,.02, Kemiringan (roll) : -7.17
2026-05-21 10:18:01,.02, Kemiringan (roll) : -7.17
2026-05-21 10:18:01,.02, Kemiringan (roll) : -7.17
2026-05-21 10:18:01,.02, Kemiringan (roll) : -7.17
2026-05-21 10:18:01,.02, Kemiringan (roll) : -7.17
2026-05-21 10:18:01,.02, Kemiringan (roll) : -7.17
2026-05-21 10:18:01,.02, Kemiringan (roll) : -7.17
2026-05-21 10:18:01,.02, Kemiringan (roll) : -7.17
2026-05-21 10:18:01,.02, Kemiringan (roll) : -7.17
2026-05-21 10:18:01,.02, Kemiringan (roll) : -7.17
2026-05-21 10:18:01,.02, Kemiringan (roll) : -7.17
2026-05-21 10:18:01,.02, Kemiringan (roll) : -7.17
2026-05-21 10:18:01,.02, Kemiringan (roll) : -7.17
2026-05-21 10:18:01,.02, Kemiringan (roll) : -7.17
2026-05-21 10:18:01,.02, Kemiringan (roll) : -7.17
2026-05-21 10:18:01,.02, Kemiringan (roll) : -7.17
2026-05-21 10:18:01,.02, Kemiringan (roll) : -7.17
2026-05-21 10:18:01,.02, Kemiringan (roll) : -7.17
2026-05-21 10:18:01,.02, Kemiringan (roll) : -7.17
2026-05-21 10:18:01,.02, Kemiringan (roll) : -7.17
2026-05-21 10:18:01,.02, Kemiringan (roll) : -7.17
2026-05-21 10:18:01,.02, Kemiringan (roll) : -7.17
2026-05-21 10:18:01,.02, Kemiringan (roll) : -7.17
2026-05-21 10:18:01,.02, Kemiringan (roll) : -7.17
2026-05-21 10:18:01,.02, Kemiringan (roll) : -7.17
2026-05-21 10:18:01,.02, Kemiringan (roll) : -7.17
2026-05-21 10:18:01,.02, Kemiringan (roll) : -7.17
2026-05-21 10:18:01,.02, Kemiringan (roll) : -7.17
2026-05-21 10:18:01,.02, Kemiringan (roll) : -7.17
2026-05-21 10:18:01,.02, Kemiringan (roll) : -7.17
2026-05-21 10:18:01,.02, Kemiringan (roll) : -7.17
2026-05-21 10:18:01,.02, Kemiringan (roll) : -7.17
2026-05-21 10:18:01,.02, Kemiringan (roll) : -7.17
2026-05-21 10:18:01,.02, Kemiringan (roll) : -7.17
2026-05-21 10:18:01,.02, Kemiringan (roll) : -7.17
2026-05-21 10:18:01,.02, Kemiringan (roll) : -7.17
2026-05-21 10:18:01,.02, Kemiringan (roll) : -7.17
2026-05-21 10:18:01,.02, Kemiringan (roll) : -7.17
2026-05-21 10:18:01,.02, Kemiringan (roll) : -7.17
2026-05-21 10:18:01,.02, Kemiringan (roll) : -7.17
2026-05-21 10:18:01,.02, Kemiringan (roll) : -7.17
2026-05-21 10:18:01,.02, Kemiringan (roll) : -7.17
2026-05-21 10:18:01,.02, Kemiringan (roll) : -7.17
2026-05-21 10:18:01,.02, Kemiringan (roll) : -7.17
2026-05-21 10:18:01,.02, Kemiringan (roll) : -7.17
2026-05-21 10:18:01,.02, Kemiringan (roll) : -7.17
2026-05-21 10:18:01,.02, Kemiringan (roll) : -7.17
2026-05-21 10:18:01,.02, Kemiringan (roll) : -7.17
2026-05-21 10:18:01,.02, Kemiringan (roll) : -7.17
2026-05-21 10:18:01,.02, Kemiringan (roll) : -7.17
2026-05-21 10:18:01,.02, Kemiringan (roll) : -7.17
2026-05-21 10:18:01,.02, Kemiringan (roll) : -7.17
2026-05-21 10:18:01,.02, Kemiringan (roll) : -7.17
2026-05-21 10:18:01,.02, Kemiringan (roll) : -7.17
2026-05-21 10:18:01,.02, Kemiringan (roll) : -7.17
2026-05-21 10:18:01,.02, Kemiringan (roll) : -7.17
2026-05-21 10:18:01,.02, Kemiringan (roll) : -7.17
2026-05-21 10:18:01,.02, Kemiringan (roll) : -7.17
2026-05-21 10:18:01,.02, Kemiringan (roll) : -7.17
2026-05-21 10:18:01,.02, Kemiringan (roll) : -7.17
2026-05-21 10:18:01,.02, Kemiringan (roll) : -7.17
2026-05-21 10:18:01,.02, Kemiringan (roll) : -7.17
2026-05-21 10:18:01,.02, Kemiringan (roll) : -7.17
2026-05-21 10:18:01,.02, Kemiringan (roll) : -7.17
2026-05-21 10:18:01,.02, Kemiringan (roll) : -7.17
2026-05-21 10:18:01,.02, Kemiringan (roll) : -7.17
2026-05-21 10:18:01,.02, Kemiringan (roll) : -7.17
2026-05-21 10:18:01,.02, Kemiringan (roll) : -7.17
2026-05-21 10:18:01,.02, Kemiringan (roll) : -7.17
2026-05-21 10:18:01,.02, Kemiringan (roll) : -7.17
2026-05-21 10:18:01,.02, Kemiringan (roll) : -7.17
2026-05-21 10:18:01,.02, Kemiringan (roll) : -7.17
2026-05-21 10:18:01,.02, Kemiringan (roll) : -7.17
2026-05-21 10:18:01,.02, Kemiringan (roll) : -7.17
2026-05-21 10:18:01,.02, Kemiringan (roll) : -7.17
2026-05-21 10:18:01,.02, Kemiringan (roll) : -7.17
2026-05-21 10:18:01,.02, Kemiringan (roll) : -7.17
2026-05-21 10:18:01,.02, Kemiringan (roll) : -7.17
2026-05-21 10:18:01,.02, Kemiringan (roll) : -7.17
2026-05-21 10:18:01,.02, Kemiringan (roll) : -7.17
2026-05-21 10:18:01,.02, Kemiringan (roll) : -7.17
2026-05-21 10:18:01,.02, Kemiringan (roll) : -7.17
2026-05-21 10:18:01,.02, Kemiringan (roll) : -7.17
2026-05-21 10:18:01,.02, Kemiringan (roll) : -7.17
2026-05-21 10:18:01,.02, Kemiringan (roll) : -7.17
2026-05-21 10:18:01,.02, Kemiringan (roll) : -7.17
2026-05-21 10:18:01,.02, Kemiringan (roll) : -7.17
2026-05-21 10:18:01,.02, Kemiringan (roll) : -7.17
2026-05-21 10:18:01,.02, Kemiringan (roll) : -7.17
2026-05-21 10:18:01,.02, Kemiringan (roll) : -7.17
2026-05-21 10:18:01,.02, Kemiringan (roll) : -7.17
2026-05-21 10:18:01,.02, Kemiringan (roll) : -7.17
2026-05-21 10:18:01,.02, Kemiringan (roll) : -7.17
2026-05-21 10:18:01,.02, Kemiringan (roll) : -7.17
2026-05-21 10:18:01,.02, Kemiringan (roll) : -7.17
2026-05-21 10:18:01,.02, Kemiringan (roll) : -7.17
2026-05-21 10:18:01,.02, Kemiringan (roll) : -7.17
2026-05-21 10:18:01,.02, Kemiringan (roll) : -7.17
2026-05-21 10:18:01,.02, Kemiringan (roll) : -7.17
2026-05-21 10:18:01,.02, Kemiringan (roll) : -7.17
2026-05-21 10:18:01,.02, Kemiringan (roll) : -7.17
2026-05-21 10:18:01,.02, Kemiringan (roll) : -7.17
2026-05-21 10:18:01,.02, Kemiringan (roll) : -7.17
2026-05-21 10:18:01,.02, Kemiringan (roll) : -7.17
2026-05-21 10:18:01,.02, Kemiringan (roll) : -7.17
2026-05-21 10:18:01,.02, Kemiringan (roll) : -7.17
2026-05-21 10:18:01,.02, Kemiringan (roll) : -7.17
2026-05-21 10:18:01,.02, Kemiringan (roll) : -7.17
2026-05-21 10:18:01,.02, Kemiringan (roll) : -7.17
2026-05-21 10:18:01,.02, Kemiringan (roll) : -7.17
2026-05-21 10:18:01,.02, Kemiringan (roll) : -7.17
2026-05-21 10:18:01,.02, Kemiringan (roll) : -7.17
2026-05-21 10:18:01,.02, Kemiringan (roll) : -7.17
2026-05-21 10:18:01,.02, Kemiringan (roll) : -7.17
2026-05-21 10:18:01,.02, Kemiringan (roll) : -7.17
2026-05-21 10:18:01,.02, Kemiringan (roll) : -7.17
2026-05-21 10:18:01,.02, Kemiringan (roll) : -7.17
2026-05-21 10:18:01,.02, Kemiringan (roll) : -7.17
2026-05-21 10:18:01,.02, Kemiringan (roll) : -7.17
2026-05-21 10:18:01,.02, Kemiringan (roll) : -7.17
2026-05-21 10:18:01,.02, Kemiringan (roll) : -7.17
2026-05-21 10:18:01,.02, Kemiringan (roll) : -7.17
2026-05-21 10:18:01,.02, Kemiringan (roll) : -7.17
2026-05-21 10:18:01,.02, Kemiringan (roll) : -7.17
2026-05-21 10:18:01,.02, Kemiringan (roll) : -7.17
2026-05-21 10:18:01,.02, Kemiringan (roll) : -7.17
2026-05-21 10:18:01,.02, Kemiringan (roll) : -7.17
2026-05-21 10:18:01,.02, Kemiringan (roll) : -7.17
2026-05-21 10:18:01,.02, Kemiringan (roll) : -7.17
2026-05-21 10:18:01,.02, Kemiringan (roll) : -7.17
2026-05-21 10:18:01,.02, Kemiringan (roll) : -7.17
2026-05-21 10:18:01,.02, Kemiringan (roll) : -7.17
2026-05-21 10:18:01,.02, Kemiringan (roll) : -7.17
2026-05-21 10:18:01,.02, Kemiringan (roll) : -7.17
2026-05-21 10:18:01,.02, Kemiringan (roll) : -7.17
2026-05-21 10:18:01,.02, Kemiringan (roll) : -7.17
2026-05-21 10:18:01,.02, Kemiringan (roll) : -7.17
2026-05-21 10:18:01,.02, Kemiringan (roll) : -7.17
2026-05-21 10:18:01,.02, Kemiringan (roll) : -7.17
2026-05-21 10:18:01,.02, Kemiringan (roll) : -7.17
2026-05-21 10:18:01,.02, Kemiringan (roll) : -7.17
2026-05-21 10:18:01,.02, Kemiringan (roll) : -7.17
2026-05-21 10:18:01,.02, Kemiringan (roll) : -7.17
2026-05-21 10:18:01,.02, Kemiringan (roll) : -7.17
2026-05-21 10:18:01,.02, Kemiringan (roll) : -7.17
2026-05-21 10:18:01,.02, Kemiringan (roll) : -7.17
2026-05-21 10:18:01,.02, Kemiringan (roll) : -7.17
2026-05-21 10:18:01,.02, Kemiringan (roll) : -7.17
2026-05-21 10:18:01,.02, Kemiringan (roll) : -7.17
2026-05-21 10:18:01,.02, Kemiringan (roll) : -7.17
2026-05-21 10:18:01,.02, Kemiringan (roll) : -7.17
2026-05-21 10:18:01,.02, Kemiringan (roll) : -7.17
2026-05-21 10:18:01,.02, Kemiringan (roll) : -7.17
2026-05-21 10:18:01,.02, Kemiringan (roll) : -7.17
2026-05-21 10:18:01,.02, Kemiringan (roll) : -7.17
2026-05-21 10:18:01,.02, Kemiringan (roll) : -7.17
2026-05-21 10:18:01,.02, Kemiringan (roll) : -7.17
2026-05-21 10:18:01,.02, Kemiringan (roll) : -7.17
2026-05-21 10:18:01,.02, Kemiringan (roll) : -7.17
2026-05-21 10:18:01,.02, Kemiringan (roll) : -7.17
2026-05-21 10:18:01,.02, Kemiringan (roll) : -7.17
2026-05-21 10:18:01,.02, Kemiringan (roll) : -7.17
2026-05-21 10:18:01,.02, Kemiringan (roll) : -7.17
2026-05-21 10:18:01,.02, Kemiringan (roll) : -7.17
2026-05-21 10:18:01,.02, Kemiringan (roll) : -7.17
2026-05-21 10:18:01,.02, Kemiringan (roll) : -7.17
2026-05-21 10:18:01,.02, Kemiringan (roll) : -7.17
2026-05-21 10:18:01,.02, Kemiringan (roll) : -7.17
2026-05-21 10:18:01,.02, Kemiringan (roll) : -7.17
2026-05-21 10:18:01,.02, Kemiringan (roll) : -7.17
2026-05-21 10:18:01,.02, Kemiringan (roll) : -7.17
2026-05-21 10:18:01,.02, Kemiringan (roll) : -7.17
2026-05-21 10:18:01,.02, Kemiringan (roll) : -7.17
2026-05-21 10:18:01,.02, Kemiringan (roll) : -7.17
2026-05-21 10:18:01,.02, Kemiringan (roll) : -7.17
2026-05-21 10:18:01,.02, Kemiringan (roll) : -7.17
2026-05-21 10:18:01,.02, Kemiringan (roll) : -7.17
2026-05-21 10:18:01,.02, Kemiringan (roll) : -7.17
2026-05-21 10:18:01,.02, Kemiringan (roll) : -7.17
2026-05-21 10:18:01,.02, Kemiringan (roll) : -7.17
2026-05-21 10:18:01,.02, Kemiringan (roll) : -7.17
2026-05-21 10:18:01,.02, Kemiringan (roll) : -7.17
2026-05-21 10:18:01,.02, Kemiringan (roll) : -7.17
2026-05-21 10:18:01,.02, Kemiringan (roll) : -7.17
2026-05-21 10:18:01,.02, Kemiringan (roll) : -7.17
2026-05-21 10:18:01,.02, Kemiringan (roll) : -7.17
2026-05-21 10:18:01,.02, Kemiringan (roll) : -7.17
2026-05-21 10:18:01,.02, Kemiringan (roll) : -7.17
2026-05-21 10:18:01,.02, Kemiringan (roll) : -7.17
2026-05-21 10:18:01,.02, Kemiringan (roll) : -7.17
2026-05-21 10:18:01,.02, Kemiringan (roll) : -7.17
2026-05-21 10:18:01,.02, Kemiringan (roll) : -7.17
2026-05-21 10:18:01,.02, Kemiringan (roll) : -7.17
2026-05-21 10:18:01,.02, Kemiringan (roll) : -7.17
2026-05-21 10:18:01,.02, Kemiringan (roll) : -7.17
2026-05-21 10:18:01,.02, Kemiringan (roll) : -7.17
2026-05-21 10:18:01,.02, Kemiringan (roll) : -7.17
2026-05-21 10:18:01,.02, Kemiringan (roll) : -7.17
2026-05-21 10:18:01,.02, Kemiringan (roll) : -7.17
2026-05-21 10:18:01,.02, Kemiringan (roll) : -7.17
2026-05-21 10:18:01,.02, Kemiringan (roll) : -7.17
2026-05-21 10:18:01,.02, Kemiringan (roll) : -7.17
2026-05-21 10:18:01,.02, Kemiringan (roll) : -7.17
2026-05-21 10:18:01,.02, Kemiringan (roll) : -7.17
2026-05-21 10:18:01,.02, Kemiringan (roll) : -7.17
2026-05-21 10:18:01,.02, Kemiringan (roll) : -7.17
2026-05-21 10:18:01,.02, Kemiringan (roll) : -7.17
2026-05-21 10:18:01,.02, Kemiringan (roll) : -7.17
2026-05-21 10:18:01,.02, Kemiringan (roll) : -7.17
2026-05-21 10:18:01,.02, Kemiringan (roll) : -7.17
2026-05-21 10:18:01,.02, Kemiringan (roll) : -7.17
2026-05-21 10:18:01,.02, Kemiringan (roll) : -7.17
2026-05-21 10:18:01,.02, Kemiringan (roll) : -7.17
2026-05-21 10:18:01,.02, Kemiringan (roll) : -7.17
2026-05-21 10:18:01,.02, Kemiringan (roll) : -7.17
2026-05-21 10:18:01,.02, Kemiringan (roll) : -7.17
2026-05-21 10:18:01,.02, Kemiringan (roll) : -7.17
2026-05-21 10:18:01,.02, Kemiringan (roll) : -7.17
2026-05-21 10:18:01,.02, Kemiringan (roll) : -7.17
2026-05-21 10:18:01,.02, Kemiringan (roll) : -7.17
2026-05-21 10:18:01,.02, Kemiringan (roll) : -7.17
2026-05-21 10:18:01,.02, Kemiringan (roll) : -7.17
2026-05-21 10:18:01,.02, Kemiringan (roll) : -7.17
2026-05-21 10:18:01,.02, Kemiringan (roll) : -7.17
2026-05-21 10:18:01,.02, Kemiringan (roll) : -7.17
2026-05-21 10:18:01,.02, Kemiringan (roll) : -7.17
2026-05-21 10:18:01,.02, Kemiringan (roll) : -7.17
2026-05-21 10:18:01,.02, Kemiringan (roll) : -7.17
2026-05-21 10:18:01,.02, Kemiringan (roll) : -7.17
2026-05-21 10:18:01,.02, Kemiringan (roll) : -7.17
2026-05-21 10:18:01,.02, Kemiringan (roll) : -7.17
2026-05-21 10:18:01,.02, Kemiringan (roll) : -7.17
2026-05-21 10:18:01,.02, Kemiringan (roll) : -7.17
2026-05-21 10:18:01,.02, Kemiringan (roll) : -7.17
2026-05-21 10:18:01,.02, Kemiringan (roll) : -7.17
2026-05-21 10:18:01,.02, Kemiringan (roll) : -7.17
2026-05-21 10:18:01,.02, Kemiringan (roll) : -7.17
2026-05-21 10:18:01,.02, Kemiringan (roll) : -7.17
2026-05-21 10:18:01,.02, Kemiringan (roll) : -7.17
2026-05-21 10:18:01,.02, Kemiringan (roll) : -7.17
2026-05-21 10:18:01,.02, Kemiringan (roll) : -7.17
2026-05-21 10:18:01,.02, Kemiringan (roll) : -7.17
2026-05-21 10:18:01,.02, Kemiringan (roll) : -7.17
2026-05-21 10:18:01,.02, Kemiringan (roll) : -7.17
2026-05-21 10:18:01,.02, Kemiringan (roll) : -7.17
2026-05-21 10:18:01,.02, Kemiringan (roll) : -7.17
2026-05-21 10:18:01,.02, Kemiringan (roll) : -7.17
2026-05-21 10:18:01,.02, Kemiringan (roll) : -7.17
2026-05-21 10:18:01,.02, Kemiringan (roll) : -7.17
2026-05-21 10:18:01,.02, Kemiringan (roll) : -7.17
2026-05-21 10:18:01,.02, Kemiringan (roll) : -7.17
2026-05-21 10:18:01,.02, Kemiringan (roll) : -7.17
2026-05-21 10:18:01,.02, Kemiringan (roll) : -7.17
2026-05-21 10:18:01,.02, Kemiringan (roll) : -7.17
2026-05-21 10:18:01,.02, Kemiringan (roll) : -7.17
2026-05-21 10:18:01,.02, Kemiringan (roll) : -7.17
2026-05-21 10:18:01,.02, Kemiringan (roll) : -7.17
2026-05-21 10:18:01,.02, Kemiringan (roll) : -7.17
2026-05-21 10:18:01,.02, Kemiringan (roll) : -7.17
2026-05-21 10:18:01,.02, Kemiringan (roll) : -7.17
2026-05-21 10:18:01,.02, Kemiringan (roll) : -7.17
2026-05-21 10:18:01,.02, Kemiringan (roll) : -7.17
2026-05-21 10:18:01,.02, Kemiringan (roll) : -7.17
2026-05-21 10:18:01,.02, Kemiringan (roll) : -7.17
2026-05-21 10:18:01,.02, Kemiringan (roll) : -7.17
2026-05-21 10:18:01,.02, Kemiringan (roll) : -7.17
2026-05-21 10:18:01,.02, Kemiringan (roll) : -7.17
2026-05-21 10:18:01,.02, Kemiringan (roll) : -7.17
2026-05-21 10:18:01,.02, Kemiringan (roll) : -7.17
2026-05-21 10:18:01,.02, Kemiringan (roll) : -7.17
2026-05-21 10:18:01,.02, Kemiringan (roll) : -7.17
2026-05-21 10:18:01,.02, Kemiringan (roll) : -7.17
2026-05-21 10:18:01,.02, Kemiringan (roll) : -7.17
2026-05-21 10:18:01,.02, Kemiringan (roll) : -7.17
2026-05-21 10:18:01,.02, Kemiringan (roll) : -7.17
2026-05-21 10:18:01,.02, Kemiringan (roll) : -7.17
2026-05-21 10:18:01,.02, Kemiringan (roll) : -7.17
2026-05-21 10:18:01,.02, Kemiringan (roll) : -7.17
2026-05-21 10:18:01,.02, Kemiringan (roll) : -7.17
2026-05-21 10:18:01,.02, Kemiringan (roll) : -7.17
2026-05-21 10:18:01,.02, Kemiringan (roll) : -7.17
2026-05-21 10:18:01,.02, Kemiringan (roll) : -7.17
2026-05-21 10:18:01,.02, Kemiringan (roll) : -7.17
2026-05-21 10:18:01,.02, Kemiringan (roll) : -7.17
2026-05-21 10:18:01,.02, Kemiringan (roll) : -7.17
2026-05-21 10:18:01,.02, Kemiringan (roll) : -7.17
2026-05-21 10:18:01,.02, Kemiringan (roll) : -7.17
2026-05-21 10:18:01,.02, Kemiringan (roll) : -7.17
2026-05-21 10:18:01,.02, Kemiringan (roll) : -7.17
2026-05-21 10:18:01,.02, Kemiringan (roll) : -7.17
2026-05-21 10:18:01,.02, Kemiringan (roll) : -7.17
2026-05-21 10:18:01,.02, Kemiringan (roll) : -7.17
2026-05-21 10:18:01,.02, Kemiringan (roll) : -7.17
2026-05-21 10:18:01,.02, Kemiringan (roll) : -7.17
2026-05-21 10:18:01,.02, Kemiringan (roll) : -7.17
2026-05-21 10:18:01,.02, Kemiringan (roll) : -7.17
2026-05-21 10:18:01,.02, Kemiringan (roll) : -7.17
2026-05-21 10:18:01,.02, Kemiringan (roll) : -7.17
2026-05-21 10:18:01,.02, Kemiringan (roll) : -7.17
2026-05-21 10:18:01,.02, Kemiringan (roll) : -7.17
2026-05-21 10:18:01,.02, Kemiringan (roll) : -7.17
2026-05-21 10:18:01,.02, Kemiringan (roll) : -7.17
2026-05-21 10:18:01,.02, Kemiringan (roll) : -7.17
2026-05-21 10:18:01,.02, Kemiringan (roll) : -7.17
2026-05-21 10:18:01,.02, Kemiringan (roll) : -7.17
2026-05-21 10:18:01,.02, Kemiringan (roll) : -7.17
2026-05-21 10:18:01,.02, Kemiringan (roll) : -7.17
2026-05-21 10:18:01,.02, Kemiringan (roll) : -7.17
2026-05-21 10:18:01,.02, Kemiringan (roll) : -7.17
2026-05-21 10:18:01,.02, Kemiringan (roll) : -7.17
2026-05-21 10:18:01,.02, Kemiringan (roll) : -7.17
2026-05-21 10:18:01,.02, Kemiringan (roll) : -7.17
2026-05-21 10:18:01,.02, Kemiringan (roll) : -7.17
2026-05-21 10:18:01,.02, Kemiringan (roll) : -7.17
2026-05-21 10:18:01,.02, Kemiringan (roll) : -7.17
2026-05-21 10:18:01,.02, Kemiringan (roll) : -7.17
2026-05-21 10:18:01,.02, Kemiringan (roll) : -7.17
2026-05-21 10:18:01,.02, Kemiringan (roll) : -7.17
2026-05-21 10:18:01,.02, Kemiringan (roll) : -7.17
2026-05-21 10:18:01,.02, Kemiringan (roll) : -7.17
2026-05-21 10:18:01,.02, Kemiringan (roll) : -7.17
2026-05-21 10:18:01,.02, Kemiringan (roll) : -7.17
2026-05-21 10:18:01,.02, Kemiringan (roll) : -7.17
2026-05-21 10:18:01,.02, Kemiringan (roll) : -7.17
2026-05-21 10:18:01,.02, Kemiringan (roll) : -7.17
2026-05-21 10:18:01,.02, Kemiringan (roll) : -7.17
2026-05-21 10:18:01,.02, Kemiringan (roll) : -7.17
2026-05-21 10:18:01,.02, Kemiringan (roll) : -7.17
2026-05-21 10:18:01,.02, Kemiringan (roll) : -7.17
2026-05-21 10:18:01,.02, Kemiringan (roll) : -7.17
2026-05-21 10:18:01,.02, Kemiringan (roll) : -7.17
2026-05-21 10:18:01,.02, Kemiringan (roll) : -7.17
2026-05-21 10:18:01,.02, Kemiringan (roll) : -7.17
2026-05-21 10:18:01,.02, Kemiringan (roll) : -7.17
2026-05-21 10:18:01,.02, Kemiringan (roll) : -7.17
2026-05-21 10:18:01,.02, Kemiringan (roll) : -7.17
2026-05-21 10:18:01,.02, Kemiringan (roll) : -7.17
2026-05-21 10:18:01,.02, Kemiringan (roll) : -7.17
2026-05-21 10:18:01,.02, Kemiringan (roll) : -7.17
2026-05-21 10:18:01,.02, Kemiringan (roll) : -7.17
2026-05-21 10:18:01,.02, Kemiringan (roll) : -7.17
2026-05-21 10:18:01,.02, Kemiringan (roll) : -7.17
2026-05-21 10:18:01,.02, Kemiringan (roll) : -7.17
2026-05-21 10:18:01,.02, Kemiringan (roll) : -7.17
2026-05-21 10:18:01,.02, Kemiringan (roll) : -7.17
2026-05-21 10:18:01,.02, Kemiringan (roll) : -7.17
2026-05-21 10:18:01,.02, Kemiringan (roll) : -7.17
2026-05-21 10:18:01,.02, Kemiringan (roll) : -7.17
2026-05-21 10:18:01,.02, Kemiringan (roll) : -7.17
2026-05-21 10:18:01,.02, Kemiringan (roll) : -7.17
2026-05-21 10:18:01,.02, Kemiringan (roll) : -7.17
2026-05-21 10:18:01,.02, Kemiringan (roll) : -7.17
2026-05-21 10:18:01,.02, Kemiringan (roll) : -7.17
2026-05-21 10:18:01,.02, Kemiringan (roll) : -7.17
2026-05-21 10:18:01,.02, Kemiringan (roll) : -7.17
2026-05-21 10:18:01,.02, Kemiringan (roll) : -7.17
2026-05-21 10:18:01,.02, Kemiringan (roll) : -7.17
2026-05-21 10:18:01,.02, Kemiringan (roll) : -7.17
2026-05-21 10:18:01,.02, Kemiringan (roll) : -7.17
2026-05-21 10:18:01,.02, Kemiringan (roll) : -7.17
2026-05-21 10:18:01,.02, Kemiringan (roll) : -7.17
2026-05-21 10:18:01,.02, Kemiringan (roll) : -7.17
2026-05-21 10:18:01,.02, Kemiringan (roll) : -7.17
2026-05-21 10:18:01,.02, Kemiringan (roll) : -7.17
2026-05-21 10:18:01,.02, Kemiringan (roll) : -7.17
2026-05-21 10:18:01,.02, Kemiringan (roll) : -7.17
2026-05-21 10:18:01,.02, Kemiringan (roll) : -7.17
2026-05-21 10:18:01,.02, Kemiringan (roll) : -7.17
2026-05-21 10:18:01,.02, Kemiringan (roll) : -7.17
2026-05-21 10:18:01,.02, Kemiringan (roll) : -7.17
2026-05-21 10:18:01,.02, Kemiringan (roll) : -7.17
2026-05-21 10:18:01,.02, Kemiringan (roll) : -7.17
2026-05-21 10:18:01,.02, Kemiringan (roll) : -7.17
2026-05-21 10:18:01,.02, Kemiringan (roll) : -7.17
2026-05-21 10:18:01,.02, Kemiringan (roll) : -7.17
2026-05-21 10:18:01,.02, Kemiringan (roll) : -7.17
2026-05-21 10:18:01,.02, Kemiringan (roll) : -7.17
2026-05-21 10:18:01,.02, Kemiringan (roll) : -7.17
2026-05-21 10:18:01,.02, Kemiringan (roll) : -7.17
2026-05-21 10:18:01,.02, Kemiringan (roll) : -7.17
2026-05-21 10:18:01,.02, Kemiringan (roll) : -7.17
2026-05-21 10:18:01,.02, Kemiringan (roll) : -7.17
2026-05-21 10:18:01,.02, Kemiringan (roll) : -7.17
2026-05-21 10:18:01,.02, Kemiringan (roll) : -7.17
2026-05-21 10:18:01,.02, Kemiringan (roll) : -7.17
2026-05-21 10:18:01,.02, Kemiringan (roll) : -7.17
2026-05-21 10:18:01,.02, Kemiringan (roll) : -7.17
2026-05-21 10:18:01,.02, Kemiringan (roll) : -7.17
2026-05-21 10:18:01,.02, Kemiringan (roll) : -7.17
2026-05-21 10:18:01,.02, Kemiringan (roll) : -7.17
2026-05-21 10:18:01,.02, Kemiringan (roll) : -7.17
2026-05-21 10:18:01,.02, Kemiringan (roll) : -7.17
2026-05-21 10:18:01,.02, Kemiringan (roll) : -7.17
2026-05-21 10:18:01,.02, Kemiringan (roll) : -7.17
2026-05-21 10:18:01,.02, Kemiringan (roll) : -7.17
2026-05-21 10:18:01,.02, Kemiringan (roll) : -7.17
2026-05-21 10:18:01,.02, Kemiringan (roll) : -7.17
2026-05-21 10:18:01,.02, Kemiringan (roll) : -7.17
2026-05-21 10:18:01,.02, Kemiringan (roll) : -7.17
2026-05-21 10:18:01,.02, Kemiringan (roll) : -7.17
2026-05-21 10:18:01,.02, Kemiringan (roll) : -7.17
2026-05-21 10:18:01,.02, Kemiringan (roll) : -7.17
2026-05-21 10:18:01,.02, Kemiringan (roll) : -7.17
2026-05-21 10:18:01,.02, Kemiringan (roll) : -7.17
2026-05-21 10:18:01,.02, Kemiringan (roll) : -7.17
2026-05-21 10:18:01,.02, Kemiringan (roll) : -7.17
2026-05-21 10:18:01,.02, Kemiringan (roll) : -7.17
2026-05-21 10:18:01,.02, Kemiringan (roll) : -7.17
2026-05-21 10:18:01,.02, Kemiringan (roll) : -7.17
2026-05-21 10:18:01,.02, Kemiringan (roll) : -7.17
2026-05-21 10:18:01,.02, Kemiringan (roll) : -7.17
2026-05-21 10:18:01,.02, Kemiringan (roll) : -7.17
2026-05-21 10:18:01,.02, Kemiringan (roll) : -7.17
2026-05-21 10:18:01,.02, Kemiringan (roll) : -7.17
2026-05-21 10:18:01,.02, Kemiringan (roll) : -7.17
2026-05-21 10:18:01,.02, Kemiringan (roll) : -7.17
2026-05-21 10:18:01,.02, Kemiringan (roll) : -7.17
2026-05-21 10:18:01,.02, Kemiringan (roll) : -7.17
2026-05-21 10:18:01,.02, Kemiringan (roll) : -7.17
2026-05-21 10:18:01,.02, Kemiringan (roll) : -7.17
2026-05-21 10:18:01,.02, Kemiringan (roll) : -7.17
2026-05-21 10:18:01,.02, Kemiringan (roll) : -7.17
2026-05-21 10:18:01,.02, Kemiringan (roll) : -7.17
2026-05-21 10:18:01,.02, Kemiringan (roll) : -7.17
2026-05-21 10:18:01,.02, Kemiringan (roll) : -7.17
2026-05-21 10:18:01,.02, Kemiringan (roll) : -7.17
2026-05-21 10:18:01,.02, Kemiringan (roll) : -7.17
2026-05-21 10:18:01,.02, Kemiringan (roll) : -7.17
2026-05-21 10:18:01,.02, Kemiringan (roll) : -7.17
2026-05-21 10:18:01,.02, Kemiringan (roll) : -7.17
2026-05-21 10:18:01,.02, Kemiringan (roll) : -7.17
2026-05-21 10:18:01,.02, Kemiringan (roll) : -7.17
2026-05-21 10:18:01,.02, Kemiringan (roll) : -7.17
2026-05-21 10:18:01,.02, Kemiringan (roll) : -7.17
2026-05-21 10:18:01,.02, Kemiringan (roll) : -7.17
2026-05-21 10:18:01,.02, Kemiringan (roll) : -7.17
2026-05-21 10:18:01,.02, Kemiringan (roll) : -7.17
2026-05-21 10:18:01,.02, Kemiringan (roll) : -7.17
2026-05-21 10:18:01,.02, Kemiringan (roll) : -7.17
2026-05-21 10:18:01,.02, Kemiringan (roll) : -7.17
2026-05-21 10:18:01,.02, Kemiringan (roll) : -7.17
2026-05-21 10:18:01,.02, Kemiringan (roll) : -7.17
2026-05-21 10:18:01,.02, Kemiringan (roll) : -7.17
2026-05-21 10:18:01,.02, Kemiringan (roll) : -7.17
2026-05-21 10:18:01,.02, Kemiringan (roll) : -7.17
2026-05-21 10:18:01,.02, Kemiringan (roll) : -7.17
2026-05-21 10:18:01,.02, Kemiringan (roll) : -7.17
2026-05-21 10:18:01,.02, Kemiringan (roll) : -7.17
2026-05-21 10:18:01,.02, Kemiringan (roll) : -7.17
2026-05-21 10:18:01,.02, Kemiringan (roll) : -7.17
2026-05-21 10:18:01,.02, Kemiringan (roll) : -7.17
2026-05-21 10:18:01,.02, Kemiringan (roll) : -7.17
2026-05-21 10:18:01,.02, Kemiringan (roll) : -7.17
2026-05-21 10:18:01,.02, Kemiringan (roll) : -7.17
2026-05-21 10:18:01,.02, Kemiringan (roll) : -7.17
2026-05-21 10:18:01,.02, Kemiringan (roll) : -7.17
2026-05-21 10:18:01,.02, Kemiringan (roll) : -7.17
2026-05-21 10:18:01,.02, Kemiringan (roll) : -7.17
2026-05-21 10:18:01,.02, Kemiringan (roll) : -7.17
2026-05-21 10:18:01,.02, Kemiringan (roll) : -7.17
2026-05-21 10:18:01,.02, Kemiringan (roll) : -7.17
2026-05-21 10:18:01,.02, Kemiringan (roll) : -7.17
2026-05-21 10:18:01,.02, Kemiringan (roll) : -7.17
2026-05-21 10:18:01,.02, Kemiringan (roll) : -7.17
2026-05-21 10:18:01,.02, Kemiringan (roll) : -7.17
2026-05-21 10:18:01,.02, Kemiringan (roll) : -7.17
2026-05-21 10:18:01,.02, Kemiringan (roll) : -7.17
2026-05-21 10:18:01,.02, Kemiringan (roll) : -7.17
2026-05-21 10:18:01,.02, Kemiringan (roll) : -7.17
2026-05-21 10:18:01,.02, Kemiringan (roll) : -7.17
2026-05-21 10:18:01,.02, Kemiringan (roll) : -7.17
2026-05-21 10:18:01,.02, Kemiringan (roll) : -7.17
2026-05-21 10:18:01,.02, Kemiringan (roll) : -7.17
2026-05-21 10:18:01,.02, Kemiringan (roll) : -7.17
2026-05-21 10:18:01,.02, Kemiringan (roll) : -7.17
2026-05-21 10:18:01,.02, Kemiringan (roll) : -7.17
2026-05-21 10:18:01,.02, Kemiringan (roll) : -7.17
2026-05-21 10:18:01,.02, Kemiringan (roll) : -7.17
2026-05-21 10:18:01,.02, Kemiringan (roll) : -7.17
2026-05-21 10:18:01,.02, Kemiringan (roll) : -7.17
2026-05-21 10:18:01,.02, Kemiringan (roll) : -7.17
2026-05-21 10:18:01,.02, Kemiringan (roll) : -7.17
2026-05-21 10:18:01,.02, Kemiringan (roll) : -7.17
2026-05-21 10:18:01,.02, Kemiringan (roll) : -7.17
2026-05-21 10:18:01,.02, Kemiringan (roll) : -7.17
2026-05-21 10:18:01,.02, Kemiringan (roll) : -7.17
2026-05-21 10:18:01,.02, Kemiringan (roll) : -7.17
2026-05-21 10:18:01,.02, Kemiringan (roll) : -7.17
2026-05-21 10:18:01,.02, Kemiringan (roll) : -7.17
2026-05-21 10:18:01,.02, Kemiringan (roll) : -7.17
2026-05-21 10:18:01,.02, Kemiringan (roll) : -7.17
2026-05-21 10:18:01,.02, Kemiringan (roll) : -7.17
2026-05-21 10:18:01,.02, Kemiringan (roll) : -7.17
2026-05-21 10:18:01,.02, Kemiringan (roll) : -7.17
2026-05-21 10:18:01,.02, Kemiringan (roll) : -7.17
2026-05-21 10:18:01,.02, Kemiringan (roll) : -7.17
2026-05-21 10:18:01,.02, Kemiringan (roll) : -7.17
2026-05-21 10:18:01,.02, Kemiringan (roll) : -7.17
2026-05-21 10:18:01,.02, Kemiringan (roll) : -7.17
2026-05-21 10:18:01,.02, Kemiringan (roll) : -7.17
2026-05-21 10:18:01,.02, Kemiringan (roll) : -7.17
2026-05-21 10:18:01,.02, Kemiringan (roll) : -7.17
2026-05-21 10:18:01,.02, Kemiringan (roll) : -7.17
2026-05-21 10:18:01,.02, Kemiringan (roll) : -7.17
2026-05-21 10:18:01,.02, Kemiringan (roll) : -7.17
2026-05-21 10:18:01,.02, Kemiringan (roll) : -7.17
2026-05-21 10:18:01,.02, Kemiringan (roll) : -7.17
2026-05-21 10:18:01,.02, Kemiringan (roll) : -7.17
2026-05-21 10:18:01,.02, Kemiringan (roll) : -7.17
2026-05-21 10:18:01,.02, Kemiringan (roll) : -7.17
2026-05-21 10:18:01,.02, Kemiringan (roll) : -7.17
2026-05-21 10:18:01,.02, Kemiringan (roll) : -7.17
2026-05-21 10:18:01,.02, Kemiringan (roll) : -7.17
2026-05-21 10:18:01,.02, Kemiringan (roll) : -7.17
2026-05-21 10:18:01,.02, Kemiringan (roll) : -7.17
2026-05-21 10:18:01,.02, Kemiringan (roll) : -7.17
2026-05-21 10:18:01,.02, Kemiringan (roll) : -7.17
2026-05-21 10:18:01,.02, Kemiringan (roll) : -7.17
2026-05-21 10:18:01,.02, Kemiringan (roll) : -7.17
2026-05-21 10:18:01,.02, Kemiringan (roll) : -7.17
2026-05-21 10:18:01,.02, Kemiringan (roll) : -7.17
2026-05-21 10:18:01,.02, Kemiringan (roll) : -7.17
2026-05-21 10:18:01,.02, Kemiringan (roll) : -7.17
2026-05-21 10:18:01,.02, Kemiringan (roll) : -7.17
2026-05-21 10:18:01,.02, Kemiringan (roll) : -7.17
2026-05-21 10:18:01,.02, Kemiringan (roll) : -7.17
2026-05-21 10:18:01,.02, Kemiringan (roll) : -7.17
2026-05-21 10:18:01,.02, Kemiringan (roll) : -7.17
2026-05-21 10:18:01,.02, Kemiringan (roll) : -7.17
2026-05-21 10:18:01,.02, Kemiringan (roll) : -7.17
2026-05-21 10:18:01,.02, Kemiringan (roll) : -7.17
2026-05-21 10:18:01,.02, Kemiringan (roll) : -7.17
2026-05-21 10:18:01,.02, Kemiringan (roll) : -7.17
2026-05-21 10:18:01,.02, Kemiringan (roll) : -7.17
2026-05-21 10:18:01,.02, Kemiringan (roll) : -7.17
2026-05-21 10:18:01,.02, Kemiringan (roll) : -7.17
2026-05-21 10:18:01,.02, Kemiringan (roll) : -7.17
2026-05-21 10:18:01,.02, Kemiringan (roll) : -7.17
2026-05-21 10:18:01,.02, Kemiringan (roll) : -7.17
2026-05-21 10:18:01,.02, Kemiringan (roll) : -7.17
2026-05-21 10:18:01,.02, Kemiringan (roll) : -7.17
2026-05-21 10:18:01,.02, Kemiringan (roll) : -7.17
2026-05-21 10:18:01,.02, Kemiringan (roll) : -7.17
2026-05-21 10:18:01,.02, Kemiringan (roll) : -7.17
2026-05-21 10:18:01,.02, Kemiringan (roll) : -7.17
2026-05-21 10:18:01,.02, Kemiringan (roll) : -7.17
2026-05-21 10:18:01,.02, Kemiringan (roll) : -7.17
2026-05-21 10:18:01,.02, Kemiringan (roll) : -7.17
2026-05-21 10:18:01,.02, Kemiringan (roll) : -7.17
2026-05-21 10:18:01,.02, Kemiringan (roll) : -7.17
2026-05-21 10:18:01,.02, Kemiringan (roll) : -7.17
2026-05-21 10:18:01,.02, Kemiringan (roll) : -7.17
2026-05-21 10:18:01,.02, Kemiringan (roll) : -7.17
2026-05-21 10:18:01,.02, Kemiringan (roll) : -7.17
2026-05-21 10:18:01,.02, Kemiringan (roll) : -7.17
2026-05-21 10:18:01,.02, Kemiringan (roll) : -7.17
2026-05-21 10:18:01,.02, Kemiringan (roll) : -7.17
2026-05-21 10:18:01,.02, Kemiringan (roll) : -7.17
2026-05-21 10:18:01,.02, Kemiringan (roll) : -7.17
2026-05-21 10:18:01,.02, Kemiringan (roll) : -7.17
2026-05-21 10:18:01,.02, Kemiringan (roll) : -7.17
2026-05-21 10:18:01,.02, Kemiringan (roll) : -7.17
2026-05-21 10:18:01,.02, Kemiringan (roll) : -7.17
2026-05-21 10:18:01,.02, Kemiringan (roll) : -7.17
2026-05-21 10:18:01,.02, Kemiringan (roll) : -7.17
2026-05-21 10:18:01,.02, Kemiringan (roll) : -7.17
2026-05-21 10:18:01,.02, Kemiringan (roll) : -7.17
2026-05-21 10:18:01,.02, Kemiringan (roll) : -7.17
2026-05-21 10:18:01,.02, Kemiringan (roll) : -7.17
2026-05-21 10:18:01,.02, Kemiringan (roll) : -7.17
2026-05-21 10:18:01,.02, Kemiringan (roll) : -7.17
2026-05-21 10:18:01,.02, Kemiringan (roll) : -7.17
2026-05-21 10:18:01,.02, Kemiringan (roll) : -7.17
2026-05-21 10:18:01,.02, Kemiringan (roll) : -7.17
2026-05-21 10:18:01,.02, Kemiringan (roll) : -7.17
2026-05-21 10:18:01,.02, Kemiringan (roll) : -7.17
2026-05-21 10:18:01,.02, Kemiringan (roll) : -7.17
2026-05-21 10:18:01,.02, Kemiringan (roll) : -7.17
2026-05-21 10:18:01,.02, Kemiringan (roll) : -7.17
2026-05-21 10:18:01,.02, Kemiringan (roll) : -7.17
2026-05-21 10:18:01,.02, Kemiringan (roll) : -7.17
2026-05-21 10:18:01,.02, Kemiringan (roll) : -7.17
2026-05-21 10:18:01,.02, Kemiringan (roll) : -7.17
2026-05-21 10:18:01,.02, Kemiringan (roll) : -7.17
2026-05-21 10:18:01,.02, Kemiringan (roll) : -7.17
2026-05-21 10:18:01,.02, Kemiringan (roll) : -7.17
2026-05-21 10:18:01,.02, Kemiringan (roll) : -7.17
2026-05-21 10:18:01,.02, Kemiringan (roll) : -7.17
2026-05-21 10:18:01,.02, Kemiringan (roll) : -7.17
2026-05-21 10:18:01,.02, Kemiringan (roll) : -7.17
2026-05-21 10:18:01,.02, Kemiringan (roll) : -7.17
2026-05-21 10:18:01,.02, Kemiringan (roll) : -7.17
2026-05-21 10:18:01,.02, Kemiringan (roll) : -7.17
2026-05-21 10:18:01,.02, Kemiringan (roll) : -7.17
2026-05-21 10:18:01,.02, Kemiringan (roll) : -7.17
2026-05-21 10:18:01,.02, Kemiringan (roll) : -7.17
2026-05-21 10:18:01,.02, Kemiringan (roll) : -7.17
2026-05-21 10:18:01,.02, Kemiringan (roll) : -7.17
2026-05-21 10:18:01,.02, Kemiringan (roll) : -7.17
2026-05-21 10:18:01,.02, Kemiringan (roll) : -7.17
2026-05-21 10:18:01,.02, Kemiringan (roll) : -7.17
2026-05-21 10:18:01,.02, Kemiringan (roll) : -7.17
2026-05-21 10:18:01,.02, Kemiringan (roll) : -7.17
2026-05-21 10:18:01,.02, Kemiringan (roll) : -7.17
2026-05-21 10:18:01,.02, Kemiringan (roll) : -7.17
2026-05-21 10:18:01,.02, Kemiringan (roll) : -7.17
2026-05-21 10:18:01,.02, Kemiringan (roll) : -7.17
2026-05-21 10:18:01,.02, Kemiringan (roll) : -7.17
2026-05-21 10:18:01,.02, Kemiringan (roll) : -7.17
2026-05-21 10:18:01,.02, Kemiringan (roll) : -7.17
2026-05-21 10:18:01,.02, Kemiringan (roll) : -7.17
2026-05-21 10:18:01,.02, Kemiringan (roll) : -7.17
2026-05-21 10:18:01,.02, Kemiringan (roll) : -7.17
2026-05-21 10:18:01,.02, Kemiringan (roll) : -7.17
2026-05-21 10:18:01,.02, Kemiringan (roll) : -7.17
2026-05-21 10:18:01,.02, Kemiringan (roll) : -7.17
2026-05-21 10:18:01,.02, Kemiringan (roll) : -7.17
2026-05-21 10:18:01,.02, Kemiringan (roll) : -7.17
2026-05-21 10:18:01,.02, Kemiringan (roll) : -7.17
2026-05-21 10:18:01,.02, Kemiringan (roll) : -7.17
2026-05-21 10:18:01,.02, Kemiringan (roll) : -7.17
2026-05-21 10:18:01,.02, Kemiringan (roll) : -7.17
2026-05-21 10:18:01,.02, Kemiringan (roll) : -7.17
2026-05-21 10:18:01,.02, Kemiringan (roll) : -7.17
2026-05-21 10:18:01,.02, Kemiringan (roll) : -7.17
2026-05-21 10:18:01,.02, Kemiringan (roll) : -7.17
2026-05-21 10:18:01,.02, Kemiringan (roll) : -7.17
2026-05-21 10:18:01,.02, Kemiringan (roll) : -7.17
2026-05-21 10:18:01,.02, Kemiringan (roll) : -7.17
2026-05-21 10:18:01,.02, Kemiringan (roll) : -7.17
2026-05-21 10:18:01,.02, Kemiringan (roll) : -7.17
2026-05-21 10:18:01,.02, Kemiringan (roll) : -7.17
2026-05-21 10:18:01,.02, Kemiringan (roll) : -7.17
2026-05-21 10:18:01,.02, Kemiringan (roll) : -7.17
2026-05-21 10:18:01,.02, Kemiringan (roll) : -7.17
2026-05-21 10:18:01,.02, Kemiringan (roll) : -7.17
2026-05-21 10:18:01,.02, Kemiringan (roll) : -7.17
2026-05-21 10:18:01,.02, Kemiringan (roll) : -7.17
2026-05-21 10:18:01,.02, Kemiringan (roll) : -7.17
2026-05-21 10:18:01,.02, Kemiringan (roll) : -7.17
2026-05-21 10:18:01,.02, Kemiringan (roll) : -7.17
2026-05-21 10:18:01,.02, Kemiringan (roll) : -7.17
2026-05-21 10:18:01,.02, Kemiringan (roll) : -7.17
2026-05-21 10:18:01,.02, Kemiringan (roll) : -7.17
2026-05-21 10:18:01,.02, Kemiringan (roll) : -7.17
2026-05-21 10:18:01,.02, Kemiringan (roll) : -7.17
2026-05-21 10:18:01,.02, Kemiringan (roll) : -7.17
2026-05-21 10:18:01,.02, Kemiringan (roll) : -7.17
2026-05-21 10:18:01,.02, Kemiringan (roll) : -7.17
2026-05-21 10:18:01,.02, Kemiringan (roll) : -7.17
2026-05-21 10:18:01,.02, Kemiringan (roll) : -7.17
2026-05-21 10:18:01,.02, Kemiringan (roll) : -7.17
2026-05-21 10:18:01,.02, Kemiringan (roll) : -7.17
2026-05-21 10:18:01,.02, Kemiringan (roll) : -7.17
2026-05-21 10:18:01,.02, Kemiringan (roll) : -7.17
2026-05-21 10:18:01,.02, Kemiringan (roll) : -7.17
2026-05-21 10:18:01,.02, Kemiringan (roll) : -7.17
2026-05-21 10:18:01,.02, Kemiringan (roll) : -7.17
2026-05-21 10:18:01,.02, Kemiringan (roll) : -7.17
2026-05-21 10:18:01,.02, Kemiringan (roll) : -7.17
2026-05-21 10:18:01,.02, Kemiringan (roll) : -7.17
2026-05-21 10:18:01,.02, Kemiringan (roll) : -7.17
2026-05-21 10:18:01,.02, Kemiringan (roll) : -7.17
2026-05-21 10:18:01,.02, Kemiringan (roll) : -7.17
2026-05-21 10:18:01,.02, Kemiringan (roll) : -7.17
2026-05-21 10:18:01,.02, Kemiringan (roll) : -7.17
2026-05-21 10:18:01,.02, Kemiringan (roll) : -7.17
2026-05-21 10:18:01,.02, Kemiringan (roll) : -7.17
2026-05-21 10:18:01,.02, Kemiringan (roll) : -7.17
2026-05-21 10:18:01,.02, Kemiringan (roll) : -7.17
2026-05-21 10:18:01,.02, Kemiringan (roll) : -7.17
2026-05-21 10:18:01,.02, Kemiringan (roll) : -7.17
2026-05-21 10:18:01,.02, Kemiringan (roll) : -7.17
2026-05-21 10:18:01,.02, Kemiringan (roll) : -7.17
2026-05-21 10:18:01,.02, Kemiringan (roll) : -7.17
2026-05-21 10:18:01,.02, Kemiringan (roll) : -7.17
2026-05-21 10:18:01,.02, Kemiringan (roll) : -7.17
2026-05-21 10:18:01,.02, Kemiringan (roll) : -7.17
2026-05-21 10:18:01,.02, Kemiringan (roll) : -7.17
2026-05-21 10:18:01,.02, Kemiringan (roll) : -7.17
2026-05-21 10:18:01,.02, Kemiringan (roll) : -7.17
2026-05-21 10:18:01,.02, Kemiringan (roll) : -7.17
2026-05-21 10:18:01,.02, Kemiringan (roll) : -7.17
2026-05-21 10:18:01,.02, Kemiringan (roll) : -7.17
2026-05-21 10:18:01,.02, Kemiringan (roll) : -7.17
2026-05-21 10:18:01,.02, Kemiringan (roll) : -7.17
2026-05-21 10:18:01,.02, Kemiringan (roll) : -7.17
2026-05-21 10:18:01,.02, Kemiringan (roll) : -7.17
2026-05-21 10:18:01,.02, Kemiringan (roll) : -7.17
2026-05-21 10:18:01,.02, Kemiringan (roll) : -7.17
2026-05-21 10:18:01,.02, Kemiringan (roll) : -7.17
2026-05-21 10:18:01,.02, Kemiringan (roll) : -7.17
2026-05-21 10:18:01,.02, Kemiringan (roll) : -7.17
2026-05-21 10:18:01,.02, Kemiringan (roll) : -7.17
2026-05-21 10:18:01,.02, Kemiringan (roll) : -7.17
2026-05-21 10:18:01,.02, Kemiringan (roll) : -7.17
2026-05-21 10:18:01,.02, Kemiringan (roll) : -7.17
2026-05-21 10:18:01,.02, Kemiringan (roll) : -7.17
2026-05-21 10:18:01,.02, Kemiringan (roll) : -7.17
2026-05-21 10:18:01,.02, Kemiringan (roll) : -7.17
2026-05-21 10:18:01,.02, Kemiringan (roll) : -7.17
2026-05-21 10:18:01,.02, Kemiringan (roll) : -7.17
2026-05-21 10:18:01,.02, Kemiringan (roll) : -7.17
2026-05-21 10:18:01,.02, Kemiringan (roll) : -7.17
2026-05-21 10:18:01,.02, Kemiringan (roll) : -7.17
2026-05-21 10:18:01,.02, Kemiringan (roll) : -7.17
2026-05-21 10:18:01,.02, Kemiringan (roll) : -7.17
2026-05-21 10:18:01,.02, Kemiringan (roll) : -7.17
2026-05-21 10:18:01,.02, Kemiringan (roll) : -7.17
2026-05-21 10:18:01,.02, Kemiringan (roll) : -7.17
2026-05-21 10:18:01,.02, Kemiringan (roll) : -7.17
2026-05-21 10:18:01,.02, Kemiringan (roll) : -7.17
2026-05-21 10:18:01,.02, Kemiringan (roll) : -7.17
2026-05-21 10:18:01,.02, Kemiringan (roll) : -7.17
2026-05-21 10:18:01,.02, Kemiringan (roll) : -7.17
2026-05-21 10:18:01,.02, Kemiringan (roll) : -7.17
2026-05-21 10:18:01,.02, Kemiringan (roll) : -7.17
2026-05-21 10:18:01,.02, Kemiringan (roll) : -7.17
2026-05-21 10:18:01,.02, Kemiringan (roll) : -7.17
2026-05-21 10:18:01,.02, Kemiringan (roll) : -7.17
2026-05-21 10:18:01,.02, Kemiringan (roll) : -7.17
2026-05-21 10:18:01,.02, Kemiringan (roll) : -7.17
2026-05-21 10:18:01,.02, Kemiringan (roll) : -7.17
2026-05-21 10:18:01,.02, Kemiringan (roll) : -7.17
2026-05-21 10:18:01,.02, Kemiringan (roll) : -7.17
2026-05-21 10:18:01,.02, Kemiringan (roll) : -7.17
2026-05-21 10:18:01,.02, Kemiringan (roll) : -7.17
2026-05-21 10:18:01,.02, Kemiringan (roll) : -7.17
2026-05-21 10:18:01,.02, Kemiringan (roll) : -7.17
2026-05-21 10:18:01,.02, Kemiringan (roll) : -7.17
2026-05-21 10:18:01,.02, Kemiringan (roll) : -7.17
2026-05-21 10:18:01,.02, Kemiringan (roll) : -7.17
2026-05-21 10:18:01,.02, Kemiringan (roll) : -7.17
2026-05-21 10:18:01,.02, Kemiringan (roll) : -7.17
2026-05-21 10:18:01,.02, Kemiringan (roll) : -7.17
2026-05-21 10:18:01,.02, Kemiringan (roll) : -7.17
2026-05-21 10:18:01,.02, Kemiringan (roll) : -7.17
2026-05-21 10:18:01,.02, Kemiringan (roll) : -7.17
2026-05-21 10:18:01,.02, Kemiringan (roll) : -7.17
2026-05-21 10:18:01,.02, Kemiringan (roll) : -7.17
2026-05-21 10:18:01,.02, Kemiringan (roll) : -7.17
2026-05-21 10:18:01,.02, Kemiringan (roll) : -7.17
2026-05-21 10:18:01,.02, Kemiringan (roll) : -7.17
2026-05-21 10:18:01,.02, Kemiringan (roll) : -7.17
2026-05-21 10:18:01,.02, Kemiringan (roll) : -7.17
2026-05-21 10:18:01,.02, Kemiringan (roll) : -7.17
2026-05-21 10:18:01,.02, Kemiringan (roll) : -7.17
2026-05-21 10:18:01,.02, Kemiringan (roll) : -7.17
2026-05-21 10:18:01,.02, Kemiringan (roll) : -7.17
2026-05-21 10:18:01,.02, Kemiringan (roll) : -7.17
2026-05-21 10:18:01,.02, Kemiringan (roll) : -7.17
2026-05-21 10:18:01,.02, Kemiringan (roll) : -7.17
2026-05-21 10:18:01,.02, Kemiringan (roll) : -7.17
2026-05-21 10:18:01,.02, Kemiringan (roll) : -7.17
2026-05-21 10:18:01,.02, Kemiringan (roll) : -7.17
2026-05-21 10:18:01,.02, Kemiringan (roll) : -7.17
2026-05-21 10:18:01,.02, Kemiringan (roll) : -7.17
2026-05-21 10:18:01,.02, Kemiringan (roll) : -7.17
2026-05-21 10:18:01,.02, Kemiringan (roll) : -7.17
2026-05-21 10:18:01,.02, Kemiringan (roll) : -7.17
2026-05-21 10:18:01,.02, Kemiringan (roll) : -7.17
2026-05-21 10:18:01,.02, Kemiringan (roll) : -7.17
2026-05-21 10:18:01,.02, Kemiringan (roll) : -7.17
2026-05-21 10:18:01,.02, Kemiringan (roll) : -7.17
2026-05-21 10:18:01,.02, Kemiringan (roll) : -7.17
2026-05-21 10:18:01,.02, Kemiringan (roll) : -7.17
2026-05-21 10:18:01,.02, Kemiringan (roll) : -7.17
2026-05-21 10:18:01,.02, Kemiringan (roll) : -7.17
2026-05-21 10:18:01,.02, Kemiringan (roll) : -7.17
2026-05-21 10:18:01,.02, Kemiringan (roll) : -7.17
2026-05-21 10:18:01,.02, Kemiringan (roll) : -7.17
2026-05-21 10:18:01,.02, Kemiringan (roll) : -7.17
2026-05-21 10:18:01,.02, Kemiringan (roll) : -7.17
2026-05-21 10:18:01,.02, Kemiringan (roll) : -7.17
2026-05-21 10:18:01,.02, Kemiringan (roll) : -7.17
2026-05-21 10:18:01,.02, Kemiringan (roll) : -7.17
2026-05-21 10:18:01,.02, Kemiringan (roll) : -7.17
2026-05-21 10:18:01,.02, Kemiringan (roll) : -7.17
2026-05-21 10:18:01,.02, Kemiringan (roll) : -7.17
2026-05-21 10:18:01,.02, Kemiringan (roll) : -7.17
2026-05-21 10:18:01,.02, Kemiringan (roll) : -7.17
2026-05-21 10:18:01,.02, Kemiringan (roll) : -7.17
2026-05-21 10:18:01,.02, Kemiringan (roll) : -7.17
2026-05-21 10:18:01,.02, Kemiringan (roll) : -7.17
2026-05-21 10:18:01,.02, Kemiringan (roll) : -7.17
2026-05-21 10:18:01,.02, Kemiringan (roll) : -7.17
2026-05-21 10:18:01,.02, Kemiringan (roll) : -7.17
2026-05-21 10:18:01,.02, Kemiringan (roll) : -7.17
2026-05-21 10:18:01,.02, Kemiringan (roll) : -7.17
2026-05-21 10:18:01,.02, Kemiringan (roll) : -7.17
2026-05-21 10:18:01,.02, Kemiringan (roll) : -7.17
2026-05-21 10:18:01,.02, Kemiringan (roll) : -7.17
2026-05-21 10:18:01,.02, Kemiringan (roll) : -7.17
2026-05-21 10:18:01,.02, Kemiringan (roll) : -7.17
2026-05-21 10:18:01,.02, Kemiringan (roll) : -7.17
2026-05-21 10:18:01,.02, Kemiringan (roll) : -7.17
2026-05-21 10:18:01,.02, Kemiringan (roll) : -7.17
2026-05-21 10:18:01,.02, Kemiringan (roll) : -7.17
2026-05-21 10:18:01,.02, Kemiringan (roll) : -7.17
2026-05-21 10:18:01,.02, Kemiringan (roll) : -7.17
2026-05-21 10:18:01,.02, Kemiringan (roll) : -7.17
2026-05-21 10:18:01,.02, Kemiringan (roll) : -7.17
2026-05-21 10:18:01,.02, Kemiringan (roll) : -7.17
2026-05-21 10:18:01,.02, Kemiringan (roll) : -7.17
2026-05-21 10:18:01,.02, Kemiringan (roll) : -7.17
2026-05-21 10:18:01,.02, Kemiringan (roll) : -7.17
2026-05-21 10:18:01,.02, Kemiringan (roll) : -7.17
2026-05-21 10:18:01,.02, Kemiringan (roll) : -7.17
2026-05-21 10:18:01,.02, Kemiringan (roll) : -7.17
2026-05-21 10:18:01,.02, Kemiringan (roll) : -7.17
2026-05-21 10:18:01,.02, Kemiringan (roll) : -7.17
2026-05-21 10:18:01,.02, Kemiringan (roll) : -7.17
2026-05-21 10:18:01,.02, Kemiringan (roll) : -7.17
2026-05-21 10:18:01,.02, Kemiringan (roll) : -7.17
2026-05-21 10:18:01,.02, Kemiringan (roll) : -7.17
2026-05-21 10:18:01,.02, Kemiringan (roll) : -7.17
2026-05-21 10:18:01,.02, Kemiringan (roll) : -7.17
2026-05-21 10:18:01,.02, Kemiringan (roll) : -7.17
2026-05-21 10:18:01,.02, Kemiringan (roll) : -7.17
2026-05-21 10:18:01,.02, Kemiringan (roll) : -7.17
2026-05-21 10:18:01,.02, Kemiringan (roll) : -7.17
2026-05-21 10:18:01,.02, Kemiringan (roll) : -7.17
2026-05-21 10:18:01,.02, Kemiringan (roll) : -7.17
2026-05-21 10:18:01,.02, Kemiringan (roll) : -7.17
2026-05-21 10:18:01,.02, Kemiringan (roll) : -7.17
2026-05-21 10:18:01,.02, Kemiringan (roll) : -7.17
2026-05-21 10:18:01,.02, Kemiringan (roll) : -7.17
2026-05-21 10:18:01,.02, Kemiringan (roll) : -7.17
2026-05-21 10:18:01,.02, Kemiringan (roll) : -7.17
2026-05-21 10:18:01,.02, Kemiringan (roll) : -7.17
2026-05-21 10:18:01,.02, Kemiringan (roll) : -7.17
2026-05-21 10:18:01,.02, Kemiringan (roll) : -7.17
2026-05-21 10:18:01,.02, Kemiringan (roll) : -7.17
2026-05-21 10:18:01,.02, Kemiringan (roll) : -7.17
2026-05-21 10:18:01,.02, Kemiringan (roll) : -7.17
2026-05-21 10:18:01,.02, Kemiringan (roll) : -7.17
2026-05-21 10:18:01,.02, Kemiringan (roll) : -7.17
2026-05-21 10:18:01,.02, Kemiringan (roll) : -7.17
2026-05-21 10:18:01,.02, Kemiringan (roll) : -7.17
2026-05-21 10:18:01,.02, Kemiringan (roll) : -7.17
2026-05-21 10:18:01,.02, Kemiringan (roll) : -7.17
2026-05-21 10:18:01,.02, Kemiringan (roll) : -7.17
2026-05-21 10:18:01,.02, Kemiringan (roll) : -7.17
2026-05-21 10:18:01,.02, Kemiringan (roll) : -7.17
2026-05-21 10:18:01,.02, Kemiringan (roll) : -7.17
2026-05-21 10:18:01,.02, Kemiringan (roll) : -7.17
2026-05-21 10:18:01,.02, Kemiringan (roll) : -7.17
2026-05-21 10:18:01,.02, Kemiringan (roll) : -7.17
2026-05-21 10:18:01,.02, Kemiringan (roll) : -7.17
2026-05-21 10:18:01,.02, Kemiringan (roll) : -7.17
2026-05-21 10:18:01,.02, Kemiringan (roll) : -7.17
2026-05-21 10:18:01,.02, Kemiringan (roll) : -7.17
2026-05-21 10:18:01,.02, Kemiringan (roll) : -7.17
2026-05-21 10:18:01,.02, Kemiringan (roll) : -7.17
2026-05-21 10:18:01,.02, Kemiringan (roll) : -7.17
2026-05-21 10:18:01,.02, Kemiringan (roll) : -7.17
2026-05-21 10:18:01,.02, Kemiringan (roll) : -7.17
2026-05-21 10:18:01,.02, Kemiringan (roll) : -7.17
2026-05-21 10:18:01,.02, Kemiringan (roll) : -7.17
2026-05-21 10:18:01,.02, Kemiringan (roll) : -7.17
2026-05-21 10:18:01,.02, Kemiringan (roll) : -7.17
2026-05-21 10:18:01,.02, Kemiringan (roll) : -7.17
2026-05-21 10:18:01,.02, Kemiringan (roll) : -7.17
2026-05-21 10:18:01,.02, Kemiringan (roll) : -7.17
2026-05-21 10:18:01,.02, Kemiringan (roll) : -7.17
2026-05-21 10:18:01,.02, Kemiringan (roll) : -7.17
2026-05-21 10:18:01,.02, Kemiringan (roll) : -7.17
2026-05-21 10:18:01,.02, Kemiringan (roll) : -7.17
2026-05-21 10:18:01,.02, Kemiringan (roll) : -7.17
2026-05-21 10:18:01,.02, Kemiringan (roll) : -7.17
2026-05-21 10:18:01,.02, Kemiringan (roll) : -7.17
2026-05-21 10:18:01,.02, Kemiringan (roll) : -7.17
2026-05-21 10:18:01,.02, Kemiringan (roll) : -7.17
2026-05-21 10:18:01,.02, Kemiringan (roll) : -7.17
2026-05-21 10:18:01,.02, Kemiringan (roll) : -7.17
2026-05-21 10:18:01,.02, Kemiringan (roll) : -7.17
2026-05-21 10:18:01,.02, Kemiringan (roll) : -7.17
2026-05-21 10:18:01,.02, Kemiringan (roll) : -7.17
2026-05-21 10:18:01,.02, Kemiringan (roll) : -7.17
2026-05-21 10:18:01,.02, Kemiringan (roll) : -7.17
2026-05-21 10:18:01,.02, Kemiringan (roll) : -7.17
2026-05-21 10:18:01,.02, Kemiringan (roll) : -7.17
2026-05-21 10:18:01,.02, Kemiringan (roll) : -7.17
2026-05-21 10:18:01,.02, Kemiringan (roll) : -7.17
2026-05-21 10:18:01,.02, Kemiringan (roll) : -7.17
2026-05-21 10:18:01,.02, Kemiringan (roll) : -7.17
2026-05-21 10:18:01,.02, Kemiringan (roll) : -7.17
2026-05-21 10:18:01,.02, Kemiringan (roll) : -7.17
2026-05-21 10:18:01,.02, Kemiringan (roll) : -7.17
2026-05-21 10:18:01,.02, Kemiringan (roll) : -7.17
2026-05-21 10:18:01,.02, Kemiringan (roll) : -7.17
2026-05-21 10:18:01,.02, Kemiringan (roll) : -7.17
2026-05-21 10:18:01,.02, Kemiringan (roll) : -7.17
2026-05-21 10:18:01,.02, Kemiringan (roll) : -7.17
2026-05-21 10:18:01,.02, Kemiringan (roll) : -7.17
2026-05-21 10:18:01,.02, Kemiringan (roll) : -7.17
2026-05-21 10:18:01,.02, Kemiringan (roll) : -7.17
2026-05-21 10:18:01,.02, Kemiringan (roll) : -7.17
2026-05-21 10:18:01,.02, Kemiringan (roll) : -7.17
2026-05-21 10:18:01,.02, Kemiringan (roll) : -7.17
2026-05-21 10:18:01,.02, Kemiringan (roll) : -7.17
2026-05-21 10:18:01,.02, Kemiringan (roll) : -7.17
2026-05-21 10:18:01,.02, Kemiringan (roll) : -7.17
2026-05-21 10:18:01,.02, Kemiringan (roll) : -7.17
2026-05-21 10:18:01,.02, Kemiringan (roll) : -7.17
2026-05-21 10:18:01,.02, Kemiringan (roll) : -7.17
2026-05-21 10:18:01,.02, Kemiringan (roll) : -7.17
2026-05-21 10:18:01,.02, Kemiringan (roll) : -7.17
2026-05-21 10:18:01,.02, Kemiringan (roll) : -7.17
2026-05-21 10:18:01,.02, Kemiringan (roll) : -7.17
2026-05-21 10:18:01,.02, Kemiringan (roll) : -7.17
2026-05-21 10:18:01,.02, Kemiringan (roll) : -7.17
2026-05-21 10:18:01,.02, Kemiringan (roll) : -7.17
2026-05-21 10:18:01,.02, Kemiringan (roll) : -7.17
2026-05-21 10:18:01,.02, Kemiringan (roll) : -7.17
2026-05-21 10:18:01,.02, Kemiringan (roll) : -7.17
2026-05-21 10:18:01,.02, Kemiringan (roll) : -7.17
2026-05-21 10:18:01,.02, Kemiringan (roll) : -7.17
2026-05-21 10:18:01,.02, Kemiringan (roll) : -7.17
2026-05-21 10:18:01,.02, Kemiringan (roll) : -7.17
2026-05-21 10:18:01,.02, Kemiringan (roll) : -7.17
2026-05-21 10:18:01,.02, Kemiringan (roll) : -7.17
2026-05-21 10:18:01,.02, Kemiringan (roll) : -7.17
2026-05-21 10:18:01,.02, Kemiringan (roll) : -7.17
2026-05-21 10:18:01,.02, Kemiringan (roll) : -7.17
2026-05-21 10:18:01,.02, Kemiringan (roll) : -7.17
2026-05-21 10:18:01,.02, Kemiringan (roll) : -7.17
2026-05-21 10:18:01,.02, Kemiringan (roll) : -7.17
2026-05-21 10:18:01,.02, Kemiringan (roll) : -7.17
2026-05-21 10:18:01,.02, Kemiringan (roll) : -7.17
2026-05-21 10:18:01,.02, Kemiringan (roll) : -7.17
2026-05-21 10:18:01,.02, Kemiringan (roll) : -7.17
2026-05-21 10:18:01,.02, Kemiringan (roll) : -7.17
2026-05-21 10:18:01,.02, Kemiringan (roll) : -7.17
2026-05-21 10:18:01,.02, Kemiringan (roll) : -7.17
2026-05-21 10:18:01,.02, Kemiringan (roll) : -7.17
2026-05-21 10:18:01,.02, Kemiringan (roll) : -7.17
2026-05-21 10:18:01,.02, Kemiringan (roll) : -7.17
2026-05-21 10:18:01,.02, Kemiringan (roll) : -7.17
2026-05-21 10:18:01,.02, Kemiringan (roll) : -7.17
2026-05-21 10:18:01,.02, Kemiringan (roll) : -7.17
2026-05-21 10:18:01,.02, Kemiringan (roll) : -7.17
2026-05-21 10:18:01,.02, Kemiringan (roll) : -7.17
2026-05-21 10:18:01,.02, Kemiringan (roll) : -7.17
2026-05-21 10:18:01,.02, Kemiringan (roll) : -7.17
2026-05-21 10:18:01,.02, Kemiringan (roll) : -7.17
2026-05-21 10:18:01,.02, Kemiringan (roll) : -7.17
2026-05-21 10:18:01,.02, Kemiringan (roll) : -7.17
2026-05-21 10:18:01,.02, Kemiringan (roll) : -7.17
2026-05-21 10:18:01,.02, Kemiringan (roll) : -7.17
2026-05-21 10:18:01,.02, Kemiringan (roll) : -7.17
2026-05-21 10:18:01,.02, Kemiringan (roll) : -7.17
2026-05-21 10:18:01,.02, Kemiringan (roll) : -7.17
2026-05-21 10:18:01,.02, Kemiringan (roll) : -7.17
2026-05-21 10:18:01,.02, Kemiringan (roll) : -7.17
2026-05-21 10:18:01,.02, Kemiringan (roll) : -7.17
2026-05-21 10:18:01,.02, Kemiringan (roll) : -7.17
2026-05-21 10:18:01,.02, Kemiringan (roll) : -7.17
2026-05-21 10:18:01,.02, Kemiringan (roll) : -7.17
2026-05-21 10:18:01,.02, Kemiringan (roll) : -7.17
2026-05-21 10:18:01,.02, Kemiringan (roll) : -7.17
2026-05-21 10:18:01,.02, Kemiringan (roll) : -7.17
2026-05-21 10:18:01,.02, Kemiringan (roll) : -7.17
2026-05-21 10:18:01,.02, Kemiringan (roll) : -7.17
2026-05-21 10:18:01,.02, Kemiringan (roll) : -7.17
2026-05-21 10:18:01,.02, Kemiringan (roll) : -7.17
2026-05-21 10:18:01,.02, Kemiringan (roll) : -7.17
2026-05-21 10:18:01,.02, Kemiringan (roll) : -7.17
2026-05-21 10:18:01,.02, Kemiringan (roll) : -7.17
2026-05-21 10:18:01,.02, Kemiringan (roll) : -7.17
2026-05-21 10:18:01,.02, Kemiringan (roll) : -7.17
2026-05-21 10:18:01,.02, Kemiringan (roll) : -7.17
2026-05-21 10:18:01,.02, Kemiringan (roll) : -7.17
2026-05-21 10:18:01,.02, Kemiringan (roll) : -7.17
2026-05-21 10:18:01,.02, Kemiringan (roll) : -7.17
2026-05-21 10:18:01,.02, Kemiringan (roll) : -7.17
2026-05-21 10:18:01,.02, Kemiringan (roll) : -7.17
2026-05-21 10:18:01,.02, Kemiringan (roll) : -7.17
2026-05-21 10:18:01,.02, Kemiringan (roll) : -7.17
2026-05-21 10:18:01,.02, Kemiringan (roll) : -7.17
2026-05-21 10:18:01,.02, Kemiringan (roll) : -7.17
2026-05-21 10:18:01,.02, Kemiringan (roll) : -7.17
2026-05-21 10:18:01,.02, Kemiringan (roll) : -7.17
2026-05-21 10:18:01,.02, Kemiringan (roll) : -7.17
2026-05-21 10:18:01,.02, Kemiringan (roll) : -7.17
2026-05-21 10:18:01,.02, Kemiringan (roll) : -7.17
2026-05-21 10:18:01,.02, Kemiringan (roll) : -7.17
2026-05-21 10:18:01,.02, Kemiringan (roll) : -7.17
2026-05-21 10:18:01,.02, Kemiringan (roll) : -7.17
2026-05-21 10:18:01,.02, Kemiringan (roll) : -7.17
2026-05-21 10:18:01,.02, Kemiringan (roll) : -7.17
2026-05-21 10:18:01,.02, Kemiringan (roll) : -7.17
2026-05-21 10:18:01,.02, Kemiringan (roll) : -7.17
2026-05-21 10:18:01,.02, Kemiringan (roll) : -7.17
2026-05-21 10:18:01,.02, Kemiringan (roll) : -7.17
2026-05-21 10:18:01,.02, Kemiringan (roll) : -7.17
2026-05-21 10:18:01,.02, Kemiringan (roll) : -7.17
2026-05-21 10:18:01,.02, Kemiringan (roll) : -7.17
2026-05-21 10:18:01,.02, Kemiringan (roll) : -7.17
2026-05-21 10:18:01,.02, Kemiringan (roll) : -7.17
2026-05-21 10:18:01,.02, Kemiringan (roll) : -7.17
2026-05-21 10:18:01,.02, Kemiringan (roll) : -7.17
2026-05-21 10:18:01,.02, Kemiringan (roll) : -7.17
2026-05-21 10:18:01,.02, Kemiringan (roll) : -7.17
2026-05-21 10:18:01,.02, Kemiringan (roll) : -7.17
2026-05-21 10:18:01,.02, Kemiringan (roll) : -7.17
2026-05-21 10:18:01,.02, Kemiringan (roll) : -7.17
2026-05-21 10:18:01,.02, Kemiringan (roll) : -7.17
2026-05-21 10:18:01,.02, Kemiringan (roll) : -7.17
2026-05-21 10:18:01,.02, Kemiringan (roll) : -7.17
2026-05-21 10:18:01,.02, Kemiringan (roll) : -7.17
2026-05-21 10:18:01,.02, Kemiringan (roll) : -7.17
2026-05-21 10:18:01,.02, Kemiringan (roll) : -7.17
2026-05-21 10:18:01,.02, Kemiringan (roll) : -7.17
2026-05-21 10:18:01,.02, Kemiringan (roll) : -7.17
2026-05-21 10:18:01,.02, Kemiringan (roll) : -7.17
2026-05-21 10:18:01,.02, Kemiringan (roll) : -7.17
2026-05-21 10:18:01,.02, Kemiringan (roll) : -7.17
2026-05-21 10:18:01,.02, Kemiringan (roll) : -7.17
2026-05-21 10:18:01,.02, Kemiringan (roll) : -7.17
2026-05-21 10:18:01,.02, Kemiringan (roll) : -7.17
2026-05-21 10:18:01,.02, Kemiringan (roll) : -7.17
2026-05-21 10:18:01,.02, Kemiringan (roll) : -7.17
2026-05-21 10:18:01,.02, Kemiringan (roll) : -7.17
2026-05-21 10:18:01,.02, Kemiringan (roll) : -7.17
2026-05-21 10:18:01,.02, Kemiringan (roll) : -7.17
2026-05-21 10:18:01,.02, Kemiringan (roll) : -7.17
2026-05-21 10:18:01,.02, Kemiringan (roll) : -7.17
2026-05-21 10:18:01,.02, Kemiringan (roll) : -7.17
2026-05-21 10:18:01,.02, Kemiringan (roll) : -7.17
2026-05-21 10:18:01,.02, Kemiringan (roll) : -7.17
2026-05-21 10:18:01,.02, Kemiringan (roll) : -7.17
2026-05-21 10:18:01,.02, Kemiringan (roll) : -7.17
2026-05-21 10:18:01,.02, Kemiringan (roll) : -7.17
2026-05-21 10:18:01,.02, Kemiringan (roll) : -7.17
2026-05-21 10:18:01,.02, Kemiringan (roll) : -7.17
2026-05-21 10:18:01,.02, Kemiringan (roll) : -7.17
2026-05-21 10:18:01,.02, Kemiringan (roll) : -7.17
2026-05-21 10:18:01,.02, Kemiringan (roll) : -7.17
2026-05-21 10:18:01,.02, Kemiringan (roll) : -7.17
2026-05-21 10:18:01,.02, Kemiringan (roll) : -7.17
2026-05-21 10:18:01,.02, Kemiringan (roll) : -7.17
2026-05-21 10:18:01,.02, Kemiringan (roll) : -7.17
2026-05-21 10:18:01,.02, Kemiringan (roll) : -7.17
2026-05-21 10:18:01,.02, Kemiringan (roll) : -7.17
2026-05-21 10:18:01,.02, Kemiringan (roll) : -7.17
2026-05-21 10:18:01,.02, Kemiringan (roll) : -7.17
2026-05-21 10:18:01,.02, Kemiringan (roll) : -7.17
2026-05-21 10:18:01,.02, Kemiringan (roll) : -7.17
2026-05-21 10:18:01,.02, Kemiringan (roll) : -7.17
2026-05-21 10:18:01,.02, Kemiringan (roll) : -7.17
2026-05-21 10:18:01,.02, Kemiringan (roll) : -7.17
2026-05-21 10:18:01,.02, Kemiringan (roll) : -7.17
2026-05-21 10:18:01,.02, Kemiringan (roll) : -7.17
2026-05-21 10:18:01,.02, Kemiringan (roll) : -7.17
2026-05-21 10:18:01,.02, Kemiringan (roll) : -7.17
2026-05-21 10:18:01,.02, Kemiringan (roll) : -7.17
2026-05-21 10:18:01,.02, Kemiringan (roll) : -7.17
2026-05-21 10:18:01,.02, Kemiringan (roll) : -7.17
2026-05-21 10:18:01,.02, Kemiringan (roll) : -7.17
2026-05-21 10:18:01,.02, Kemiringan (roll) : -7.17
2026-05-21 10:18:01,.02, Kemiringan (roll) : -7.17
2026-05-21 10:18:01,.02, Kemiringan (roll) : -7.17
2026-05-21 10:18:01,.02, Kemiringan (roll) : -7.17
2026-05-21 10:18:01,.02, Kemiringan (roll) : -7.17
2026-05-21 10:18:01,.02, Kemiringan (roll) : -7.17
2026-05-21 10:18:01,.02, Kemiringan (roll) : -7.17
2026-05-21 10:18:01,.02, Kemiringan (roll) : -7.17
2026-05-21 10:18:01,.02, Kemiringan (roll) : -7.17
2026-05-21 10:18:01,.02, Kemiringan (roll) : -7.17
2026-05-21 10:18:01,.02, Kemiringan (roll) : -7.17
2026-05-21 10:18:01,.02, Kemiringan (roll) : -7.17
2026-05-21 10:18:01,.02, Kemiringan (roll) : -7.17
2026-05-21 10:18:01,.02, Kemiringan (roll) : -7.17
2026-05-21 10:18:01,.02, Kemiringan (roll) : -7.17
2026-05-21 10:18:01,.02, Kemiringan (roll) : -7.17
2026-05-21 10:18:01,.02, Kemiringan (roll) : -7.17
2026-05-21 10:18:01,.02, Kemiringan (roll) : -7.17
2026-05-21 10:18:01,.02, Kemiringan (roll) : -7.17
2026-05-21 10:18:01,.02, Kemiringan (roll) : -7.17
2026-05-21 10:18:01,.02, Kemiringan (roll) : -7.17
2026-05-21 10:18:01,.02, Kemiringan (roll) : -7.17
2026-05-21 10:18:01,.02, Kemiringan (roll) : -7.17
2026-05-21 10:18:01,.02, Kemiringan (roll) : -7.17
2026-05-21 10:18:01,.02, Kemiringan (roll) : -7.17
2026-05-21 10:18:01,.02, Kemiringan (roll) : -7.17
2026-05-21 10:18:01,.02, Kemiringan (roll) : -7.17
2026-05-21 10:18:01,.02, Kemiringan (roll) : -7.17
2026-05-21 10:18:01,.02, Kemiringan (roll) : -7.17
2026-05-21 10:18:01,.02, Kemiringan (roll) : -7.17
2026-05-21 10:18:01,.02, Kemiringan (roll) : -7.17
2026-05-21 10:18:01,.02, Kemiringan (roll) : -7.17
2026-05-21 10:18:01,.02, Kemiringan (roll) : -7.17
2026-05-21 10:18:01,.02, Kemiringan (roll) : -7.17
2026-05-21 10:18:01,.02, Kemiringan (roll) : -7.17
2026-05-21 10:18:01,.02, Kemiringan (roll) : -7.17
2026-05-21 10:18:01,.02, Kemiringan (roll) : -7.17
2026-05-21 10:18:01,.02, Kemiringan (roll) : -7.17
2026-05-21 10:18:01,.02, Kemiringan (roll) : -7.17
2026-05-21 10:18:01,.02, Kemiringan (roll) : -7.17
2026-05-21 10:18:01,.02, Kemiringan (roll) : -7.17
2026-05-21 10:18:01,.02, Kemiringan (roll) : -7.17
2026-05-21 10:18:01,.02, Kemiringan (roll) : -7.17
2026-05-21 10:18:01,.02, Kemiringan (roll) : -7.17
2026-05-21 10:18:01,.02, Kemiringan (roll) : -7.17
2026-05-21 10:18:01,.02, Kemiringan (roll) : -7.17
2026-05-21 10:18:01,.02, Kemiringan (roll) : -7.17
2026-05-21 10:18:01,.02, Kemiringan (roll) : -7.17
2026-05-21 10:18:01,.02, Kemiringan (roll) : -7.17
2026-05-21 10:18:01,.02, Kemiringan (roll) : -7.17
2026-05-21 10:18:01,.02, Kemiringan (roll) : -7.17
2026-05-21 10:18:01,.02, Kemiringan (roll) : -7.17
2026-05-21 10:18:01,.02, Kemiringan (roll) : -7.17
2026-05-21 10:18:01,.02, Kemiringan (roll) : -7.17
2026-05-21 10:18:01,.02, Kemiringan (roll) : -7.17
2026-05-21 10:18:01,.02, Kemiringan (roll) : -7.17
2026-05-21 10:18:01,.02, Kemiringan (roll) : -7.17
2026-05-21 10:18:01,.02, Kemiringan (roll) : -7.17
2026-05-21 10:18:01,.02, Kemiringan (roll) : -7.17
2026-05-21 10:18:01,.02, Kemiringan (roll) : -7.17
2026-05-21 10:18:01,.02, Kemiringan (roll) : -7.17
2026-05-21 10:18:01,.02, Kemiringan (roll) : -7.17
2026-05-21 10:18:01,.02, Kemiringan (roll) : -7.17
2026-05-21 10:18:01,.02, Kemiringan (roll) : -7.17
2026-05-21 10:18:01,.02, Kemiringan (roll) : -7.17
2026-05-21 10:18:01,.02, Kemiringan (roll) : -7.17
2026-05-21 10:18:01,.02, Kemiringan (roll) : -7.17
2026-05-21 10:18:01,.02, Kemiringan (roll) : -7.17
2026-05-21 10:18:01,.02, Kemiringan (roll) : -7.17
2026-05-21 10:18:01,.02, Kemiringan (roll) : -7.17
2026-05-21 10:18:01,.02, Kemiringan (roll) : -7.17
2026-05-21 10:18:01,.02, Kemiringan (roll) : -7.17
2026-05-21 10:18:01,.02, Kemiringan (roll) : -7.17
2026-05-21 10:18:01,.02, Kemiringan (roll) : -7.17
2026-05-21 10:18:01,.02, Kemiringan (roll) : -7.17
2026-05-21 10:18:01,.02, Kemiringan (roll) : -7.17
2026-05-21 10:18:01,.02, Kemiringan (roll) : -7.17
2026-05-21 10:18:01,.02, Kemiringan (roll) : -7.17
2026-05-21 10:18:01,.02, Kemiringan (roll) : -7.17
2026-05-21 10:18:01,.02, Kemiringan (roll) : -7.17
2026-05-21 10:18:01,.02, Kemiringan (roll) : -7.17
2026-05-21 10:18:01,.02, Kemiringan (roll) : -7.17
2026-05-21 10:18:01,.02, Kemiringan (roll) : -7.17
2026-05-21 10:18:01,.02, Kemiringan (roll) : -7.17
2026-05-21 10:18:01,.02, Kemiringan (roll) : -7.17
2026-05-21 10:18:01,.02, Kemiringan (roll) : -7.17
2026-05-21 10:18:01,.02, Kemiringan (roll) : -7.17
2026-05-21 10:18:01,.02, Kemiringan (roll) : -7.17
2026-05-21 10:18:01,.02, Kemiringan (roll) : -7.17
2026-05-21 10:18:01,.02, Kemiringan (roll) : -7.17
2026-05-21 10:18:01,.02, Kemiringan (roll) : -7.17
2026-05-21 10:18:01,.02, Kemiringan (roll) : -7.17
2026-05-21 10:18:01,.02, Kemiringan (roll) : -7.17
2026-05-21 10:18:01,.02, Kemiringan (roll) : -7.17
2026-05-21 10:18:01,.02, Kemiringan (roll) : -7.17
2026-05-21 10:18:01,.02, Kemiringan (roll) : -7.17
2026-05-21 10:18:01,.02, Kemiringan (roll) : -7.17
2026-05-21 10:18:01,.02, Kemiringan (roll) : -7.17
2026-05-21 10:18:01,.02, Kemiringan (roll) : -7.17
2026-05-21 10:18:01,.02, Kemiringan (roll) : -7.17
2026-05-21 10:18:01,.02, Kemiringan (roll) : -7.17
2026-05-21 10:18:01,.02, Kemiringan (roll) : -7.17
2026-05-21 10:18:01,.02, Kemiringan (roll) : -7.17
2026-05-21 10:18:01,.02, Kemiringan (roll) : -7.17
2026-05-21 10:18:01,.02, Kemiringan (roll) : -7.17
2026-05-21 10:18:01,.02, Kemiringan (roll) : -7.17
2026-05-21 10:18:01,.02, Kemiringan (roll) : -7.17
2026-05-21 10:18:01,.02, Kemiringan (roll) : -7.17
2026-05-21 10:18:01,.02, Kemiringan (roll) : -7.17
2026-05-21 10:18:01,.02, Kemiringan (roll) : -7.17
2026-05-21 10:18:01,.02, Kemiringan (roll) : -7.17
2026-05-21 10:18:01,.02, Kemiringan (roll) : -7.17
2026-05-21 10:18:01,.02, Kemiringan (roll) : -7.17
2026-05-21 10:18:01,.02, Kemiringan (roll) : -7.17
2026-05-21 10:18:01,.02, Kemiringan (roll) : -7.17
2026-05-21 10:18:01,.02, Kemiringan (roll) : -7.17
2026-05-21 10:18:01,.02, Kemiringan (roll) : -7.17
2026-05-21 10:18:01,.02, Kemiringan (roll) : -7.17
2026-05-21 10:18:01,.02, Kemiringan (roll) : -7.17
2026-05-21 10:18:01,.02, Kemiringan (roll) : -7.17
2026-05-21 10:18:01,.02, Kemiringan (roll) : -7.17
2026-05-21 10:18:01,.02, Kemiringan (roll) : -7.17
2026-05-21 10:18:01,.02, Kemiringan (roll) : -7.17
2026-05-21 10:18:01,.02, Kemiringan (roll) : -7.17
2026-05-21 10:18:01,.02, Kemiringan (roll) : -7.17
2026-05-21 10:18:01,.02, Kemiringan (roll) : -7.17
2026-05-21 10:18:01,.02, Kemiringan (roll) : -7.17
2026-05-21 10:18:01,.02, Kemiringan (roll) : -7.17
2026-05-21 10:18:01,.02, Kemiringan (roll) : -7.17
2026-05-21 10:18:01,.02, Kemiringan (roll) : -7.17
2026-05-21 10:18:01,.02, Kemiringan (roll) : -7.17
2026-05-21 10:18:01,.02, Kemiringan (roll) : -7.17
2026-05-21 10:18:01,.02, Kemiringan (roll) : -7.17
2026-05-21 10:18:01,.02, Kemiringan (roll) : -7.17
2026-05-21 10:18:01,.02, Kemiringan (roll) : -7.17
2026-05-21 10:18:01,.02, Kemiringan (roll) : -7.17
2026-05-21 10:18:01,.02, Kemiringan (roll) : -7.17
2026-05-21 10:18:01,.02, Kemiringan (roll) : -7.17
2026-05-21 10:18:01,.02, Kemiringan (roll) : -7.17
2026-05-21 10:18:01,.02, Kemiringan (roll) : -7.17
2026-05-21 10:18:01,.02, Kemiringan (roll) : -7.17
2026-05-21 10:18:01,.02, Kemiringan (roll) : -7.17
2026-05-21 10:18:01,.02, Kemiringan (roll) : -7.17
2026-05-21 10:18:01,.02, Kemiringan (roll) : -7.17
2026-05-21 10:18:01,.02, Kemiringan (roll) : -7.17
2026-05-21 10:18:01,.02, Kemiringan (roll) : -7.17
2026-05-21 10:18:01,.02, Kemiringan (roll) : -7.17
2026-05-21 10:18:01,.02, Kemiringan (roll) : -7.17
2026-05-21 10:18:01,.02, Kemiringan (roll) : -7.17
2026-05-21 10:18:01,.02, Kemiringan (roll) : -7.17
2026-05-21 10:18:01,.02, Kemiringan (roll) : -7.17
2026-05-21 10:18:01,.02, Kemiringan (roll) : -7.17
2026-05-21 10:18:01,.02, Kemiringan (roll) : -7.17
2026-05-21 10:18:01,.02, Kemiringan (roll) : -7.17
2026-05-21 10:18:01,.02, Kemiringan (roll) : -7.17
2026-05-21 10:18:01,.02, Kemiringan (roll) : -7.17
2026-05-21 10:18:01,.02, Kemiringan (roll) : -7.17
2026-05-21 10:18:01,.02, Kemiringan (roll) : -7.17
2026-05-21 10:18:01,.02, Kemiringan (roll) : -7.17
2026-05-21 10:18:01,.02, Kemiringan (roll) : -7.17
2026-05-21 10:18:01,.02, Kemiringan (roll) : -7.17
2026-05-21 10:18:01,.02, Kemiringan (roll) : -7.17
2026-05-21 10:18:01,.02, Kemiringan (roll) : -7.17
2026-05-21 10:18:01,.02, Kemiringan (roll) : -7.17
2026-05-21 10:18:01,.02, Kemiringan (roll) : -7.17
2026-05-21 10:18:01,.02, Kemiringan (roll) : -7.17
2026-05-21 10:18:01,.02, Kemiringan (roll) : -7.17
2026-05-21 10:18:01,.02, Kemiringan (roll) : -7.17
2026-05-21 10:18:01,.02, Kemiringan (roll) : -7.17
2026-05-21 10:18:01,.02, Kemiringan (roll) : -7.17
2026-05-21 10:18:01,.02, Kemiringan (roll) : -7.17
2026-05-21 10:18:01,.02, Kemiringan (roll) : -7.17
2026-05-21 10:18:01,.02, Kemiringan (roll) : -7.17
2026-05-21 10:18:01,.02, Kemiringan (roll) : -7.17
2026-05-21 10:18:01,.02, Kemiringan (roll) : -7.17
2026-05-21 10:18:01,.02, Kemiringan (roll) : -7.17
2026-05-21 10:18:01,.02, Kemiringan (roll) : -7.17
2026-05-21 10:18:01,.02, Kemiringan (roll) : -7.17
2026-05-21 10:18:01,.02, Kemiringan (roll) : -7.17
2026-05-21 10:18:01,.02, Kemiringan (roll) : -7.17
2026-05-21 10:18:01,.02, Kemiringan (roll) : -7.17
2026-05-21 10:18:01,.02, Kemiringan (roll) : -7.17
2026-05-21 10:18:01,.02, Kemiringan (roll) : -7.17
2026-05-21 10:18:01,.02, Kemiringan (roll) : -7.17
2026-05-21 10:18:01,.02, Kemiringan (roll) : -7.17
2026-05-21 10:18:01,.02, Kemiringan (roll) : -7.17
2026-05-21 10:18:01,.02, Kemiringan (roll) : -7.17
2026-05-21 10:18:01,.02, Kemiringan (roll) : -7.17
2026-05-21 10:18:01,.02, Kemiringan (roll) : -7.17
2026-05-21 10:18:01,.02, Kemiringan (roll) : -7.17
2026-05-21 10:18:01,.02, Kemiringan (roll) : -7.17
2026-05-21 10:18:01,.02, Kemiringan (roll) : -7.17
2026-05-21 10:18:01,.02, Kemiringan (roll) : -7.17
2026-05-21 10:18:01,.02, Kemiringan (roll) : -7.17
2026-05-21 10:18:01,.02, Kemiringan (roll) : -7.17
2026-05-21 10:18:01,.02, Kemiringan (roll) : -7.17
2026-05-21 10:18:01,.02, Kemiringan (roll) : -7.17
2026-05-21 10:18:01,.02, Kemiringan (roll) : -7.17
2026-05-21 10:18:01,.02, Kemiringan (roll) : -7.17
2026-05-21 10:18:01,.02, Kemiringan (roll) : -7.17
2026-05-21 10:18:01,.02, Kemiringan (roll) : -7.17
2026-05-21 10:18:01,.02, Kemiringan (roll) : -7.17
2026-05-21 10:18:01,.02, Kemiringan (roll) : -7.17
2026-05-21 10:18:01,.02, Kemiringan (roll) : -7.17
2026-05-21 10:18:01,.02, Kemiringan (roll) : -7.17
2026-05-21 10:18:01,.02, Kemiringan (roll) : -7.17
2026-05-21 10:18:01,.02, Kemiringan (roll) : -7.17
2026-05-21 10:18:01,.02, Kemiringan (roll) : -7.17
2026-05-21 10:18:01,.02, Kemiringan (roll) : -7.17
2026-05-21 10:18:01,.02, Kemiringan (roll) : -7.17
2026-05-21 10:18:01,.02, Kemiringan (roll) : -7.17
2026-05-21 10:18:01,.02, Kemiringan (roll) : -7.17
2026-05-21 10:18:01,.02, Kemiringan (roll) : -7.17
2026-05-21 10:18:01,.02, Kemiringan (roll) : -7.17
2026-05-21 10:18:01,.02, Kemiringan (roll) : -7.17
2026-05-21 10:18:01,.02, Kemiringan (roll) : -7.17
2026-05-21 10:18:01,.02, Kemiringan (roll) : -7.17
2026-05-21 10:18:01,.02, Kemiringan (roll) : -7.17
2026-05-21 10:18:01,.02, Kemiringan (roll) : -7.17
2026-05-21 10:18:01,.02, Kemiringan (roll) : -7.17
2026-05-21 10:18:01,.02, Kemiringan (roll) : -7.17
2026-05-21 10:18:01,.02, Kemiringan (roll) : -7.17
2026-05-21 10:18:01,.02, Kemiringan (roll) : -7.17
2026-05-21 10:18:01,.02, Kemiringan (roll) : -7.17
2026-05-21 10:18:01,.02, Kemiringan (roll) : -7.17
2026-05-21 10:18:01,.02, Kemiringan (roll) : -7.17
2026-05-21 10:18:01,.02, Kemiringan (roll) : -7.17
2026-05-21 10:18:01,.02, Kemiringan (roll) : -7.17
2026-05-21 10:18:01,.02, Kemiringan (roll) : -7.17
2026-05-21 10:18:01,.02, Kemiringan (roll) : -7.17
2026-05-21 10:18:01,.02, Kemiringan (roll) : -7.17
2026-05-21 10:18:01,.02, Kemiringan (roll) : -7.17
2026-05-21 10:18:01,.02, Kemiringan (roll) : -7.17
2026-05-21 10:18:01,.02, Kemiringan (roll) : -7.17
2026-05-21 10:18:01,.02, Kemiringan (roll) : -7.17
2026-05-21 10:18:01,.02, Kemiringan (roll) : -7.17
2026-05-21 10:18:01,.02, Kemiringan (roll) : -7.17
2026-05-21 10:18:01,.02, Kemiringan (roll) : -7.17
2026-05-21 10:18:01,.02, Kemiringan (roll) : -7.17
2026-05-21 10:18:01,.02, Kemiringan (roll) : -7.17
2026-05-21 10:18:01,.02, Kemiringan (roll) : -7.17
2026-05-21 10:18:01,.02, Kemiringan (roll) : -7.17
2026-05-21 10:18:01,.02, Kemiringan (roll) : -7.17
2026-05-21 10:18:01,.02, Kemiringan (roll) : -7.17
2026-05-21 10:18:01,.02, Kemiringan (roll) : -7.17
2026-05-21 10:18:01,.02, Kemiringan (roll) : -7.17
2026-05-21 10:18:01,.02, Kemiringan (roll) : -7.17
2026-05-21 10:18:01,.02, Kemiringan (roll) : -7.17
2026-05-21 10:18:01,.02, Kemiringan (roll) : -7.17
2026-05-21 10:18:01,.02, Kemiringan (roll) : -7.17
2026-05-21 10:18:01,.02, Kemiringan (roll) : -7.17
2026-05-21 10:18:01,.02, Kemiringan (roll) : -7.17
2026-05-21 10:18:01,.02, Kemiringan (roll) : -7.17
2026-05-21 10:18:01,.02, Kemiringan (roll) : -7.17
2026-05-21 10:18:01,.02, Kemiringan (roll) : -7.17
2026-05-21 10:18:01,.02, Kemiringan (roll) : -7.17
2026-05-21 10:18:01,.02, Kemiringan (roll) : -7.17
2026-05-21 10:18:01,.02, Kemiringan (roll) : -7.17
2026-05-21 10:18:01,.02, Kemiringan (roll) : -7.17
2026-05-21 10:18:01,.02, Kemiringan (roll) : -7.17
2026-05-21 10:18:01,.02, Kemiringan (roll) : -7.17
2026-05-21 10:18:01,.02, Kemiringan (roll) : -7.17
2026-05-21 10:18:01,.02, Kemiringan (roll) : -7.17
2026-05-21 10:18:01,.02, Kemiringan (roll) : -7.17
2026-05-21 10:18:01,.02, Kemiringan (roll) : -7.17
2026-05-21 10:18:01,.02, Kemiringan (roll) : -7.17
2026-05-21 10:18:01,.02, Kemiringan (roll) : -7.17
2026-05-21 10:18:01,.02, Kemiringan (roll) : -7.17
2026-05-21 10:18:01,.02, Kemiringan (roll) : -7.17
2026-05-21 10:18:01,.02, Kemiringan (roll) : -7.17
2026-05-21 10:18:01,.02, Kemiringan (roll) : -7.17
2026-05-21 10:18:01,.02, Kemiringan (roll) : -7.17
2026-05-21 10:18:01,.02, Kemiringan (roll) : -7.17
2026-05-21 10:18:01,.02, Kemiringan (roll) : -7.17
2026-05-21 10:18:01,.02, Kemiringan (roll) : -7.17
2026-05-21 10:18:01,.02, Kemiringan (roll) : -7.17
2026-05-21 10:18:01,.02, Kemiringan (roll) : -7.17
2026-05-21 10:18:01,.02, Kemiringan (roll) : -7.17
2026-05-21 10:18:01,.02, Kemiringan (roll) : -7.17
2026-05-21 10:18:01,.02, Kemiringan (roll) : -7.17
2026-05-21 10:18:01,.02, Kemiringan (roll) : -7.17
2026-05-21 10:18:01,.02, Kemiringan (roll) : -7.17
2026-05-21 10:18:01,.02, Kemiringan (roll) : -7.17
2026-05-21 10:18:01,.02, Kemiringan (roll) : -7.17
2026-05-21 10:18:01,.02, Kemiringan (roll) : -7.17
2026-05-21 10:18:01,.02, Kemiringan (roll) : -7.17
2026-05-21 10:18:01,.02, Kemiringan (roll) : -7.17
2026-05-21 10:18:01,.02, Kemiringan (roll) : -7.17
2026-05-21 10:18:01,.02, Kemiringan (roll) : -7.17
2026-05-21 10:18:01,.02, Kemiringan (roll) : -7.17
2026-05-21 10:18:01,.02, Kemiringan (roll) : -7.17
2026-05-21 10:18:01,.02, Kemiringan (roll) : -7.17
2026-05-21 10:18:01,.02, Kemiringan (roll) : -7.17
2026-05-21 10:18:01,.02, Kemiringan (roll) : -7.17
2026-05-21 10:18:01,.02, Kemiringan (roll) : -7.17
2026-05-21 10:18:01,.02, Kemiringan (roll) : -7.17
2026-05-21 10:18:01,.02, Kemiringan (roll) : -7.17
2026-05-21 10:18:01,.02, Kemiringan (roll) : -7.17
2026-05-21 10:18:01,.02, Kemiringan (roll) : -7.17
2026-05-21 10:18:01,.02, Kemiringan (roll) : -7.17
2026-05-21 10:18:01,.02, Kemiringan (roll) : -7.17
2026-05-21 10:18:01,.02, Kemiringan (roll) : -7.17
2026-05-21 10:18:01,.02, Kemiringan (roll) : -7.17
2026-05-21 10:18:01,.02, Kemiringan (roll) : -7.17
2026-05-21 10:18:01,.02, Kemiringan (roll) : -7.17
2026-05-21 10:18:01,.02, Kemiringan (roll) : -7.17
2026-05-21 10:18:01,.02, Kemiringan (roll) : -7.17
2026-05-21 10:18:01,.02, Kemiringan (roll) : -7.17
2026-05-21 10:18:01,.02, Kemiringan (roll) : -7.17
2026-05-21 10:18:01,.02, Kemiringan (roll) : -7.17
2026-05-21 10:18:01,.02, Kemiringan (roll) : -7.17
2026-05-21 10:18:01,.02, Kemiringan (roll) : -7.17
2026-05-21 10:18:01,.02, Kemiringan (roll) : -7.17
2026-05-21 10:18:01,.02, Kemiringan (roll) : -7.17
2026-05-21 10:18:01,.02, Kemiringan (roll) : -7.17
2026-05-21 10:18:01,.02, Kemiringan (roll) : -7.17
2026-05-21 10:18:01,.02, Kemiringan (roll) : -7.17
2026-05-21 10:18:01,.02, Kemiringan (roll) : -7.17
2026-05-21 10:18:01,.02, Kemiringan (roll) : -7.17
2026-05-21 10:18:01,.02, Kemiringan (roll) : -7.17
2026-05-21 10:18:01,.02, Kemiringan (roll) : -7.17
2026-05-21 10:18:01,.02, Kemiringan (roll) : -7.17
2026-05-21 10:18:01,.02, Kemiringan (roll) : -7.17
2026-05-21 10:18:01,.02, Kemiringan (roll) : -7.17
2026-05-21 10:18:01,.02, Kemiringan (roll) : -7.17
2026-05-21 10:18:01,.02, Kemiringan (roll) : -7.17
2026-05-21 10:18:01,.02, Kemiringan (roll) : -7.17
2026-05-21 10:18:01,.02, Kemiringan (roll) : -7.17
2026-05-21 10:18:01,.02, Kemiringan (roll) : -7.17
2026-05-21 10:18:01,.02, Kemiringan (roll) : -7.17
2026-05-21 10:18:01,.02, Kemiringan (roll) : -7.17
2026-05-21 10:18:01,.02, Kemiringan (roll) : -7.17
2026-05-21 10:18:01,.02, Kemiringan (roll) : -7.17
2026-05-21 10:18:01,.02, Kemiringan (roll) : -7.17
2026-05-21 10:18:01,.02, Kemiringan (roll) : -7.17
2026-05-21 10:18:01,.02, Kemiringan (roll) : -7.17
2026-05-21 10:18:01,.02, Kemiringan (roll) : -7.17
2026-05-21 10:18:01,.02, Kemiringan (roll) : -7.17
2026-05-21 10:18:01,.02, Kemiringan (roll) : -7.17
2026-05-21 10:18:01,.02, Kemiringan (roll) : -7.17
2026-05-21 10:18:01,.02, Kemiringan (roll) : -7.17
2026-05-21 10:18:01,.02, Kemiringan (roll) : -7.17
2026-05-21 10:18:01,.02, Kemiringan (roll) : -7.17
2026-05-21 10:18:01,.02, Kemiringan (roll) : -7.17
2026-05-21 10:18:01,.02, Kemiringan (roll) : -7.17
2026-05-21 10:18:01,.02, Kemiringan (roll) : -7.17
2026-05-21 10:18:01,.02, Kemiringan (roll) : -7.17
2026-05-21 10:18:01,.02, Kemiringan (roll) : -7.17
2026-05-21 10:18:01,.02, Kemiringan (roll) : -7.17
2026-05-21 10:18:01,.02, Kemiringan (roll) : -7.17
2026-05-21 10:18:01,.02, Kemiringan (roll) : -7.17
2026-05-21 10:18:01,.02, Kemiringan (roll) : -7.17
2026-05-21 10:18:01,.02, Kemiringan (roll) : -7.17
2026-05-21 10:18:01,.02, Kemiringan (roll) : -7.17
2026-05-21 10:18:01,.02, Kemiringan (roll) : -7.17
2026-05-21 10:18:01,.02, Kemiringan (roll) : -7.17
2026-05-21 10:18:01,.02, Kemiringan (roll) : -7.17
2026-05-21 10:18:01,.02, Kemiringan (roll) : -7.17
2026-05-21 10:18:01,.02, Kemiringan (roll) : -7.17
2026-05-21 10:18:01,.02, Kemiringan (roll) : -7.17
2026-05-21 10:18:01,.02, Kemiringan (roll) : -7.17
2026-05-21 10:18:01,.02, Kemiringan (roll) : -7.17
2026-05-21 10:18:01,.02, Kemiringan (roll) : -7.17
2026-05-21 10:18:01,.02, Kemiringan (roll) : -7.17
2026-05-21 10:18:01,.02, Kemiringan (roll) : -7.17
2026-05-21 10:18:01,.02, Kemiringan (roll) : -7.17
2026-05-21 10:18:01,.02, Kemiringan (roll) : -7.17
2026-05-21 10:18:01,.02, Kemiringan (roll) : -7.17
2026-05-21 10:18:01,.02, Kemiringan (roll) : -7.17
2026-05-21 10:18:01,.02, Kemiringan (roll) : -7.17
2026-05-21 10:18:01,.02, Kemiringan (roll) : -7.17
2026-05-21 10:18:01,.02, Kemiringan (roll) : -7.17
2026-05-21 10:18:01,.02, Kemiringan (roll) : -7.17
2026-05-21 10:18:01,.02, Kemiringan (roll) : -7.17
2026-05-21 10:18:01,.02, Kemiringan (roll) : -7.17
2026-05-21 10:18:01,.02, Kemiringan (roll) : -7.17
2026-05-21 10:18:01,.02, Kemiringan (roll) : -7.17
2026-05-21 10:18:01,.02, Kemiringan (roll) : -7.17
2026-05-21 10:18:01,.02, Kemiringan (roll) : -7.17
2026-05-21 10:18:01,.02, Kemiringan (roll) : -7.17
2026-05-21 10:18:01,.02, Kemiringan (roll) : -7.17
2026-05-21 10:18:01,.02, Kemiringan (roll) : -7.17
2026-05-21 10:18:01,.02, Kemiringan (roll) : -7.17
2026-05-21 10:18:01,.02, Kemiringan (roll) : -7.17
2026-05-21 10:18:01,.02, Kemiringan (roll) : -7.17
2026-05-21 10:18:01,.02, Kemiringan (roll) : -7.17
2026-05-21 10:18:01,.02, Kemiringan (roll) : -7.17
2026-05-21 10:18:01,.02, Kemiringan (roll) : -7.17
2026-05-21 10:18:01,.02, Kemiringan (roll) : -7.17
2026-05-21 10:18:01,.02, Kemiringan (roll) : -7.17
2026-05-21 10:18:01,.02, Kemiringan (roll) : -7.17
2026-05-21 10:18:01,.02, Kemiringan (roll) : -7.17
2026-05-21 10:18:01,.02, Kemiringan (roll) : -7.17
2026-05-21 10:18:01,.02, Kemiringan (roll) : -7.17
2026-05-21 10:18:01,.02, Kemiringan (roll) : -7.17
2026-05-21 10:18:01,.02, Kemiringan (roll) : -7.17
2026-05-21 10:18:01,.02, Kemiringan (roll) : -7.17
2026-05-21 10:18:01,.02, Kemiringan (roll) : -7.17
2026-05-21 10:18:01,.02, Kemiringan (roll) : -7.17
2026-05-21 10:18:01,.02, Kemiringan (roll) : -7.17
2026-05-21 10:18:01,.02, Kemiringan (roll) : -7.17
2026-05-21 10:18:01,.02, Kemiringan (roll) : -7.17
2026-05-21 10:18:01,.02, Kemiringan (roll) : -7.17
2026-05-21 10:18:01,.02, Kemiringan (roll) : -7.17
2026-05-21 10:18:01,.02, Kemiringan (roll) : -7.17
2026-05-21 10:18:01,.02, Kemiringan (roll) : -7.17
2026-05-21 10:18:01,.02, Kemiringan (roll) : -7.17
2026-05-21 10:18:01,.02, Kemiringan (roll) : -7.17
2026-05-21 10:18:01,.02, Kemiringan (roll) : -7.17
2026-05-21 10:18:01,.02, Kemiringan (roll) : -7.17
2026-05-21 10:18:01,.02, Kemiringan (roll) : -7.17
2026-05-21 10:18:01,.02, Kemiringan (roll) : -7.17
2026-05-21 10:18:01,.02, Kemiringan (roll) : -7.17
2026-05-21 10:18:01,.02, Kemiringan (roll) : -7.17
2026-05-21 10:18:01,.02, Kemiringan (roll) : -7.17
2026-05-21 10:18:01,.02, Kemiringan (roll) : -7.17
2026-05-21 10:18:01,.02, Kemiringan (roll) : -7.17
2026-05-21 10:18:01,.02, Kemiringan (roll) : -7.17
2026-05-21 10:18:01,.02, Kemiringan (roll) : -7.17
2026-05-21 10:18:01,.02, Kemiringan (roll) : -7.17
2026-05-21 10:18:01,.02, Kemiringan (roll) : -7.17
2026-05-21 10:18:01,.02, Kemiringan (roll) : -7.17
2026-05-21 10:18:01,.02, Kemiringan (roll) : -7.17
2026-05-21 10:18:01,.02, Kemiringan (roll) : -7.17
2026-05-21 10:18:01,.02, Kemiringan (roll) : -7.17
2026-05-21 10:18:01,.02, Kemiringan (roll) : -7.17
2026-05-21 10:18:01,.02, Kemiringan (roll) : -7.17
2026-05-21 10:18:01,.02, Kemiringan (roll) : -7.17
2026-05-21 10:18:01,.02, Kemiringan (roll) : -7.17
2026-05-21 10:18:01,.02, Kemiringan (roll) : -7.17
2026-05-21 10:18:01,.02, Kemiringan (roll) : -7.17
2026-05-21 10:18:01,.02, Kemiringan (roll) : -7.17
2026-05-21 10:18:01,.02, Kemiringan (roll) : -7.17
2026-05-21 10:18:01,.02, Kemiringan (roll) : -7.17
2026-05-21 10:18:01,.02, Kemiringan (roll) : -7.17
2026-05-21 10:18:01,.02, Kemiringan (roll) : -7.17
2026-05-21 10:18:01,.02, Kemiringan (roll) : -7.17
2026-05-21 10:18:01,.02, Kemiringan (roll) : -7.17
2026-05-21 10:18:01,.02, Kemiringan (roll) : -7.17
2026-05-21 10:18:01,.02, Kemiringan (roll) : -7.17
2026-05-21 10:18:01,.02, Kemiringan (roll) : -7.17
2026-05-21 10:18:01,.02, Kemiringan (roll) : -7.17
2026-05-21 10:18:01,.02, Kemiringan (roll) : -7.17
2026-05-21 10:18:01,.02, Kemiringan (roll) : -7.17
2026-05-21 10:18:01,.02, Kemiringan (roll) : -7.17
2026-05-21 10:18:01,.02, Kemiringan (roll) : -7.17
2026-05-21 10:18:01,.02, Kemiringan (roll) : -7.17
2026-05-21 10:18:01,.02, Kemiringan (roll) : -7.17
2026-05-21 10:18:01,.02, Kemiringan (roll) : -7.17
2026-05-21 10:18:01,.02, Kemiringan (roll) : -7.17
2026-05-21 10:18:01,.02, Kemiringan (roll) : -7.17
2026-05-21 10:18:01,.02, Kemiringan (roll) : -7.17
2026-05-21 10:18:01,.02, Kemiringan (roll) : -7.17
2026-05-21 10:18:01,.02, Kemiringan (roll) : -7.17
2026-05-21 10:18:01,.02, Kemiringan (roll) : -7.17
2026-05-21 10:18:01,.02, Kemiringan (roll) : -7.17
2026-05-21 10:18:01,.02, Kemiringan (roll) : -7.17
2026-05-21 10:18:01,.02, Kemiringan (roll) : -7.17
2026-05-21 10:18:01,.02, Kemiringan (roll) : -7.17
2026-05-21 10:18:01,.02, Kemiringan (roll) : -7.17
2026-05-21 10:18:01,.02, Kemiringan (roll) : -7.17
2026-05-21 10:18:01,.02, Kemiringan (roll) : -7.17
2026-05-21 10:18:01,.02, Kemiringan (roll) : -7.17
2026-05-21 10:18:01,.02, Kemiringan (roll) : -7.17
2026-05-21 10:18:01,.02, Kemiringan (roll) : -7.17
2026-05-21 10:18:01,.02, Kemiringan (roll) : -7.17
2026-05-21 10:18:01,.02, Kemiringan (roll) : -7.17
2026-05-21 10:18:01,.02, Kemiringan (roll) : -7.17
2026-05-21 10:18:01,.02, Kemiringan (roll) : -7.17
2026-05-21 10:18:01,.02, Kemiringan (roll) : -7.17
2026-05-21 10:18:01,.02, Kemiringan (roll) : -7.17
2026-05-21 10:18:01,.02, Kemiringan (roll) : -7.17
2026-05-21 10:18:01,.02, Kemiringan (roll) : -7.17
2026-05-21 10:18:01,.02, Kemiringan (roll) : -7.17
2026-05-21 10:18:01,.02, Kemiringan (roll) : -7.17
2026-05-21 10:18:01,.02, Kemiringan (roll) : -7.17
2026-05-21 10:18:01,.02, Kemiringan (roll) : -7.17
2026-05-21 10:18:01,.02, Kemiringan (roll) : -7.17
2026-05-21 10:18:01,.02, Kemiringan (roll) : -7.17
2026-05-21 10:18:01,.02, Kemiringan (roll) : -7.17
2026-05-21 10:18:01,.02, Kemiringan (roll) : -7.17
2026-05-21 10:18:01,.02, Kemiringan (roll) : -7.17
2026-05-21 10:18:01,.02, Kemiringan (roll) : -7.17
2026-05-21 10:18:01,.02, Kemiringan (roll) : -7.17
2026-05-21 10:18:01,.02, Kemiringan (roll) : -7.17
2026-05-21 10:18:01,.02, Kemiringan (roll) : -7.17
2026-05-21 10:18:01,.02, Kemiringan (roll) : -7.17
2026-05-21 10:18:01,.02, Kemiringan (roll) : -7.17
2026-05-21 10:18:01,.02, Kemiringan (roll) : -7.17
2026-05-21 10:18:01,.02, Kemiringan (roll) : -7.17
2026-05-21 10:18:01,.02, Kemiringan (roll) : -7.17
2026-05-21 10:18:01,.02, Kemiringan (roll) : -7.17
2026-05-21 10:18:01,.02, Kemiringan (roll) : -7.17
2026-05-21 10:18:01,.02, Kemiringan (roll) : -7.17
2026-05-21 10:18:01,.02, Kemiringan (roll) : -7.17
2026-05-21 10:18:01,.02, Kemiringan (roll) : -7.17
2026-05-21 10:18:01,.02, Kemiringan (roll) : -7.17
2026-05-21 10:18:01,.02, Kemiringan (roll) : -7.17
2026-05-21 10:18:01,.02, Kemiringan (roll) : -7.17
2026-05-21 10:18:01,.02, Kemiringan (roll) : -7.17
2026-05-21 10:18:01,.02, Kemiringan (roll) : -7.17
2026-05-21 10:18:01,.02, Kemiringan (roll) : -7.17
2026-05-21 10:18:01,.02, Kemiringan (roll) : -7.17
2026-05-21 10:18:01,.02, Kemiringan (roll) : -7.17
2026-05-21 10:18:01,.02, Kemiringan (roll) : -7.17
2026-05-21 10:18:01,.02, Kemiringan (roll) : -7.17
2026-05-21 10:18:01,.02, Kemiringan (roll) : -7.17
2026-05-21 10:18:01,.02, Kemiringan (roll) : -7.17
2026-05-21 10:18:01,.02, Kemiringan (roll) : -7.17
2026-05-21 10:18:01,.02, Kemiringan (roll) : -7.17
2026-05-21 10:18:01,.02, Kemiringan (roll) : -7.17
2026-05-21 10:18:01,.02, Kemiringan (roll) : -7.17
2026-05-21 10:18:01,.02, Kemiringan (roll) : -7.17
2026-05-21 10:18:01,.02, Kemiringan (roll) : -7.17
2026-05-21 10:18:01,.02, Kemiringan (roll) : -7.17
2026-05-21 10:18:01,.02, Kemiringan (roll) : -7.17
2026-05-21 10:18:01,.02, Kemiringan (roll) : -7.17
2026-05-21 10:18:01,.02, Kemiringan (roll) : -7.17
2026-05-21 10:18:01,.02, Kemiringan (roll) : -7.17
2026-05-21 10:18:01,.02, Kemiringan (roll) : -7.17
2026-05-21 10:18:01,.02, Kemiringan (roll) : -7.17
2026-05-21 10:18:01,.02, Kemiringan (roll) : -7.17
2026-05-21 10:18:01,.02, Kemiringan (roll) : -7.17
2026-05-21 10:18:01,.02, Kemiringan (roll) : -7.17
2026-05-21 10:18:01,.02, Kemiringan (roll) : -7.17
2026-05-21 10:18:01,.02, Kemiringan (roll) : -7.17
2026-05-21 10:18:01,.02, Kemiringan (roll) : -7.17
2026-05-21 10:18:01,.02, Kemiringan (roll) : -7.17
2026-05-21 10:18:01,.02, Kemiringan (roll) : -7.17
2026-05-21 10:18:01,.02, Kemiringan (roll) : -7.17
2026-05-21 10:18:01,.02, Kemiringan (roll) : -7.17
2026-05-21 10:18:01,.02, Kemiringan (roll) : -7.17
2026-05-21 10:18:01,.02, Kemiringan (roll) : -7.17
2026-05-21 10:18:01,.02, Kemiringan (roll) : -7.17
2026-05-21 10:18:01,.02, Kemiringan (roll) : -7.17
2026-05-21 10:18:01,.02, Kemiringan (roll) : -7.17
2026-05-21 10:18:01,.02, Kemiringan (roll) : -7.17
2026-05-21 10:18:01,.02, Kemiringan (roll) : -7.17
2026-05-21 10:18:01,.02, Kemiringan (roll) : -7.17
2026-05-21 10:18:01,.02, Kemiringan (roll) : -7.17
2026-05-21 10:18:01,.02, Kemiringan (roll) : -7.17
2026-05-21 10:18:01,.02, Kemiringan (roll) : -7.17
2026-05-21 10:18:01,.02, Kemiringan (roll) : -7.17
2026-05-21 10:18:01,.02, Kemiringan (roll) : -7.17
2026-05-21 10:18:01,.02, Kemiringan (roll) : -7.17
2026-05-21 10:18:01,.02, Kemiringan (roll) : -7.17
2026-05-21 10:18:01,.02, Kemiringan (roll) : -7.17
2026-05-21 10:18:01,.02, Kemiringan (roll) : -7.17
2026-05-21 10:18:01,.02, Kemiringan (roll) : -7.17
2026-05-21 10:18:01,.02, Kemiringan (roll) : -7.17
2026-05-21 10:18:01,.02, Kemiringan (roll) : -7.17
2026-05-21 10:18:01,.02, Kemiringan (roll) : -7.17
2026-05-21 10:18:01,.02, Kemiringan (roll) : -7.17
2026-05-21 10:18:01,.02, Kemiringan (roll) : -7.17
2026-05-21 10:18:01,.02, Kemiringan (roll) : -7.17
2026-05-21 10:18:01,.02, Kemiringan (roll) : -7.17
2026-05-21 10:18:01,.02, Kemiringan (roll) : -7.17
2026-05-21 10:18:01,.02, Kemiringan (roll) : -7.17
2026-05-21 10:18:01,.02, Kemiringan (roll) : -7.17
2026-05-21 10:18:01,.02, Kemiringan (roll) : -7.17
2026-05-21 10:18:01,.02, Kemiringan (roll) : -7.17
2026-05-21 10:18:01,.02, Kemiringan (roll) : -7.17
2026-05-21 10:18:01,.02, Kemiringan (roll) : -7.17
2026-05-21 10:18:01,.02, Kemiringan (roll) : -7.17
2026-05-21 10:18:01,.02, Kemiringan (roll) : -7.17
2026-05-21 10:18:01,.02, Kemiringan (roll) : -7.17
2026-05-21 10:18:01,.02, Kemiringan (roll) : -7.17
2026-05-21 10:18:01,.02, Kemiringan (roll) : -7.17
2026-05-21 10:18:01,.02, Kemiringan (roll) : -7.17
2026-05-21 10:18:01,.02, Kemiringan (roll) : -7.17
2026-05-21 10:18:01,.02, Kemiringan (roll) : -7.17
2026-05-21 10:18:01,.02, Kemiringan (roll) : -7.17
2026-05-21 10:18:01,.02, Kemiringan (roll) : -7.17
2026-05-21 10:18:01,.02, Kemiringan (roll) : -7.17
2026-05-21 10:18:01,.02, Kemiringan (roll) : -7.17
2026-05-21 10:18:01,.02, Kemiringan (roll) : -7.17
2026-05-21 10:18:01,.02, Kemiringan (roll) : -7.17
2026-05-21 10:18:01,.02, Kemiringan (roll) : -7.17
2026-05-21 10:18:01,.02, Kemiringan (roll) : -7.17
2026-05-21 10:18:01,.02, Kemiringan (roll) : -7.17
2026-05-21 10:18:01,.02, Kemiringan (roll) : -7.17
2026-05-21 10:18:01,.02, Kemiringan (roll) : -7.17
2026-05-21 10:18:01,.02, Kemiringan (roll) : -7.17
2026-05-21 10:18:01,.02, Kemiringan (roll) : -7.17
2026-05-21 10:18:01,.02, Kemiringan (roll) : -7.17
2026-05-21 10:18:01,.02, Kemiringan (roll) : -7.17
2026-05-21 10:18:01,.02, Kemiringan (roll) : -7.17
2026-05-21 10:18:01,.02, Kemiringan (roll) : -7.17
2026-05-21 10:18:01,.02, Kemiringan (roll) : -7.17
2026-05-21 10:18:01,.02, Kemiringan (roll) : -7.17
2026-05-21 10:18:01,.02, Kemiringan (roll) : -7.17
2026-05-21 10:18:01,.02, Kemiringan (roll) : -7.17
2026-05-21 10:18:01,.02, Kemiringan (roll) : -7.17
2026-05-21 10:18:01,.02, Kemiringan (roll) : -7.17
2026-05-21 10:18:01,.02, Kemiringan (roll) : -7.17
2026-05-21 10:18:01,.02, Kemiringan (roll) : -7.17
2026-05-21 10:18:01,.02, Kemiringan (roll) : -7.17
2026-05-21 10:18:01,.02, Kemiringan (roll) : -7.17
2026-05-21 10:18:01,.02, Kemiringan (roll) : -7.17
2026-05-21 10:18:01,.02, Kemiringan (roll) : -7.17
2026-05-21 10:18:01,.02, Kemiringan (roll) : -7.17
2026-05-21 10:18:01,.02, Kemiringan (roll) : -7.17
2026-05-21 10:18:01,.02, Kemiringan (roll) : -7.17
2026-05-21 10:18:01,.02, Kemiringan (roll) : -7.17
2026-05-21 10:18:01,.02, Kemiringan (roll) : -7.17
2026-05-21 10:18:01,.02, Kemiringan (roll) : -7.17
2026-05-21 10:18:01,.02, Kemiringan (roll) : -7.17
2026-05-21 10:18:01,.02, Kemiringan (roll) : -7.17
2026-05-21 10:18:01,.02, Kemiringan (roll) : -7.17
2026-05-21 10:18:01,.02, Kemiringan (roll) : -7.17
2026-05-21 10:18:01,.02, Kemiringan (roll) : -7.17
2026-05-21 10:18:01,.02, Kemiringan (roll) : -7.17
2026-05-21 10:18:01,.02, Kemiringan (roll) : -7.17
2026-05-21 10:18:01,.02, Kemiringan (roll) : -7.17
2026-05-21 10:18:01,.02, Kemiringan (roll) : -7.17
2026-05-21 10:18:01,.02, Kemiringan (roll) : -7.17
2026-05-21 10:18:01,.02, Kemiringan (roll) : -7.17
2026-05-21 10:18:01,.02, Kemiringan (roll) : -7.17
2026-05-21 10:18:01,.02, Kemiringan (roll) : -7.17
2026-05-21 10:18:01,.02, Kemiringan (roll) : -7.17
2026-05-21 10:18:01,.02, Kemiringan (roll) : -7.17
2026-05-21 10:18:01,.02, Kemiringan (roll) : -7.17
2026-05-21 10:18:01,.02, Kemiringan (roll) : -7.17
2026-05-21 10:18:01,.02, Kemiringan (roll) : -7.17
2026-05-21 10:18:01,.02, Kemiringan (roll) : -7.17
2026-05-21 10:18:01,.02, Kemiringan (roll) : -7.17
2026-05-21 10:18:01,.02, Kemiringan (roll) : -7.17
2026-05-21 10:18:01,.02, Kemiringan (roll) : -7.17
2026-05-21 10:18:01,.02, Kemiringan (roll) : -7.17
2026-05-21 10:18:01,.02, Kemiringan (roll) : -7.17
2026-05-21 10:18:01,.02, Kemiringan (roll) : -7.17
2026-05-21 10:18:01,.02, Kemiringan (roll) : -7.17
2026-05-21 10:18:01,.02, Kemiringan (roll) : -7.17
2026-05-21 10:18:01,.02, Kemiringan (roll) : -7.17
2026-05-21 10:18:01,.02, Kemiringan (roll) : -7.17
2026-05-21 10:18:01,.02, Kemiringan (roll) : -7.17
2026-05-21 10:18:01,.02, Kemiringan (roll) : -7.17
2026-05-21 10:18:01,.02, Kemiringan (roll) : -7.17
2026-05-21 10:18:01,.02, Kemiringan (roll) : -7.17
2026-05-21 10:18:01,.02, Kemiringan (roll) : -7.17
2026-05-21 10:18:01,.02, Kemiringan (roll) : -7.17
2026-05-21 10:18:01,.02, Kemiringan (roll) : -7.17
2026-05-21 10:18:01,.02, Kemiringan (roll) : -7.17
2026-05-21 10:18:01,.02, Kemiringan (roll) : -7.17
2026-05-21 10:18:01,.02, Kemiringan (roll) : -7.17
2026-05-21 10:18:01,.02, Kemiringan (roll) : -7.17
2026-05-21 10:18:01,.02, Kemiringan (roll) : -7.17
2026-05-21 10:18:01,.02, Kemiringan (roll) : -7.17
2026-05-21 10:18:01,.02, Kemiringan (roll) : -7.17
2026-05-21 10:18:01,.02, Kemiringan (roll) : -7.17
2026-05-21 10:18:01,.02, Kemiringan (roll) : -7.17
2026-05-21 10:18:01,.02, Kemiringan (roll) : -7.17
2026-05-21 10:18:01,.02, Kemiringan (roll) : -7.17
2026-05-21 10:18:01,.02, Kemiringan (roll) : -7.17
2026-05-21 10:18:01,.02, Kemiringan (roll) : -7.17
2026-05-21 10:18:01,.02, Kemiringan (roll) : -7.17
2026-05-21 10:18:01,.02, Kemiringan (roll) : -7.17
2026-05-21 10:18:01,.02, Kemiringan (roll) : -7.17
2026-05-21 10:18:01,.02, Kemiringan (roll) : -7.17
2026-05-21 10:18:01,.02, Kemiringan (roll) : -7.17
2026-05-21 10:18:01,.02, Kemiringan (roll) : -7.17
2026-05-21 10:18:01,.02, Kemiringan (roll) : -7.17
2026-05-21 10:18:01,.02, Kemiringan (roll) : -7.17
2026-05-21 10:18:01,.02, Kemiringan (roll) : -7.17
2026-05-21 10:18:01,.02, Kemiringan (roll) : -7.17
2026-05-21 10:18:01,.02, Kemiringan (roll) : -7.17
2026-05-21 10:18:01,.02, Kemiringan (roll) : -7.17
2026-05-21 10:18:01,.02, Kemiringan (roll) : -7.17
2026-05-21 10:18:01,.02, Kemiringan (roll) : -7.17
2026-05-21 10:18:01,.02, Kemiringan (roll) : -7.17
2026-05-21 10:18:01,.02, Kemiringan (roll) : -7.17
2026-05-21 10:18:01,.02, Kemiringan (roll) : -7.17
2026-05-21 10:18:01,.02, Kemiringan (roll) : -7.17
2026-05-21 10:18:01,.02, Kemiringan (roll) : -7.17
2026-05-21 10:18:01,.02, Kemiringan (roll) : -7.17
2026-05-21 10:18:01,.02, Kemiringan (roll) : -7.17
2026-05-21 10:18:01,.02, Kemiringan (roll) : -7.17
2026-05-21 10:18:01,.02, Kemiringan (roll) : -7.17
2026-05-21 10:18:01,.02, Kemiringan (roll) : -7.17
2026-05-21 10:18:01,.02, Kemiringan (roll) : -7.17
2026-05-21 10:18:01,.02, Kemiringan (roll) : -7.17
2026-05-21 10:18:01,.02, Kemiringan (roll) : -7.17
2026-05-21 10:18:01,.02, Kemiringan (roll) : -7.17
2026-05-21 10:18:01,.02, Kemiringan (roll) : -7.17
2026-05-21 10:18:01,.02, Kemiringan (roll) : -7.17
2026-05-21 10:18:01,.02, Kemiringan (roll) : -7.17
2026-05-21 10:18:01,.02, Kemiringan (roll) : -7.17
2026-05-21 10:18:01,.02, Kemiringan (roll) : -7.17
2026-05-21 10:18:01,.02, Kemiringan (roll) : -7.17
2026-05-21 10:18:01,.02, Kemiringan (roll) : -7.17
2026-05-21 10:18:01,.02, Kemiringan (roll) : -7.17
2026-05-21 10:18:01,.02, Kemiringan (roll) : -7.17
2026-05-21 10:18:01,.02, Kemiringan (roll) : -7.17
2026-05-21 10:18:01,.02, Kemiringan (roll) : -7.17
2026-05-21 10:18:01,.02, Kemiringan (roll) : -7.17
2026-05-21 10:18:01,.02, Kemiringan (roll) : -7.17
2026-05-21 10:18:01,.02, Kemiringan (roll) : -7.17
2026-05-21 10:18:01,.02, Kemiringan (roll) : -7.17
2026-05-21 10:18:01,.02, Kemiringan (roll) : -7.17
2026-05-21 10:18:01,.02, Kemiringan (roll) : -7.17
2026-05-21 10:18:01,.02, Kemiringan (roll) : -7.17
2026-05-21 10:18:01,.02, Kemiringan (roll) : -7.17
2026-05-21 10:18:01,.02, Kemiringan (roll) : -7.17
2026-05-21 10:18:01,.02, Kemiringan (roll) : -7.17
2026-05-21 10:18:01,.02, Kemiringan (roll) : -7.17
2026-05-21 10:18:01,.02, Kemiringan (roll) : -7.17
2026-05-21 10:18:01,.02, Kemiringan (roll) : -7.17
2026-05-21 10:18:01,.02, Kemiringan (roll) : -7.17
2026-05-21 10:18:01,.02, Kemiringan (roll) : -7.17
2026-05-21 10:18:01,.02, Kemiringan (roll) : -7.17
2026-05-21 10:18:01,.02, Kemiringan (roll) : -7.17
2026-05-21 10:18:01,.02, Kemiringan (roll) : -7.17
2026-05-21 10:18:01,.02, Kemiringan (roll) : -7.17
2026-05-21 10:18:01,.02, Kemiringan (roll) : -7.17
2026-05-21 10:18:01,.02, Kemiringan (roll) : -7.17
2026-05-21 10:18:01,.02, Kemiringan (roll) : -7.17
2026-05-21 10:18:01,.02, Kemiringan (roll) : -7.17
2026-05-21 10:18:01,.02, Kemiringan (roll) : -7.17
2026-05-21 10:18:01,.02, Kemiringan (roll) : -7.17
2026-05-21 10:18:01,.02, Kemiringan (roll) : -7.17
2026-05-21 10:18:01,.02, Kemiringan (roll) : -7.17
2026-05-21 10:18:01,.02, Kemiringan (roll) : -7.17
2026-05-21 10:18:01,.02, Kemiringan (roll) : -7.17
2026-05-21 10:18:01,.02, Kemiringan (roll) : -7.17
2026-05-21 10:18:01,.02, Kemiringan (roll) : -7.17
2026-05-21 10:18:01,.02, Kemiringan (roll) : -7.17
2026-05-21 10:18:01,.02, Kemiringan (roll) : -7.17
2026-05-21 10:18:01,.02, Kemiringan (roll) : -7.17
2026-05-21 10:18:01,.02, Kemiringan (roll) : -7.17
2026-05-21 10:18:01,.02, Kemiringan (roll) : -7.17
2026-05-21 10:18:01,.02, Kemiringan (roll) : -7.17
2026-05-21 10:18:01,.02, Kemiringan (roll) : -7.17
2026-05-21 10:18:01,.02, Kemiringan (roll) : -7.17
2026-05-21 10:18:01,.02, Kemiringan (roll) : -7.17
2026-05-21 10:18:01,.02, Kemiringan (roll) : -7.17
2026-05-21 10:18:01,.02, Kemiringan (roll) : -7.17
2026-05-21 10:18:01,.02, Kemiringan (roll) : -7.17
2026-05-21 10:18:01,.02, Kemiringan (roll) : -7.17
2026-05-21 10:18:01,.02, Kemiringan (roll) : -7.17
2026-05-21 10:18:01,.02, Kemiringan (roll) : -7.17
2026-05-21 10:18:01,.02, Kemiringan (roll) : -7.17
2026-05-21 10:18:01,.02, Kemiringan (roll) : -7.17
2026-05-21 10:18:01,.02, Kemiringan (roll) : -7.17
2026-05-21 10:18:01,.02, Kemiringan (roll) : -7.17
2026-05-21 10:18:01,.02, Kemiringan (roll) : -7.17
2026-05-21 10:18:01,.02, Kemiringan (roll) : -7.17
2026-05-21 10:18:01,.02, Kemiringan (roll) : -7.17
2026-05-21 10:18:01,.02, Kemiringan (roll) : -7.17
2026-05-21 10:18:01,.02, Kemiringan (roll) : -7.17
2026-05-21 10:18:01,.02, Kemiringan (roll) : -7.17
2026-05-21 10:18:01,.02, Kemiringan (roll) : -7.17
2026-05-21 10:18:01,.02, Kemiringan (roll) : -7.17
2026-05-21 10:18:01,.02, Kemiringan (roll) : -7.17
2026-05-21 10:18:01,.02, Kemiringan (roll) : -7.17
2026-05-21 10:18:01,.02, Kemiringan (roll) : -7.17
2026-05-21 10:18:01,.02, Kemiringan (roll) : -7.17
2026-05-21 10:18:01,.02, Kemiringan (roll) : -7.17
2026-05-21 10:18:01,.02, Kemiringan (roll) : -7.17
2026-05-21 10:18:01,.02, Kemiringan (roll) : -7.17
2026-05-21 10:18:01,.02, Kemiringan (roll) : -7.17
2026-05-21 10:18:01,.02, Kemiringan (roll) : -7.17
2026-05-21 10:18:01,.02, Kemiringan (roll) : -7.17
2026-05-21 10:18:01,.02, Kemiringan (roll) : -7.17
2026-05-21 10:18:01,.02, Kemiringan (roll) : -7.17
2026-05-21 10:18:01,.02, Kemiringan (roll) : -7.17
2026-05-21 10:18:01,.02, Kemiringan (roll) : -7.17
2026-05-21 10:18:01,.02, Kemiringan (roll) : -7.17
2026-05-21 10:18:01,.02, Kemiringan (roll) : -7.17
2026-05-21 10:18:01,.02, Kemiringan (roll) : -7.17
2026-05-21 10:18:01,.02, Kemiringan (roll) : -7.17
2026-05-21 10:18:01,.02, Kemiringan (roll) : -7.17
2026-05-21 10:18:01,.02, Kemiringan (roll) : -7.17
2026-05-21 10:18:01,.02, Kemiringan (roll) : -7.17
2026-05-21 10:18:01,.02, Kemiringan (roll) : -7.17
2026-05-21 10:18:01,.02, Kemiringan (roll) : -7.17
2026-05-21 10:18:01,.02, Kemiringan (roll) : -7.17
2026-05-21 10:18:01,.02, Kemiringan (roll) : -7.17
2026-05-21 10:18:01,.02, Kemiringan (roll) : -7.17
2026-05-21 10:18:01,.02, Kemiringan (roll) : -7.17
2026-05-21 10:18:01,.02, Kemiringan (roll) : -7.17
2026-05-21 10:18:01,.02, Kemiringan (roll) : -7.17
2026-05-21 10:18:01,.02, Kemiringan (roll) : -7.17
2026-05-21 10:18:01,.02, Kemiringan (roll) : -7.17
2026-05-21 10:18:01,.02, Kemiringan (roll) : -7.17
2026-05-21 10:18:01,.02, Kemiringan (roll) : -7.17
2026-05-21 10:18:01,.02, Kemiringan (roll) : -7.17
2026-05-21 10:18:01,.02, Kemiringan (roll) : -7.17
2026-05-21 10:18:01,.02, Kemiringan (roll) : -7.17
2026-05-21 10:18:01,.02, Kemiringan (roll) : -7.17
2026-05-21 10:18:01,.02, Kemiringan (roll) : -7.17
2026-05-21 10:18:01,.02, Kemiringan (roll) : -7.17
2026-05-21 10:18:01,.02, Kemiringan (roll) : -7.17
2026-05-21 10:18:01,.02, Kemiringan (roll) : -7.17
2026-05-21 10:18:01,.02, Kemiringan (roll) : -7.17
2026-05-21 10:18:01,.02, Kemiringan (roll) : -7.17
2026-05-21 10:18:01,.02, Kemiringan (roll) : -7.17
2026-05-21 10:18:01,.02, Kemiringan (roll) : -7.17
2026-05-21 10:18:01,.02, Kemiringan (roll) : -7.17
2026-05-21 10:18:01,.02, Kemiringan (roll) : -7.17
2026-05-21 10:18:01,.02, Kemiringan (roll) : -7.17
2026-05-21 10:18:01,.02, Kemiringan (roll) : -7.17
2026-05-21 10:18:01,.02, Kemiringan (roll) : -7.17
2026-05-21 10:18:01,.02, Kemiringan (roll) : -7.17
2026-05-21 10:18:01,.02, Kemiringan (roll) : -7.17
2026-05-21 10:18:01,.02, Kemiringan (roll) : -7.17
2026-05-21 10:18:01,.02, Kemiringan (roll) : -7.17
2026-05-21 10:18:01,.02, Kemiringan (roll) : -7.17
2026-05-21 10:18:01,.02, Kemiringan (roll) : -7.17
2026-05-21 10:18:01,.02, Kemiringan (roll) : -7.17
2026-05-21 10:18:01,.02, Kemiringan (roll) : -7.17
2026-05-21 10:18:01,.02, Kemiringan (roll) : -7.17
2026-05-21 10:18:01,.02, Kemiringan (roll) : -7.17
2026-05-21 10:18:01,.02, Kemiringan (roll) : -7.17
2026-05-21 10:18:01,.02, Kemiringan (roll) : -7.17
2026-05-21 10:18:01,.02, Kemiringan (roll) : -7.17
2026-05-21 10:18:01,.02, Kemiringan (roll) : -7.17
2026-05-21 10:18:01,.02, Kemiringan (roll) : -7.17
2026-05-21 10:18:01,.02, Kemiringan (roll) : -7.17
2026-05-21 10:18:01,.02, Kemiringan (roll) : -7.17
2026-05-21 10:18:01,.02, Kemiringan (roll) : -7.17
2026-05-21 10:18:01,.02, Kemiringan (roll) : -7.17
2026-05-21 10:18:01,.02, Kemiringan (roll) : -7.17
2026-05-21 10:18:01,.02, Kemiringan (roll) : -7.17
2026-05-21 10:18:01,.02, Kemiringan (roll) : -7.17
2026-05-21 10:18:01,.02, Kemiringan (roll) : -7.17
2026-05-21 10:18:01,.02, Kemiringan (roll) : -7.17
2026-05-21 10:18:01,.02, Kemiringan (roll) : -7.17
2026-05-21 10:18:01,.02, Kemiringan (roll) : -7.17
2026-05-21 10:18:01,.02, Kemiringan (roll) : -7.17
2026-05-21 10:18:01,.02, Kemiringan (roll) : -7.17
2026-05-21 10:18:01,.02, Kemiringan (roll) : -7.17
2026-05-21 10:18:01,.02, Kemiringan (roll) : -7.17
2026-05-21 10:18:01,.02, Kemiringan (roll) : -7.17
2026-05-21 10:18:01,.02, Kemiringan (roll) : -7.17
2026-05-21 10:18:01,.02, Kemiringan (roll) : -7.17
2026-05-21 10:18:01,.02, Kemiringan (roll) : -7.17
2026-05-21 10:18:01,.02, Kemiringan (roll) : -7.17
2026-05-21 10:18:01,.02, Kemiringan (roll) : -7.17
2026-05-21 10:18:01,.02, Kemiringan (roll) : -7.17
2026-05-21 10:18:01,.02, Kemiringan (roll) : -7.17
2026-05-21 10:18:01,.02, Kemiringan (roll) : -7.17
2026-05-21 10:18:01,.02, Kemiringan (roll) : -7.17
2026-05-21 10:18:01,.02, Kemiringan (roll) : -7.17
2026-05-21 10:18:01,.02, Kemiringan (roll) : -7.17
2026-05-21 10:18:01,.02, Kemiringan (roll) : -7.17
2026-05-21 10:18:01,.02, Kemiringan (roll) : -7.17
2026-05-21 10:18:01,.02, Kemiringan (roll) : -7.17
2026-05-21 10:18:01,.02, Kemiringan (roll) : -7.17
2026-05-21 10:18:01,.02, Kemiringan (roll) : -7.17
2026-05-21 10:18:01,.02, Kemiringan (roll) : -7.17
2026-05-21 10:18:01,.02, Kemiringan (roll) : -7.17
2026-05-21 10:18:01,.02, Kemiringan (roll) : -7.17
2026-05-21 10:18:01,.02, Kemiringan (roll) : -7.17
2026-05-21 10:18:01,.02, Kemiringan (roll) : -7.17
2026-05-21 10:18:01,.02, Kemiringan (roll) : -7.17
2026-05-21 10:18:01,.02, Kemiringan (roll) : -7.17
2026-05-21 10:18:01,.02, Kemiringan (roll) : -7.17
2026-05-21 10:18:01,.02, Kemiringan (roll) : -7.17
2026-05-21 10:18:01,.02, Kemiringan (roll) : -7.17
2026-05-21 10:18:01,.02, Kemiringan (roll) : -7.17
2026-05-21 10:18:01,.02, Kemiringan (roll) : -7.17
2026-05-21 10:18:01,.02, Kemiringan (roll) : -7.17
2026-05-21 10:18:01,.02, Kemiringan (roll) : -7.17
2026-05-21 10:18:01,.02, Kemiringan (roll) : -7.17
2026-05-21 10:18:01,.02, Kemiringan (roll) : -7.17
2026-05-21 10:18:01,.02, Kemiringan (roll) : -7.17
2026-05-21 10:18:01,.02, Kemiringan (roll) : -7.17
2026-05-21 10:18:01,.02, Kemiringan (roll) : -7.17
2026-05-21 10:18:01,.02, Kemiringan (roll) : -7.17
2026-05-21 10:18:01,.02, Kemiringan (roll) : -7.17
2026-05-21 10:18:01,.02, Kemiringan (roll) : -7.17
2026-05-21 10:18:01,.02, Kemiringan (roll) : -7.17
2026-05-21 10:18:01,.02, Kemiringan (roll) : -7.17
2026-05-21 10:18:01,.02, Kemiringan (roll) : -7.17
2026-05-21 10:18:01,.02, Kemiringan (roll) : -7.17
2026-05-21 10:18:01,.02, Kemiringan (roll) : -7.17
2026-05-21 10:18:01,.02, Kemiringan (roll) : -7.17
2026-05-21 10:18:01,.02, Kemiringan (roll) : -7.17
2026-05-21 10:18:01,.02, Kemiringan (roll) : -7.17
2026-05-21 10:18:01,.02, Kemiringan (roll) : -7.17
2026-05-21 10:18:01,.02, Kemiringan (roll) : -7.17
2026-05-21 10:18:01,.02, Kemiringan (roll) : -7.17
2026-05-21 10:18:01,.02, Kemiringan (roll) : -7.17
2026-05-21 10:18:01,.02, Kemiringan (roll) : -7.17
2026-05-21 10:18:01,.02, Kemiringan (roll) : -7.17
2026-05-21 10:18:01,.02, Kemiringan (roll) : -7.17
2026-05-21 10:18:01,.02, Kemiringan (roll) : -7.17
2026-05-21 10:18:01,.02, Kemiringan (roll) : -7.17
2026-05-21 10:18:01,.02, Kemiringan (roll) : -7.17
2026-05-21 10:18:01,.02, Kemiringan (roll) : -7.17
2026-05-21 10:18:01,.02, Kemiringan (roll) : -7.17
2026-05-21 10:18:01,.02, Kemiringan (roll) : -7.17
2026-05-21 10:18:01,.02, Kemiringan (roll) : -7.17
2026-05-21 10:18:01,.02, Kemiringan (roll) : -7.17
2026-05-21 10:18:01,.02, Kemiringan (roll) : -7.17
2026-05-21 10:18:01,.02, Kemiringan (roll) : -7.17
2026-05-21 10:18:01,.02, Kemiringan (roll) : -7.17
2026-05-21 10:18:01,.02, Kemiringan (roll) : -7.17
2026-05-21 10:18:01,.02, Kemiringan (roll) : -7.17
2026-05-21 10:18:01,.02, Kemiringan (roll) : -7.17
2026-05-21 10:18:01,.02, Kemiringan (roll) : -7.17
2026-05-21 10:18:01,.02, Kemiringan (roll) : -7.17
2026-05-21 10:18:01,.02, Kemiringan (roll) : -7.17
2026-05-21 10:18:01,.02, Kemiringan (roll) : -7.17
2026-05-21 10:18:01,.02, Kemiringan (roll) : -7.17
2026-05-21 10:18:01,.02, Kemiringan (roll) : -7.17
2026-05-21 10:18:01,.02, Kemiringan (roll) : -7.17
2026-05-21 10:18:01,.02, Kemiringan (roll) : -7.17
2026-05-21 10:18:01,.02, Kemiringan (roll) : -7.17
2026-05-21 10:18:01,.02, Kemiringan (roll) : -7.17
2026-05-21 10:18:01,.02, Kemiringan (roll) : -7.17
2026-05-21 10:18:01,.02, Kemiringan (roll) : -7.17
2026-05-21 10:18:01,.02, Kemiringan (roll) : -7.17
2026-05-21 10:18:01,.02, Kemiringan (roll) : -7.17
2026-05-21 10:18:01,.02, Kemiringan (roll) : -7.17
2026-05-21 10:18:01,.02, Kemiringan (roll) : -7.17
2026-05-21 10:18:01,.02, Kemiringan (roll) : -7.17
2026-05-21 10:18:01,.02, Kemiringan (roll) : -7.17
2026-05-21 10:18:01,.02, Kemiringan (roll) : -7.17
2026-05-21 10:18:01,.02, Kemiringan (roll) : -7.17
2026-05-21 10:18:01,.02, Kemiringan (roll) : -7.17
2026-05-21 10:18:01,.02, Kemiringan (roll) : -7.17
2026-05-21 10:18:01,.02, Kemiringan (roll) : -7.17
2026-05-21 10:18:01,.02, Kemiringan (roll) : -7.17
2026-05-21 10:18:01,.02, Kemiringan (roll) : -7.17
2026-05-21 10:18:01,.02, Kemiringan (roll) : -7.17
2026-05-21 10:18:01,.02, Kemiringan (roll) : -7.17
2026-05-21 10:18:01,.02, Kemiringan (roll) : -7.17
2026-05-21 10:18:01,.02, Kemiringan (roll) : -7.17
2026-05-21 10:18:01,.02, Kemiringan (roll) : -7.17
2026-05-21 10:18:01,.02, Kemiringan (roll) : -7.17
2026-05-21 10:18:01,.02, Kemiringan (roll) : -7.17
2026-05-21 10:18:01,.02, Kemiringan (roll) : -7.17
2026-05-21 10:18:01,.02, Kemiringan (roll) : -7.17
2026-05-21 10:18:01,.02, Kemiringan (roll) : -7.17
2026-05-21 10:18:01,.02, Kemiringan (roll) : -7.17
2026-05-21 10:18:01,.02, Kemiringan (roll) : -7.17
2026-05-21 10:18:01,.02, Kemiringan (roll) : -7.17
2026-05-21 10:18:01,.02, Kemiringan (roll) : -7.17
2026-05-21 10:18:01,.02, Kemiringan (roll) : -7.17
2026-05-21 10:18:01,.02, Kemiringan (roll) : -7.17
2026-05-21 10:18:01,.02, Kemiringan (roll) : -7.17
2026-05-21 10:18:01,.02, Kemiringan (roll) : -7.17
2026-05-21 10:18:01,.02, Kemiringan (roll) : -7.17
2026-05-21 10:18:01,.02, Kemiringan (roll) : -7.17
2026-05-21 10:18:01,.02, Kemiringan (roll) : -7.17
2026-05-21 10:18:01,.02, Kemiringan (roll) : -7.17
2026-05-21 10:18:01,.02, Kemiringan (roll) : -7.17
2026-05-21 10:18:01,.02, Kemiringan (roll) : -7.17
2026-05-21 10:18:01,.02, Kemiringan (roll) : -7.17
2026-05-21 10:18:01,.02, Kemiringan (roll) : -7.17
2026-05-21 10:18:01,.02, Kemiringan (roll) : -7.17
2026-05-21 10:18:01,.02, Kemiringan (roll) : -7.17
2026-05-21 10:18:01,.02, Kemiringan (roll) : -7.17
2026-05-21 10:18:01,.02, Kemiringan (roll) : -7.17
2026-05-21 10:18:01,.02, Kemiringan (roll) : -7.17
2026-05-21 10:18:01,.02, Kemiringan (roll) : -7.17
2026-05-21 10:18:01,.02, Kemiringan (roll) : -7.17
2026-05-21 10:18:01,.02, Kemiringan (roll) : -7.17
2026-05-21 10:18:01,.02, Kemiringan (roll) : -7.17
2026-05-21 10:18:01,.02, Kemiringan (roll) : -7.17
2026-05-21 10:18:01,.02, Kemiringan (roll) : -7.17
2026-05-21 10:18:01,.02, Kemiringan (roll) : -7.17
2026-05-21 10:18:01,.02, Kemiringan (roll) : -7.17
2026-05-21 10:18:01,.02, Kemiringan (roll) : -7.17
2026-05-21 10:18:01,.02, Kemiringan (roll) : -7.17
2026-05-21 10:18:01,.02, Kemiringan (roll) : -7.17
2026-05-21 10:18:01,.02, Kemiringan (roll) : -7.17
2026-05-21 10:18:01,.02, Kemiringan (roll) : -7.17
2026-05-21 10:18:01,.02, Kemiringan (roll) : -7.17
2026-05-21 10:18:01,.02, Kemiringan (roll) : -7.17
2026-05-21 10:18:01,.02, Kemiringan (roll) : -7.17
2026-05-21 10:18:01,.02, Kemiringan (roll) : -7.17
2026-05-21 10:18:01,.02, Kemiringan (roll) : -7.17
2026-05-21 10:18:01,.02, Kemiringan (roll) : -7.17
2026-05-21 10:18:01,.02, Kemiringan (roll) : -7.17
2026-05-21 10:18:01,.02, Kemiringan (roll) : -7.17
2026-05-21 10:18:01,.02, Kemiringan (roll) : -7.17
2026-05-21 10:18:01,.02, Kemiringan (roll) : -7.17
2026-05-21 10:18:01,.02, Kemiringan (roll) : -7.17
2026-05-21 10:18:01,.02, Kemiringan (roll) : -7.17
2026-05-21 10:18:01,.02, Kemiringan (roll) : -7.17
2026-05-21 10:18:01,.02, Kemiringan (roll) : -7.17
2026-05-21 10:18:01,.02, Kemiringan (roll) : -7.17
2026-05-21 10:18:01,.02, Kemiringan (roll) : -7.17
2026-05-21 10:18:01,.02, Kemiringan (roll) : -7.17
2026-05-21 10:18:01,.02, Kemiringan (roll) : -7.17
2026-05-21 10:18:01,.02, Kemiringan (roll) : -7.17
2026-05-21 10:18:01,.02, Kemiringan (roll) : -7.17
2026-05-21 10:18:01,.02, Kemiringan (roll) : -7.17
2026-05-21 10:18:01,.02, Kemiringan (roll) : -7.17
2026-05-21 10:18:01,.02, Kemiringan (roll) : -7.17
2026-05-21 10:18:01,.02, Kemiringan (roll) : -7.17
2026-05-21 10:18:01,.02, Kemiringan (roll) : -7.17
2026-05-21 10:18:01,.02, Kemiringan (roll) : -7.17
2026-05-21 10:18:01,.02, Kemiringan (roll) : -7.17
2026-05-21 10:18:01,.02, Kemiringan (roll) : -7.17
2026-05-21 10:18:01,.02, Kemiringan (roll) : -7.17
2026-05-21 10:18:01,.02, Kemiringan (roll) : -7.17
2026-05-21 10:18:01,.02, Kemiringan (roll) : -7.17
2026-05-21 10:18:01,.02, Kemiringan (roll) : -7.17
2026-05-21 10:18:01,.02, Kemiringan (roll) : -7.17
2026-05-21 10:18:01,.02, Kemiringan (roll) : -7.17
2026-05-21 10:18:01,.02, Kemiringan (roll) : -7.17
2026-05-21 10:18:01,.02, Kemiringan (roll) : -7.17
2026-05-21 10:18:01,.02, Kemiringan (roll) : -7.17
2026-05-21 10:18:01,.02, Kemiringan (roll) : -7.17
2026-05-21 10:18:01,.02, Kemiringan (roll) : -7.17
2026-05-21 10:18:01,.02, Kemiringan (roll) : -7.17
2026-05-21 10:18:01,.02, Kemiringan (roll) : -7.17
2026-05-21 10:18:01,.02, Kemiringan (roll) : -7.17
2026-05-21 10:18:01,.02, Kemiringan (roll) : -7.17
2026-05-21 10:18:01,.02, Kemiringan (roll) : -7.17
2026-05-21 10:18:01,.02, Kemiringan (roll) : -7.17
2026-05-21 10:18:01,.02, Kemiringan (roll) : -7.17
2026-05-21 10:18:01,.02, Kemiringan (roll) : -7.17
2026-05-21 10:18:01,.02, Kemiringan (roll) : -7.17
2026-05-21 10:18:01,.02, Kemiringan (roll) : -7.17
2026-05-21 10:18:01,.02, Kemiringan (roll) : -7.17
2026-05-21 10:18:01,.02, Kemiringan (roll) : -7.17
2026-05-21 10:18:01,.02, Kemiringan (roll) : -7.17
2026-05-21 10:18:01,.02, Kemiringan (roll) : -7.17
2026-05-21 10:18:01,.02, Kemiringan (roll) : -7.17
2026-05-21 10:18:01,.02, Kemiringan (roll) : -7.17
2026-05-21 10:18:01,.02, Kemiringan (roll) : -7.17
2026-05-21 10:18:01,.02, Kemiringan (roll) : -7.17
2026-05-21 10:18:01,.02, Kemiringan (roll) : -7.17
2026-05-21 10:18:01,.02, Kemiringan (roll) : -7.17
2026-05-21 10:18:01,.02, Kemiringan (roll) : -7.17
2026-05-21 10:18:01,.02, Kemiringan (roll) : -7.17
2026-05-21 10:18:01,.02, Kemiringan (roll) : -7.17
2026-05-21 10:18:01,.02, Kemiringan (roll) : -7.17
2026-05-21 10:18:01,.02, Kemiringan (roll) : -7.17
2026-05-21 10:18:01,.02, Kemiringan (roll) : -7.17
2026-05-21 10:18:01,.02, Kemiringan (roll) : -7.17
2026-05-21 10:18:01,.02, Kemiringan (roll) : -7.17
2026-05-21 10:18:01,.02, Kemiringan (roll) : -7.17
2026-05-21 10:18:01,.02, Kemiringan (roll) : -7.17
2026-05-21 10:18:01,.02, Kemiringan (roll) : -7.17
2026-05-21 10:18:01,.02, Kemiringan (roll) : -7.17
2026-05-21 10:18:01,.02, Kemiringan (roll) : -7.17
2026-05-21 10:18:01,.02, Kemiringan (roll) : -7.17
2026-05-21 10:18:01,.02, Kemiringan (roll) : -7.17
2026-05-21 10:18:01,.02, Kemiringan (roll) : -7.17
2026-05-21 10:18:01,.02, Kemiringan (roll) : -7.17
2026-05-21 10:18:01,.02, Kemiringan (roll) : -7.17
2026-05-21 10:18:01,.02, Kemiringan (roll) : -7.17
2026-05-21 10:18:01,.02, Kemiringan (roll) : -7.17
2026-05-21 10:18:01,.02, Kemiringan (roll) : -7.17
2026-05-21 10:18:01,.02, Kemiringan (roll) : -7.17
2026-05-21 10:18:01,.02, Kemiringan (roll) : -7.17
2026-05-21 10:18:01,.02, Kemiringan (roll) : -7.17
2026-05-21 10:18:01,.02, Kemiringan (roll) : -7.17
2026-05-21 10:18:01,.02, Kemiringan (roll) : -7.17
2026-05-21 10:18:01,.02, Kemiringan (roll) : -7.17
2026-05-21 10:18:01,.02, Kemiringan (roll) : -7.17
2026-05-21 10:18:01,.02, Kemiringan (roll) : -7.17
2026-05-21 10:18:01,.02, Kemiringan (roll) : -7.17
2026-05-21 10:18:01,.02, Kemiringan (roll) : -7.17
2026-05-21 10:18:01,.02, Kemiringan (roll) : -7.17
2026-05-21 10:18:01,.02, Kemiringan (roll) : -7.17
2026-05-21 10:18:01,.02, Kemiringan (roll) : -7.17
2026-05-21 10:18:01,.02, Kemiringan (roll) : -7.17
2026-05-21 10:18:01,.02, Kemiringan (roll) : -7.17
2026-05-21 10:18:01,.02, Kemiringan (roll) : -7.17
2026-05-21 10:18:01,.02, Kemiringan (roll) : -7.17
2026-05-21 10:18:01,.02, Kemiringan (roll) : -7.17
2026-05-21 10:18:01,.02, Kemiringan (roll) : -7.17
2026-05-21 10:18:01,.02, Kemiringan (roll) : -7.17
2026-05-21 10:18:01,.02, Kemiringan (roll) : -7.17
2026-05-21 10:18:01,.02, Kemiringan (roll) : -7.17
2026-05-21 10:18:01,.02, Kemiringan (roll) : -7.17
2026-05-21 10:18:01,.02, Kemiringan (roll) : -7.17
2026-05-21 10:18:01,.02, Kemiringan (roll) : -7.17
2026-05-21 10:18:01,.02, Kemiringan (roll) : -7.17
2026-05-21 10:18:01,.02, Kemiringan (roll) : -7.17
2026-05-21 10:18:01,.02, Kemiringan (roll) : -7.17
2026-05-21 10:18:01,.02, Kemiringan (roll) : -7.17
2026-05-21 10:18:01,.02, Kemiringan (roll) : -7.17
2026-05-21 10:18:01,.02, Kemiringan (roll) : -7.17
2026-05-21 10:18:01,.02, Kemiringan (roll) : -7.17
2026-05-21 10:18:01,.02, Kemiringan (roll) : -7.17
2026-05-21 10:18:01,.02, Kemiringan (roll) : -7.17
2026-05-21 10:18:01,.02, Kemiringan (roll) : -7.17
2026-05-21 10:18:01,.02, Kemiringan (roll) : -7.17
2026-05-21 10:18:01,.02, Kemiringan (roll) : -7.17
2026-05-21 10:18:01,.02, Kemiringan (roll) : -7.17
2026-05-21 10:18:01,.02, Kemiringan (roll) : -7.17
2026-05-21 10:18:01,.02, Kemiringan (roll) : -7.17
2026-05-21 10:18:01,.02, Kemiringan (roll) : -7.17
2026-05-21 10:18:01,.02, Kemiringan (roll) : -7.17
2026-05-21 10:18:01,.02, Kemiringan (roll) : -7.17
2026-05-21 10:18:01,.02, Kemiringan (roll) : -7.17
2026-05-21 10:18:01,.02, Kemiringan (roll) : -7.17
2026-05-21 10:18:01,.02, Kemiringan (roll) : -7.17
2026-05-21 10:18:01,.02, Kemiringan (roll) : -7.17
2026-05-21 10:18:01,.02, Kemiringan (roll) : -7.17
2026-05-21 10:18:01,.02, Kemiringan (roll) : -7.17
2026-05-21 10:18:01,.02, Kemiringan (roll) : -7.17
2026-05-21 10:18:01,.02, Kemiringan (roll) : -7.17
2026-05-21 10:18:01,.02, Kemiringan (roll) : -7.17
2026-05-21 10:18:01,.02, Kemiringan (roll) : -7.17
2026-05-21 10:18:01,.02, Kemiringan (roll) : -7.17
2026-05-21 10:18:01,.02, Kemiringan (roll) : -7.17
2026-05-21 10:18:01,.02, Kemiringan (roll) : -7.17
2026-05-21 10:18:01,.02, Kemiringan (roll) : -7.17
2026-05-21 10:18:01,.02, Kemiringan (roll) : -7.17
2026-05-21 10:18:01,.02, Kemiringan (roll) : -7.17
2026-05-21 10:18:01,.02, Kemiringan (roll) : -7.17
2026-05-21 10:18:01,.02, Kemiringan (roll) : -7.17
2026-05-21 10:18:01,.02, Kemiringan (roll) : -7.17
2026-05-21 10:18:01,.02, Kemiringan (roll) : -7.17
2026-05-21 10:18:01,.02, Kemiringan (roll) : -7.17
2026-05-21 10:18:01,.02, Kemiringan (roll) : -7.17
2026-05-21 10:18:01,.02, Kemiringan (roll) : -7.17
2026-05-21 10:18:01,.02, Kemiringan (roll) : -7.17
2026-05-21 10:18:01,.02, Kemiringan (roll) : -7.17
2026-05-21 10:18:01,.02, Kemiringan (roll) : -7.17
2026-05-21 10:18:01,.02, Kemiringan (roll) : -7.17
2026-05-21 10:18:01,.02, Kemiringan (roll) : -7.17
2026-05-21 10:18:01,.02, Kemiringan (roll) : -7.17
2026-05-21 10:18:01,.02, Kemiringan (roll) : -7.17
2026-05-21 10:18:01,.02, Kemiringan (roll) : -7.17
2026-05-21 10:18:01,.02, Kemiringan (roll) : -7.17
2026-05-21 10:18:01,.02, Kemiringan (roll) : -7.17
2026-05-21 10:18:01,.02, Kemiringan (roll) : -7.17
2026-05-21 10:18:01,.02, Kemiringan (roll) : -7.17
2026-05-21 10:18:01,.02, Kemiringan (roll) : -7.17
2026-05-21 10:18:01,.02, Kemiringan (roll) : -7.17
2026-05-21 10:18:01,.02, Kemiringan (roll) : -7.17
2026-05-21 10:18:01,.02, Kemiringan (roll) : -7.17
2026-05-21 10:18:01,.02, Kemiringan (roll) : -7.17
2026-05-21 10:18:01,.02, Kemiringan (roll) : -7.17
2026-05-21 10:18:01,.02, Kemiringan (roll) : -7.17
2026-05-21 10:18:01,.02, Kemiringan (roll) : -7.17
2026-05-21 10:18:01,.02, Kemiringan (roll) : -7.17
2026-05-21 10:18:01,.02, Kemiringan (roll) : -7.17
2026-05-21 10:18:01,.02, Kemiringan (roll) : -7.17
2026-05-21 10:18:01,.02, Kemiringan (roll) : -7.17
2026-05-21 10:18:01,.02, Kemiringan (roll) : -7.17
2026-05-21 10:18:01,.02, Kemiringan (roll) : -7.17
2026-05-21 10:18:01,.02, Kemiringan (roll) : -7.17
2026-05-21 10:18:01,.02, Kemiringan (roll) : -7.17
2026-05-21 10:18:01,.02, Kemiringan (roll) : -7.17
2026-05-21 10:18:01,.02, Kemiringan (roll) : -7.17
2026-05-21 10:18:01,.02, Kemiringan (roll) : -7.17
2026-05-21 10:18:01,.02, Kemiringan (roll) : -7.17
2026-05-21 10:18:01,.02, Kemiringan (roll) : -7.17
2026-05-21 10:18:01,.02, Kemiringan (roll) : -7.17
2026-05-21 10:18:01,.02, Kemiringan (roll) : -7.17
2026-05-21 10:18:01,.02, Kemiringan (roll) : -7.17
2026-05-21 10:18:01,.02, Kemiringan (roll) : -7.17
2026-05-21 10:18:01,.02, Kemiringan (roll) : -7.17
2026-05-21 10:18:01,.02, Kemiringan (roll) : -7.17
2026-05-21 10:18:01,.02, Kemiringan (roll) : -7.17
2026-05-21 10:18:01,.02, Kemiringan (roll) : -7.17
2026-05-21 10:18:01,.02, Kemiringan (roll) : -7.17
2026-05-21 10:18:01,.02, Kemiringan (roll) : -7.17
2026-05-21 10:18:01,.02, Kemiringan (roll) : -7.17
2026-05-21 10:18:01,.02, Kemiringan (roll) : -7.17
2026-05-21 10:18:01,.02, Kemiringan (roll) : -7.17
2026-05-21 10:18:01,.02, Kemiringan (roll) : -7.17
2026-05-21 10:18:01,.02, Kemiringan (roll) : -7.17
2026-05-21 10:18:01,.02, Kemiringan (roll) : -7.17
2026-05-21 10:18:01,.02, Kemiringan (roll) : -7.17
2026-05-21 10:18:01,.02, Kemiringan (roll) : -7.17
2026-05-21 10:18:01,.02, Kemiringan (roll) : -7.17
2026-05-21 10:18:01,.02, Kemiringan (roll) : -7.17
2026-05-21 10:18:01,.02, Kemiringan (roll) : -7.17
2026-05-21 10:18:01,.02, Kemiringan (roll) : -7.17
2026-05-21 10:18:01,.02, Kemiringan (roll) : -7.17
2026-05-21 10:18:01,.02, Kemiringan (roll) : -7.17
2026-05-21 10:18:01,.02, Kemiringan (roll) : -7.17
2026-05-21 10:18:01,.02, Kemiringan (roll) : -7.17
2026-05-21 10:18:01,.02, Kemiringan (roll) : -7.17
2026-05-21 10:18:01,.02, Kemiringan (roll) : -7.17
2026-05-21 10:18:01,.02, Kemiringan (roll) : -7.17
2026-05-21 10:18:01,.02, Kemiringan (roll) : -7.17
2026-05-21 10:18:01,.02, Kemiringan (roll) : -7.17
2026-05-21 10:18:01,.02, Kemiringan (roll) : -7.17
2026-05-21 10:18:01,.02, Kemiringan (roll) : -7.17
2026-05-21 10:18:01,.02, Kemiringan (roll) : -7.17
2026-05-21 10:18:01,.02, Kemiringan (roll) : -7.17
2026-05-21 10:18:01,.02, Kemiringan (roll) : -7.17
2026-05-21 10:18:01,.02, Kemiringan (roll) : -7.17
2026-05-21 10:18:01,.02, Kemiringan (roll) : -7.17
2026-05-21 10:18:01,.02, Kemiringan (roll) : -7.17
2026-05-21 10:18:01,.02, Kemiringan (roll) : -7.17
2026-05-21 10:18:01,.02, Kemiringan (roll) : -7.17
2026-05-21 10:18:01,.02, Kemiringan (roll) : -7.17
2026-05-21 10:18:01,.02, Kemiringan (roll) : -7.17
2026-05-21 10:18:01,.02, Kemiringan (roll) : -7.17
2026-05-21 10:18:01,.02, Kemiringan (roll) : -7.17
2026-05-21 10:18:01,.02, Kemiringan (roll) : -7.17
2026-05-21 10:18:01,.02, Kemiringan (roll) : -7.17
2026-05-21 10:18:01,.02, Kemiringan (roll) : -7.17
2026-05-21 10:18:01,.02, Kemiringan (roll) : -7.17
2026-05-21 10:18:01,.02, Kemiringan (roll) : -7.17
2026-05-21 10:18:01,.02, Kemiringan (roll) : -7.17
2026-05-21 10:18:01,.02, Kemiringan (roll) : -7.17
2026-05-21 10:18:01,.02, Kemiringan (roll) : -7.17
2026-05-21 10:18:01,.02, Kemiringan (roll) : -7.17
2026-05-21 10:18:01,.02, Kemiringan (roll) : -7.17
2026-05-21 10:18:01,.02, Kemiringan (roll) : -7.17
2026-05-21 10:18:01,.02, Kemiringan (roll) : -7.17
2026-05-21 10:18:01,.02, Kemiringan (roll) : -7.17
2026-05-21 10:18:01,.02, Kemiringan (roll) : -7.17
2026-05-21 10:18:01,.02, Kemiringan (roll) : -7.17
2026-05-21 10:18:01,.02, Kemiringan (roll) : -7.17
2026-05-21 10:18:01,.02, Kemiringan (roll) : -7.17
2026-05-21 10:18:01,.02, Kemiringan (roll) : -7.17
2026-05-21 10:18:01,.02, Kemiringan (roll) : -7.17
2026-05-21 10:18:01,.02, Kemiringan (roll) : -7.17
2026-05-21 10:18:01,.02, Kemiringan (roll) : -7.17
2026-05-21 10:18:01,.02, Kemiringan (roll) : -7.17
2026-05-21 10:18:01,.02, Kemiringan (roll) : -7.17
2026-05-21 10:18:01,.02, Kemiringan (roll) : -7.17
2026-05-21 10:18:01,.02, Kemiringan (roll) : -7.17
2026-05-21 10:18:01,.02, Kemiringan (roll) : -7.17
2026-05-21 10:18:01,.02, Kemiringan (roll) : -7.17
2026-05-21 10:18:01,.02, Kemiringan (roll) : -7.17
2026-05-21 10:18:01,.02, Kemiringan (roll) : -7.17
2026-05-21 10:18:01,.02, Kemiringan (roll) : -7.17
2026-05-21 10:18:01,.02, Kemiringan (roll) : -7.17
2026-05-21 10:18:01,.02, Kemiringan (roll) : -7.17
2026-05-21 10:18:01,.02, Kemiringan (roll) : -7.17
2026-05-21 10:18:01,.02, Kemiringan (roll) : -7.17
2026-05-21 10:18:01,.02, Kemiringan (roll) : -7.17
2026-05-21 10:18:01,.02, Kemiringan (roll) : -7.17
2026-05-21 10:18:01,.02, Kemiringan (roll) : -7.17
2026-05-21 10:18:01,.02, Kemiringan (roll) : -7.17
2026-05-21 10:18:01,.02, Kemiringan (roll) : -7.17
2026-05-21 10:18:01,.02, Kemiringan (roll) : -7.17
2026-05-21 10:18:01,.02, Kemiringan (roll) : -7.17
2026-05-21 10:18:01,.02, Kemiringan (roll) : -7.17
2026-05-21 10:18:01,.02, Kemiringan (roll) : -7.17
2026-05-21 10:18:01,.02, Kemiringan (roll) : -7.17
2026-05-21 10:18:01,.02, Kemiringan (roll) : -7.17
2026-05-21 10:18:01,.02, Kemiringan (roll) : -7.17
2026-05-21 10:18:01,.02, Kemiringan (roll) : -7.17
2026-05-21 10:18:01,.02, Kemiringan (roll) : -7.17
2026-05-21 10:18:01,.02, Kemiringan (roll) : -7.17
2026-05-21 10:18:01,.02, Kemiringan (roll) : -7.17
2026-05-21 10:18:01,.02, Kemiringan (roll) : -7.17
2026-05-21 10:18:01,.02, Kemiringan (roll) : -7.17
2026-05-21 10:18:01,.02, Kemiringan (roll) : -7.17
2026-05-21 10:18:01,.02, Kemiringan (roll) : -7.17
2026-05-21 10:18:01,.02, Kemiringan (roll) : -7.17
2026-05-21 10:18:01,.02, Kemiringan (roll) : -7.17
2026-05-21 10:18:01,.02, Kemiringan (roll) : -7.17
2026-05-21 10:18:01,.02, Kemiringan (roll) : -7.17
2026-05-21 10:18:01,.02, Kemiringan (roll) : -7.17
2026-05-21 10:18:01,.02, Kemiringan (roll) : -7.17
2026-05-21 10:18:01,.02, Kemiringan (roll) : -7.17
2026-05-21 10:18:01,.02, Kemiringan (roll) : -7.17
2026-05-21 10:18:01,.02, Kemiringan (roll) : -7.17
2026-05-21 10:18:01,.02, Kemiringan (roll) : -7.17
2026-05-21 10:18:01,.02, Kemiringan (roll) : -7.17
2026-05-21 10:18:01,.02, Kemiringan (roll) : -7.17
2026-05-21 10:18:01,.02, Kemiringan (roll) : -7.17
2026-05-21 10:18:01,.02, Kemiringan (roll) : -7.17
2026-05-21 10:18:01,.02, Kemiringan (roll) : -7.17
2026-05-21 10:18:01,.02, Kemiringan (roll) : -7.17
2026-05-21 10:18:01,.02, Kemiringan (roll) : -7.17
2026-05-21 10:18:01,.02, Kemiringan (roll) : -7.17
2026-05-21 10:18:01,.02, Kemiringan (roll) : -7.17
2026-05-21 10:18:01,.02, Kemiringan (roll) : -7.17
2026-05-21 10:18:01,.02, Kemiringan (roll) : -7.17
2026-05-21 10:18:01,.02, Kemiringan (roll) : -7.17
2026-05-21 10:18:01,.02, Kemiringan (roll) : -7.17
2026-05-21 10:18:01,.02, Kemiringan (roll) : -7.17
2026-05-21 10:18:01,.02, Kemiringan (roll) : -7.17
2026-05-21 10:18:01,.02, Kemiringan (roll) : -7.17
2026-05-21 10:18:01,.02, Kemiringan (roll) : -7.17
2026-05-21 10:18:01,.02, Kemiringan (roll) : -7.17
2026-05-21 10:18:01,.02, Kemiringan (roll) : -7.17
2026-05-21 10:18:01,.02, Kemiringan (roll) : -7.17
2026-05-21 10:18:01,.02, Kemiringan (roll) : -7.17
2026-05-21 10:18:01,.02, Kemiringan (roll) : -7.17
2026-05-21 10:18:01,.02, Kemiringan (roll) : -7.17
2026-05-21 10:18:01,.02, Kemiringan (roll) : -7.17
2026-05-21 10:18:01,.02, Kemiringan (roll) : -7.17
2026-05-21 10:18:01,.02, Kemiringan (roll) : -7.17
2026-05-21 10:18:01,.02, Kemiringan (roll) : -7.17
2026-05-21 10:18:01,.02, Kemiringan (roll) : -7.17
2026-05-21 10:18:01,.02, Kemiringan (roll) : -7.17
2026-05-21 10:18:01,.02, Kemiringan (roll) : -7.17
2026-05-21 10:18:01,.02, Kemiringan (roll) : -7.17
2026-05-21 10:18:01,.02, Kemiringan (roll) : -7.17
2026-05-21 10:18:01,.02, Kemiringan (roll) : -7.17
2026-05-21 10:18:01,.02, Kemiringan (roll) : -7.17
2026-05-21 10:18:01,.02, Kemiringan (roll) : -7.17
2026-05-21 10:18:01,.02, Kemiringan (roll) : -7.17
2026-05-21 10:18:01,.02, Kemiringan (roll) : -7.17
2026-05-21 10:18:01,.02, Kemiringan (roll) : -7.17
2026-05-21 10:18:01,.02, Kemiringan (roll) : -7.17
2026-05-21 10:18:01,.02, Kemiringan (roll) : -7.17
2026-05-21 10:18:01,.02, Kemiringan (roll) : -7.17
2026-05-21 10:18:01,.02, Kemiringan (roll) : -7.17
2026-05-21 10:18:01,.02, Kemiringan (roll) : -7.17
2026-05-21 10:18:01,.02, Kemiringan (roll) : -7.17
2026-05-21 10:18:01,.02, Kemiringan (roll) : -7.17
2026-05-21 10:18:01,.02, Kemiringan (roll) : -7.17
2026-05-21 10:18:01,.02, Kemiringan (roll) : -7.17
2026-05-21 10:18:01,.02, Kemiringan (roll) : -7.17
2026-05-21 10:18:01,.02, Kemiringan (roll) : -7.17
2026-05-21 10:18:01,.02, Kemiringan (roll) : -7.17
2026-05-21 10:18:01,.02, Kemiringan (roll) : -7.17
2026-05-21 10:18:01,.02, Kemiringan (roll) : -7.17
2026-05-21 10:18:01,.02, Kemiringan (roll) : -7.17
2026-05-21 10:18:01,.02, Kemiringan (roll) : -7.17
2026-05-21 10:18:01,.02, Kemiringan (roll) : -7.17
2026-05-21 10:18:01,.02, Kemiringan (roll) : -7.17
2026-05-21 10:18:01,.02, Kemiringan (roll) : -7.17
2026-05-21 10:18:01,.02, Kemiringan (roll) : -7.17
2026-05-21 10:18:01,.02, Kemiringan (roll) : -7.17
2026-05-21 10:18:01,.02, Kemiringan (roll) : -7.17
2026-05-21 10:18:01,.02, Kemiringan (roll) : -7.17
2026-05-21 10:18:01,.02, Kemiringan (roll) : -7.17
2026-05-21 10:18:01,.02, Kemiringan (roll) : -7.17
2026-05-21 10:18:01,.02, Kemiringan (roll) : -7.17
2026-05-21 10:18:01,.02, Kemiringan (roll) : -7.17
2026-05-21 10:18:01,.02, Kemiringan (roll) : -7.17
2026-05-21 10:18:01,.02, Kemiringan (roll) : -7.17
2026-05-21 10:18:01,.02, Kemiringan (roll) : -7.17
2026-05-21 10:18:01,.02, Kemiringan (roll) : -7.17
2026-05-21 10:18:01,.02, Kemiringan (roll) : -7.17
2026-05-21 10:18:01,.02, Kemiringan (roll) : -7.17
2026-05-21 10:18:01,.02, Kemiringan (roll) : -7.17
2026-05-21 10:18:01,.02, Kemiringan (roll) : -7.17
2026-05-21 10:18:01,.02, Kemiringan (roll) : -7.17
2026-05-21 10:18:01,.02, Kemiringan (roll) : -7.17
2026-05-21 10:18:01,.02, Kemiringan (roll) : -7.17
2026-05-21 10:18:01,.02, Kemiringan (roll) : -7.17
2026-05-21 10:18:01,.02, Kemiringan (roll) : -7.17
2026-05-21 10:18:01,.02, Kemiringan (roll) : -7.17
2026-05-21 10:18:01,.02, Kemiringan (roll) : -7.17
2026-05-21 10:18:01,.02, Kemiringan (roll) : -7.17
2026-05-21 10:18:01,.02, Kemiringan (roll) : -7.17
2026-05-21 10:18:01,.02, Kemiringan (roll) : -7.17
2026-05-21 10:18:01,.02, Kemiringan (roll) : -7.17
2026-05-21 10:18:01,.02, Kemiringan (roll) : -7.17
2026-05-21 10:18:01,.02, Kemiringan (roll) : -7.17
2026-05-21 10:18:01,.02, Kemiringan (roll) : -7.17
2026-05-21 10:18:01,.02, Kemiringan (roll) : -7.17
2026-05-21 10:18:01,.02, Kemiringan (roll) : -7.17
2026-05-21 10:18:01,.02, Kemiringan (roll) : -7.17
2026-05-21 10:18:01,.02, Kemiringan (roll) : -7.17
2026-05-21 10:18:01,.02, Kemiringan (roll) : -7.17
2026-05-21 10:18:01,.02, Kemiringan (roll) : -7.17
2026-05-21 10:18:01,.02, Kemiringan (roll) : -7.17
2026-05-21 10:18:01,.02, Kemiringan (roll) : -7.17
2026-05-21 10:18:01,.02, Kemiringan (roll) : -7.17
2026-05-21 10:18:01,.02, Kemiringan (roll) : -7.17
2026-05-21 10:18:01,.02, Kemiringan (roll) : -7.17
2026-05-21 10:18:01,.02, Kemiringan (roll) : -7.17
2026-05-21 10:18:01,.02, Kemiringan (roll) : -7.17
2026-05-21 10:18:01,.02, Kemiringan (roll) : -7.17
2026-05-21 10:18:01,.02, Kemiringan (roll) : -7.17
2026-05-21 10:18:01,.02, Kemiringan (roll) : -7.17
2026-05-21 10:18:01,.02, Kemiringan (roll) : -7.17
2026-05-21 10:18:01,.02, Kemiringan (roll) : -7.17
2026-05-21 10:18:01,.02, Kemiringan (roll) : -7.17
2026-05-21 10:18:01,.02, Kemiringan (roll) : -7.17
2026-05-21 10:18:01,.02, Kemiringan (roll) : -7.17
2026-05-21 10:18:01,.02, Kemiringan (roll) : -7.17
2026-05-21 10:18:01,.02, Kemiringan (roll) : -7.17
2026-05-21 10:18:01,.02, Kemiringan (roll) : -7.17
2026-05-21 10:18:01,.02, Kemiringan (roll) : -7.17
2026-05-21 10:18:01,.02, Kemiringan (roll) : -7.17
2026-05-21 10:18:01,.02, Kemiringan (roll) : -7.17
2026-05-21 10:18:01,.02, Kemiringan (roll) : -7.17
2026-05-21 10:18:01,.02, Kemiringan (roll) : -7.17
2026-05-21 10:18:01,.02, Kemiringan (roll) : -7.17
2026-05-21 10:18:01,.02, Kemiringan (roll) : -7.17
2026-05-21 10:18:01,.02, Kemiringan (roll) : -7.17
2026-05-21 10:18:01,.02, Kemiringan (roll) : -7.17
2026-05-21 10:18:01,.02, Kemiringan (roll) : -7.17
2026-05-21 10:18:01,.02, Kemiringan (roll) : -7.17
2026-05-21 10:18:01,.02, Kemiringan (roll) : -7.17
2026-05-21 10:18:01,.02, Kemiringan (roll) : -7.17
2026-05-21 10:18:01,.02, Kemiringan (roll) : -7.17
2026-05-21 10:18:01,.02, Kemiringan (roll) : -7.17
2026-05-21 10:18:01,.02, Kemiringan (roll) : -7.17
2026-05-21 10:18:01,.02, Kemiringan (roll) : -7.17
2026-05-21 10:18:01,.02, Kemiringan (roll) : -7.17
2026-05-21 10:18:01,.02, Kemiringan (roll) : -7.17
2026-05-21 10:18:01,.02, Kemiringan (roll) : -7.17
2026-05-21 10:18:01,.02, Kemiringan (roll) : -7.17
2026-05-21 10:18:01,.02, Kemiringan (roll) : -7.17
2026-05-21 10:18:01,.02, Kemiringan (roll) : -7.17
2026-05-21 10:18:01,.02, Kemiringan (roll) : -7.17
2026-05-21 10:18:01,.02, Kemiringan (roll) : -7.17
2026-05-21 10:18:01,.02, Kemiringan (roll) : -7.17
2026-05-21 10:18:01,.02, Kemiringan (roll) : -7.17
2026-05-21 10:18:01,.02, Kemiringan (roll) : -7.17
2026-05-21 10:18:01,.02, Kemiringan (roll) : -7.17
2026-05-21 10:18:01,.02, Kemiringan (roll) : -7.17
2026-05-21 10:18:01,.02, Kemiringan (roll) : -7.17
2026-05-21 10:18:01,.02, Kemiringan (roll) : -7.17
2026-05-21 10:18:01,.02, Kemiringan (roll) : -7.17
2026-05-21 10:18:01,.02, Kemiringan (roll) : -7.17
2026-05-21 10:18:01,.02, Kemiringan (roll) : -7.17
2026-05-21 10:18:01,.02, Kemiringan (roll) : -7.17
2026-05-21 10:18:01,.02, Kemiringan (roll) : -7.17
2026-05-21 10:18:01,.02, Kemiringan (roll) : -7.17
2026-05-21 10:18:01,.02, Kemiringan (roll) : -7.17
2026-05-21 10:18:01,.02, Kemiringan (roll) : -7.17
2026-05-21 10:18:01,.02, Kemiringan (roll) : -7.17
2026-05-21 10:18:01,.02, Kemiringan (roll) : -7.17
2026-05-21 10:18:01,.02, Kemiringan (roll) : -7.17
2026-05-21 10:18:01,.02, Kemiringan (roll) : -7.17
2026-05-21 10:18:01,.02, Kemiringan (roll) : -7.17
2026-05-21 10:18:01,.02, Kemiringan (roll) : -7.17
2026-05-21 10:18:01,.02, Kemiringan (roll) : -7.17
2026-05-21 10:18:01,.02, Kemiringan (roll) : -7.17
2026-05-21 10:18:01,.02, Kemiringan (roll) : -7.17
2026-05-21 10:18:01,.02, Kemiringan (roll) : -7.17
2026-05-21 10:18:01,.02, Kemiringan (roll) : -7.17
2026-05-21 10:18:01,.02, Kemiringan (roll) : -7.17
2026-05-21 10:18:01,.02, Kemiringan (roll) : -7.17
2026-05-21 10:18:01,.02, Kemiringan (roll) : -7.17
2026-05-21 10:18:01,.02, Kemiringan (roll) : -7.17
2026-05-21 10:18:01,.02, Kemiringan (roll) : -7.17
2026-05-21 10:18:01,.02, Kemiringan (roll) : -7.17
2026-05-21 10:18:01,.02, Kemiringan (roll) : -7.17
2026-05-21 10:18:01,.02, Kemiringan (roll) : -7.17
2026-05-21 10:18:01,.02, Kemiringan (roll) : -7.17
2026-05-21 10:18:01,.02, Kemiringan (roll) : -7.17
2026-05-21 10:18:01,.02, Kemiringan (roll) : -7.17
2026-05-21 10:18:01,.02, Kemiringan (roll) : -7.17
2026-05-21 10:18:01,.02, Kemiringan (roll) : -7.17
2026-05-21 10:18:01,.02, Kemiringan (roll) : -7.17
2026-05-21 10:18:01,.02, Kemiringan (roll) : -7.17
2026-05-21 10:18:01,.02, Kemiringan (roll) : -7.17
2026-05-21 10:18:01,.02, Kemiringan (roll) : -7.17
2026-05-21 10:18:01,.02, Kemiringan (roll) : -7.17
2026-05-21 10:18:01,.02, Kemiringan (roll) : -7.17
2026-05-21 10:18:01,.02, Kemiringan (roll) : -7.17
2026-05-21 10:18:01,.02, Kemiringan (roll) : -7.17
2026-05-21 10:18:01,.02, Kemiringan (roll) : -7.17
2026-05-21 10:18:01,.02, Kemiringan (roll) : -7.17
2026-05-21 10:18:01,.02, Kemiringan (roll) : -7.17
2026-05-21 10:18:01,.02, Kemiringan (roll) : -7.17
2026-05-21 10:18:01,.02, Kemiringan (roll) : -7.17
2026-05-21 10:18:01,.02, Kemiringan (roll) : -7.17
2026-05-21 10:18:01,.02, Kemiringan (roll) : -7.17
2026-05-21 10:18:01,.02, Kemiringan (roll) : -7.17
2026-05-21 10:18:01,.02, Kemiringan (roll) : -7.17
2026-05-21 10:18:01,.02, Kemiringan (roll) : -7.17
2026-05-21 10:18:01,.02, Kemiringan (roll) : -7.17
2026-05-21 10:18:01,.02, Kemiringan (roll) : -7.17
2026-05-21 10:18:01,.02, Kemiringan (roll) : -7.17
2026-05-21 10:18:01,.02, Kemiringan (roll) : -7.17
2026-05-21 10:18:01,.02, Kemiringan (roll) : -7.17
2026-05-21 10:18:01,.02, Kemiringan (roll) : -7.17
2026-05-21 10:18:01,.02, Kemiringan (roll) : -7.17
2026-05-21 10:18:01,.02, Kemiringan (roll) : -7.17
2026-05-21 10:18:01,.02, Kemiringan (roll) : -7.17
2026-05-21 10:18:01,.02, Kemiringan (roll) : -7.17
2026-05-21 10:18:01,.02, Kemiringan (roll) : -7.17
2026-05-21 10:18:01,.02, Kemiringan (roll) : -7.17
2026-05-21 10:18:01,.02, Kemiringan (roll) : -7.17
2026-05-21 10:18:01,.02, Kemiringan (roll) : -7.17
2026-05-21 10:18:01,.02, Kemiringan (roll) : -7.17
2026-05-21 10:18:01,.02, Kemiringan (roll) : -7.17
2026-05-21 10:18:01,.02, Kemiringan (roll) : -7.17
2026-05-21 10:18:01,.02, Kemiringan (roll) : -7.17
2026-05-21 10:18:01,.02, Kemiringan (roll) : -7.17
2026-05-21 10:18:01,.02, Kemiringan (roll) : -7.17
2026-05-21 10:18:01,.02, Kemiringan (roll) : -7.17
2026-05-21 10:18:01,.02, Kemiringan (roll) : -7.17
2026-05-21 10:18:01,.02, Kemiringan (roll) : -7.17
2026-05-21 10:18:01,.02, Kemiringan (roll) : -7.17
2026-05-21 10:18:01,.02, Kemiringan (roll) : -7.17
2026-05-21 10:18:01,.02, Kemiringan (roll) : -7.17
2026-05-21 10:18:01,.02, Kemiringan (roll) : -7.17
2026-05-21 10:18:01,.02, Kemiringan (roll) : -7.17
2026-05-21 10:18:01,.02, Kemiringan (roll) : -7.17
2026-05-21 10:18:01,.02, Kemiringan (roll) : -7.17
2026-05-21 10:18:01,.02, Kemiringan (roll) : -7.17
2026-05-21 10:18:01,.02, Kemiringan (roll) : -7.17
2026-05-21 10:18:01,.02, Kemiringan (roll) : -7.17
2026-05-21 10:18:01,.02, Kemiringan (roll) : -7.17
2026-05-21 10:18:01,.02, Kemiringan (roll) : -7.17
2026-05-21 10:18:01,.02, Kemiringan (roll) : -7.17
2026-05-21 10:18:01,.02, Kemiringan (roll) : -7.17
2026-05-21 10:18:01,.02, Kemiringan (roll) : -7.17
2026-05-21 10:18:01,.02, Kemiringan (roll) : -7.17
2026-05-21 10:18:01,.02, Kemiringan (roll) : -7.17
2026-05-21 10:18:01,.02, Kemiringan (roll) : -7.17
2026-05-21 10:18:01,.02, Kemiringan (roll) : -7.17
2026-05-21 10:18:01,.02, Kemiringan (roll) : -7.17
2026-05-21 10:18:01,.02, Kemiringan (roll) : -7.17
2026-05-21 10:18:01,.02, Kemiringan (roll) : -7.17
2026-05-21 10:18:01,.02, Kemiringan (roll) : -7.17
2026-05-21 10:18:01,.02, Kemiringan (roll) : -7.17
2026-05-21 10:18:01,.02, Kemiringan (roll) : -7.17
2026-05-21 10:18:01,.02, Kemiringan (roll) : -7.17
2026-05-21 10:18:01,.02, Kemiringan (roll) : -7.17
2026-05-21 10:18:01,.02, Kemiringan (roll) : -7.17
2026-05-21 10:18:01,.02, Kemiringan (roll) : -7.17
2026-05-21 10:18:01,.02, Kemiringan (roll) : -7.17
2026-05-21 10:18:01,.02, Kemiringan (roll) : -7.17
2026-05-21 10:18:01,.02, Kemiringan (roll) : -7.17
2026-05-21 10:18:01,.02, Kemiringan (roll) : -7.17
2026-05-21 10:18:01,.02, Kemiringan (roll) : -7.17
2026-05-21 10:18:01,.02, Kemiringan (roll) : -7.17
2026-05-21 10:18:01,.02, Kemiringan (roll) : -7.17
2026-05-21 10:18:01,.02, Kemiringan (roll) : -7.17
2026-05-21 10:18:01,.02, Kemiringan (roll) : -7.17
2026-05-21 10:18:01,.02, Kemiringan (roll) : -7.17
2026-05-21 10:18:01,.02, Kemiringan (roll) : -7.17
2026-05-21 10:18:01,.02, Kemiringan (roll) : -7.17
2026-05-21 10:18:01,.02, Kemiringan (roll) : -7.17
2026-05-21 10:18:01,.02, Kemiringan (roll) : -7.17
2026-05-21 10:18:01,.02, Kemiringan (roll) : -7.17
2026-05-21 10:18:01,.02, Kemiringan (roll) : -7.17
2026-05-21 10:18:01,.02, Kemiringan (roll) : -7.17
2026-05-21 10:18:01,.02, Kemiringan (roll) : -7.17
2026-05-21 10:18:01,.02, Kemiringan (roll) : -7.17
2026-05-21 10:18:01,.02, Kemiringan (roll) : -7.17
2026-05-21 10:18:01,.02, Kemiringan (roll) : -7.17
2026-05-21 10:18:01,.02, Kemiringan (roll) : -7.17
2026-05-21 10:18:01,.02, Kemiringan (roll) : -7.17
2026-05-21 10:18:01,.02, Kemiringan (roll) : -7.17
2026-05-21 10:18:01,.02, Kemiringan (roll) : -7.17
2026-05-21 10:18:01,.02, Kemiringan (roll) : -7.17
2026-05-21 10:18:01,.02, Kemiringan (roll) : -7.17
2026-05-21 10:18:01,.02, Kemiringan (roll) : -7.17
2026-05-21 10:18:01,.02, Kemiringan (roll) : -7.17
2026-05-21 10:18:01,.02, Kemiringan (roll) : -7.17
2026-05-21 10:18:01,.02, Kemiringan (roll) : -7.17
2026-05-21 10:18:01,.02, Kemiringan (roll) : -7.17
2026-05-21 10:18:01,.02, Kemiringan (roll) : -7.17
2026-05-21 10:18:01,.02, Kemiringan (roll) : -7.17
2026-05-21 10:18:01,.02, Kemiringan (roll) : -7.17
2026-05-21 10:18:01,.02, Kemiringan (roll) : -7.17
2026-05-21 10:18:01,.02, Kemiringan (roll) : -7.17
2026-05-21 10:18:01,.02, Kemiringan (roll) : -7.17
2026-05-21 10:18:01,.02, Kemiringan (roll) : -7.17
2026-05-21 10:18:01,.02, Kemiringan (roll) : -7.17
2026-05-21 10:18:01,.02, Kemiringan (roll) : -7.17
2026-05-21 10:18:01,.02, Kemiringan (roll) : -7.17
2026-05-21 10:18:01,.02, Kemiringan (roll) : -7.17
2026-05-21 10:18:01,.02, Kemiringan (roll) : -7.17
2026-05-21 10:18:01,.02, Kemiringan (roll) : -7.17
2026-05-21 10:18:01,.02, Kemiringan (roll) : -7.17
2026-05-21 10:18:01,.02, Kemiringan (roll) : -7.17
2026-05-21 10:18:01,.02, Kemiringan (roll) : -7.17
2026-05-21 10:18:01,.02, Kemiringan (roll) : -7.17
2026-05-21 10:18:01,.02, Kemiringan (roll) : -7.17
2026-05-21 10:18:01,.02, Kemiringan (roll) : -7.17
2026-05-21 10:18:01,.02, Kemiringan (roll) : -7.17
2026-05-21 10:18:01,.02, Kemiringan (roll) : -7.17
2026-05-21 10:18:01,.02, Kemiringan (roll) : -7.17
2026-05-21 10:18:01,.02, Kemiringan (roll) : -7.17
2026-05-21 10:18:01,.02, Kemiringan (roll) : -7.17
2026-05-21 10:18:01,.02, Kemiringan (roll) : -7.17
2026-05-21 10:18:01,.02, Kemiringan (roll) : -7.17
2026-05-21 10:18:01,.02, Kemiringan (roll) : -7.17
2026-05-21 10:18:01,.02, Kemiringan (roll) : -7.17
2026-05-21 10:18:01,.02, Kemiringan (roll) : -7.17
2026-05-21 10:18:01,.02, Kemiringan (roll) : -7.17
2026-05-21 10:18:01,.02, Kemiringan (roll) : -7.17
2026-05-21 10:18:01,.02, Kemiringan (roll) : -7.17
2026-05-21 10:18:01,.02, Kemiringan (roll) : -7.17
2026-05-21 10:18:01,.02, Kemiringan (roll) : -7.17
2026-05-21 10:18:01,.02, Kemiringan (roll) : -7.17
2026-05-21 10:18:01,.02, Kemiringan (roll) : -7.17
2026-05-21 10:18:01,.02, Kemiringan (roll) : -7.17
2026-05-21 10:18:01,.02, Kemiringan (roll) : -7.17
2026-05-21 10:18:01,.02, Kemiringan (roll) : -7.17
2026-05-21 10:18:01,.02, Kemiringan (roll) : -7.17
2026-05-21 10:18:01,.02, Kemiringan (roll) : -7.17
2026-05-21 10:18:01,.02, Kemiringan (roll) : -7.17
2026-05-21 10:18:01,.02, Kemiringan (roll) : -7.17
2026-05-21 10:18:01,.02, Kemiringan (roll) : -7.17
2026-05-21 10:18:01,.02, Kemiringan (roll) : -7.17
2026-05-21 10:18:01,.02, Kemiringan (roll) : -7.17
2026-05-21 10:18:01,.02, Kemiringan (roll) : -7.17
2026-05-21 10:18:01,.02, Kemiringan (roll) : -7.17
2026-05-21 10:18:01,.02, Kemiringan (roll) : -7.17
2026-05-21 10:18:01,.02, Kemiringan (roll) : -7.17
2026-05-21 10:18:01,.02, Kemiringan (roll) : -7.17
2026-05-21 10:18:01,.02, Kemiringan (roll) : -7.17
2026-05-21 10:18:01,.02, Kemiringan (roll) : -7.17
2026-05-21 10:18:01,.02, Kemiringan (roll) : -7.17
2026-05-21 10:18:01,.02, Kemiringan (roll) : -7.17
2026-05-21 10:18:01,.02, Kemiringan (roll) : -7.17
2026-05-21 10:18:01,.02, Kemiringan (roll) : -7.17
2026-05-21 10:18:01,.02, Kemiringan (roll) : -7.17
2026-05-21 10:18:01,.02, Kemiringan (roll) : -7.17
2026-05-21 10:18:01,.02, Kemiringan (roll) : -7.17
2026-05-21 10:18:01,.02, Kemiringan (roll) : -7.17
2026-05-21 10:18:01,.02, Kemiringan (roll) : -7.17
2026-05-21 10:18:01,.02, Kemiringan (roll) : -7.17
2026-05-21 10:18:01,.02, Kemiringan (roll) : -7.17
2026-05-21 10:18:01,.02, Kemiringan (roll) : -7.17
2026-05-21 10:18:01,.02, Kemiringan (roll) : -7.17
2026-05-21 10:18:01,.02, Kemiringan (roll) : -7.17
2026-05-21 10:18:01,.02, Kemiringan (roll) : -7.17
2026-05-21 10:18:01,.02, Kemiringan (roll) : -7.17
2026-05-21 10:18:01,.02, Kemiringan (roll) : -7.17
2026-05-21 10:18:01,.02, Kemiringan (roll) : -7.17
2026-05-21 10:18:01,.02, Kemiringan (roll) : -7.17
2026-05-21 10:18:01,.02, Kemiringan (roll) : -7.17
2026-05-21 10:18:01,.02, Kemiringan (roll) : -7.17
2026-05-21 10:18:01,.02, Kemiringan (roll) : -7.17
2026-05-21 10:18:01,.02, Kemiringan (roll) : -7.17
2026-05-21 10:18:01,.02, Kemiringan (roll) : -7.17
2026-05-21 10:18:01,.02, Kemiringan (roll) : -7.17
2026-05-21 10:18:01,.02, Kemiringan (roll) : -7.17
2026-05-21 10:18:01,.02, Kemiringan (roll) : -7.17
2026-05-21 10:18:01,.02, Kemiringan (roll) : -7.17
2026-05-21 10:18:01,.02, Kemiringan (roll) : -7.17
2026-05-21 10:18:01,.02, Kemiringan (roll) : -7.17
2026-05-21 10:18:01,.02, Kemiringan (roll) : -7.17
2026-05-21 10:18:01,.02, Kemiringan (roll) : -7.17
2026-05-21 10:18:01,.02, Kemiringan (roll) : -7.17
2026-05-21 10:18:01,.02, Kemiringan (roll) : -7.17
2026-05-21 10:18:01,.02, Kemiringan (roll) : -7.17
2026-05-21 10:18:01,.02, Kemiringan (roll) : -7.17
2026-05-21 10:18:01,.02, Kemiringan (roll) : -7.17
2026-05-21 10:18:01,.02, Kemiringan (roll) : -7.17
2026-05-21 10:18:01,.02, Kemiringan (roll) : -7.17
2026-05-21 10:18:01,.02, Kemiringan (roll) : -7.17
2026-05-21 10:18:01,.02, Kemiringan (roll) : -7.17
2026-05-21 10:18:01,.02, Kemiringan (roll) : -7.17
2026-05-21 10:18:01,.02, Kemiringan (roll) : -7.17
2026-05-21 10:18:01,.02, Kemiringan (roll) : -7.17
2026-05-21 10:18:01,.02, Kemiringan (roll) : -7.17
2026-05-21 10:18:01,.02, Kemiringan (roll) : -7.17
2026-05-21 10:18:01,.02, Kemiringan (roll) : -7.17
2026-05-21 10:18:01,.02, Kemiringan (roll) : -7.17
2026-05-21 10:18:01,.02, Kemiringan (roll) : -7.17
2026-05-21 10:18:01,.02, Kemiringan (roll) : -7.17
2026-05-21 10:18:01,.02, Kemiringan (roll) : -7.17
2026-05-21 10:18:01,.02, Kemiringan (roll) : -7.17
2026-05-21 10:18:01,.02, Kemiringan (roll) : -7.17
2026-05-21 10:18:01,.02, Kemiringan (roll) : -7.17
2026-05-21 10:18:01,.02, Kemiringan (roll) : -7.17
2026-05-21 10:18:01,.02, Kemiringan (roll) : -7.17
2026-05-21 10:18:01,.02, Kemiringan (roll) : -7.17
2026-05-21 10:18:01,.02, Kemiringan (roll) : -7.17
2026-05-21 10:18:01,.02, Kemiringan (roll) : -7.17
2026-05-21 10:18:01,.02, Kemiringan (roll) : -7.17
2026-05-21 10:18:01,.02, Kemiringan (roll) : -7.17
2026-05-21 10:18:01,.02, Kemiringan (roll) : -7.17
2026-05-21 10:18:01,.02, Kemiringan (roll) : -7.17
2026-05-21 10:18:01,.02, Kemiringan (roll) : -7.17
2026-05-21 10:18:01,.02, Kemiringan (roll) : -7.17
2026-05-21 10:18:01,.02, Kemiringan (roll) : -7.17
2026-05-21 10:18:01,.02, Kemiringan (roll) : -7.17
2026-05-21 10:18:01,.02, Kemiringan (roll) : -7.17
2026-05-21 10:18:01,.02, Kemiringan (roll) : -7.17
2026-05-21 10:18:01,.02, Kemiringan (roll) : -7.17
2026-05-21 10:18:01,.02, Kemiringan (roll) : -7.17
2026-05-21 10:18:01,.02, Kemiringan (roll) : -7.17
2026-05-21 10:18:01,.02, Kemiringan (roll) : -7.17
2026-05-21 10:18:01,.02, Kemiringan (roll) : -7.17
2026-05-21 10:18:01,.02, Kemiringan (roll) : -7.17
2026-05-21 10:18:01,.02, Kemiringan (roll) : -7.17
2026-05-21 10:18:01,.02, Kemiringan (roll) : -7.17
2026-05-21 10:18:01,.02, Kemiringan (roll) : -7.17
2026-05-21 10:18:01,.02, Kemiringan (roll) : -7.17
2026-05-21 10:18:01,.02, Kemiringan (roll) : -7.17
2026-05-21 10:18:01,.02, Kemiringan (roll) : -7.17
2026-05-21 10:18:01,.02, Kemiringan (roll) : -7.17
2026-05-21 10:18:01,.02, Kemiringan (roll) : -7.17
2026-05-21 10:18:01,.02, Kemiringan (roll) : -7.17
2026-05-21 10:18:01,.02, Kemiringan (roll) : -7.17
2026-05-21 10:18:01,.02, Kemiringan (roll) : -7.17
2026-05-21 10:18:01,.02, Kemiringan (roll) : -7.17
2026-05-21 10:18:01,.02, Kemiringan (roll) : -7.17
2026-05-21 10:18:01,.02, Kemiringan (roll) : -7.17
2026-05-21 10:18:01,.02, Kemiringan (roll) : -7.17
2026-05-21 10:18:01,.02, Kemiringan (roll) : -7.17
2026-05-21 10:18:01,.02, Kemiringan (roll) : -7.17
2026-05-21 10:18:01,.02, Kemiringan (roll) : -7.17
2026-05-21 10:18:01,.02, Kemiringan (roll) : -7.17
2026-05-21 10:18:01,.02, Kemiringan (roll) : -7.17
2026-05-21 10:18:01,.02, Kemiringan (roll) : -7.17
2026-05-21 10:18:01,.02, Kemiringan (roll) : -7.17
2026-05-21 10:18:01,.02, Kemiringan (roll) : -7.17
2026-05-21 10:18:01,.02, Kemiringan (roll) : -7.17
2026-05-21 10:18:01,.02, Kemiringan (roll) : -7.17
2026-05-21 10:18:01,.02, Kemiringan (roll) : -7.17
2026-05-21 10:18:01,.02, Kemiringan (roll) : -7.17
2026-05-21 10:18:01,.02, Kemiringan (roll) : -7.17
2026-05-21 10:18:01,.02, Kemiringan (roll) : -7.17
2026-05-21 10:18:01,.02, Kemiringan (roll) : -7.17
2026-05-21 10:18:01,.02, Kemiringan (roll) : -7.17
2026-05-21 10:18:01,.02, Kemiringan (roll) : -7.17
2026-05-21 10:18:01,.02, Kemiringan (roll) : -7.17
2026-05-21 10:18:01,.02, Kemiringan (roll) : -7.17
2026-05-21 10:18:01,.02, Kemiringan (roll) : -7.17
2026-05-21 10:18:01,.02, Kemiringan (roll) : -7.17
2026-05-21 10:18:01,.02, Kemiringan (roll) : -7.17
2026-05-21 10:18:01,.02, Kemiringan (roll) : -7.17
2026-05-21 10:18:01,.02, Kemiringan (roll) : -7.17
2026-05-21 10:18:01,.02, Kemiringan (roll) : -7.17
2026-05-21 10:18:01,.02, Kemiringan (roll) : -7.17
2026-05-21 10:18:01,.02, Kemiringan (roll) : -7.17
2026-05-21 10:18:01,.02, Kemiringan (roll) : -7.17
2026-05-21 10:18:01,.02, Kemiringan (roll) : -7.17
2026-05-21 10:18:01,.02, Kemiringan (roll) : -7.17
2026-05-21 10:18:01,.02, Kemiringan (roll) : -7.17
2026-05-21 10:18:01,.02, Kemiringan (roll) : -7.17
2026-05-21 10:18:01,.02, Kemiringan (roll) : -7.17
2026-05-21 10:18:01,.02, Kemiringan (roll) : -7.17
2026-05-21 10:18:01,.02, Kemiringan (roll) : -7.17
2026-05-21 10:18:01,.02, Kemiringan (roll) : -7.17
2026-05-21 10:18:01,.02, Kemiringan (roll) : -7.17
2026-05-21 10:18:01,.02, Kemiringan (roll) : -7.17
2026-05-21 10:18:01,.02, Kemiringan (roll) : -7.17
2026-05-21 10:18:01,.02, Kemiringan (roll) : -7.17
2026-05-21 10:18:01,.02, Kemiringan (roll) : -7.17
2026-05-21 10:18:01,.02, Kemiringan (roll) : -7.17
2026-05-21 10:18:01,.02, Kemiringan (roll) : -7.17
2026-05-21 10:18:01,.02, Kemiringan (roll) : -7.17
2026-05-21 10:18:01,.02, Kemiringan (roll) : -7.17
2026-05-21 10:18:01,.02, Kemiringan (roll) : -7.17
2026-05-21 10:18:01,.02, Kemiringan (roll) : -7.17
2026-05-21 10:18:01,.02, Kemiringan (roll) : -7.17
2026-05-21 10:18:01,.02, Kemiringan (roll) : -7.17
2026-05-21 10:18:01,.02, Kemiringan (roll) : -7.17
2026-05-21 10:18:01,.02, Kemiringan (roll) : -7.17
2026-05-21 10:18:01,.02, Kemiringan (roll) : -7.17
2026-05-21 10:18:01,.02, Kemiringan (roll) : -7.17
2026-05-21 10:18:01,.02, Kemiringan (roll) : -7.17
2026-05-21 10:18:01,.02, Kemiringan (roll) : -7.17
2026-05-21 10:18:01,.02, Kemiringan (roll) : -7.17
2026-05-21 10:18:01,.02, Kemiringan (roll) : -7.17
2026-05-21 10:18:01,.02, Kemiringan (roll) : -7.17
2026-05-21 10:18:01,.02, Kemiringan (roll) : -7.17
2026-05-21 10:18:01,.02, Kemiringan (roll) : -7.17
2026-05-21 10:18:01,.02, Kemiringan (roll) : -7.17
2026-05-21 10:18:01,.02, Kemiringan (roll) : -7.17
2026-05-21 10:18:01,.02, Kemiringan (roll) : -7.17
2026-05-21 10:18:01,.02, Kemiringan (roll) : -7.17
2026-05-21 10:18:01,.02, Kemiringan (roll) : -7.17
2026-05-21 10:18:01,.02, Kemiringan (roll) : -7.17
2026-05-21 10:18:01,.02, Kemiringan (roll) : -7.17
2026-05-21 10:18:01,.02, Kemiringan (roll) : -7.17
2026-05-21 10:18:01,.02, Kemiringan (roll) : -7.17
2026-05-21 10:18:01,.02, Kemiringan (roll) : -7.17
2026-05-21 10:18:01,.02, Kemiringan (roll) : -7.17
2026-05-21 10:18:01,.02, Kemiringan (roll) : -7.17
2026-05-21 10:18:01,.02, Kemiringan (roll) : -7.17
2026-05-21 10:18:01,.02, Kemiringan (roll) : -7.17
2026-05-21 10:18:01,.02, Kemiringan (roll) : -7.17
2026-05-21 10:18:01,.02, Kemiringan (roll) : -7.17
2026-05-21 10:18:01,.02, Kemiringan (roll) : -7.17
2026-05-21 10:18:01,.02, Kemiringan (roll) : -7.17
2026-05-21 10:18:01,.02, Kemiringan (roll) : -7.17
2026-05-21 10:18:01,.02, Kemiringan (roll) : -7.17
2026-05-21 10:18:01,.02, Kemiringan (roll) : -7.17
2026-05-21 10:18:01,.02, Kemiringan (roll) : -7.17
2026-05-21 10:18:01,.02, Kemiringan (roll) : -7.17
2026-05-21 10:18:01,.02, Kemiringan (roll) : -7.17
2026-05-21 10:18:01,.02, Kemiringan (roll) : -7.17
2026-05-21 10:18:01,.02, Kemiringan (roll) : -7.17
2026-05-21 10:18:01,.02, Kemiringan (roll) : -7.17
2026-05-21 10:18:01,.02, Kemiringan (roll) : -7.17
2026-05-21 10:18:01,.02, Kemiringan (roll) : -7.17
2026-05-21 10:18:01,.02, Kemiringan (roll) : -7.17
2026-05-21 10:18:01,.02, Kemiringan (roll) : -7.17
2026-05-21 10:18:01,.02, Kemiringan (roll) : -7.17
2026-05-21 10:18:01,.02, Kemiringan (roll) : -7.17
2026-05-21 10:18:01,.02, Kemiringan (roll) : -7.17
2026-05-21 10:18:01,.02, Kemiringan (roll) : -7.17
2026-05-21 10:18:01,.02, Kemiringan (roll) : -7.17
2026-05-21 10:18:01,.02, Kemiringan (roll) : -7.17
2026-05-21 10:18:01,.02, Kemiringan (roll) : -7.17
2026-05-21 10:18:01,.02, Kemiringan (roll) : -7.17
2026-05-21 10:18:01,.02, Kemiringan (roll) : -7.17
2026-05-21 10:18:01,.02, Kemiringan (roll) : -7.17
2026-05-21 10:18:01,.02, Kemiringan (roll) : -7.17
2026-05-21 10:18:01,.02, Kemiringan (roll) : -7.17
2026-05-21 10:18:01,.02, Kemiringan (roll) : -7.17
2026-05-21 10:18:01,.02, Kemiringan (roll) : -7.17
2026-05-21 10:18:01,.02, Kemiringan (roll) : -7.17
2026-05-21 10:18:01,.02, Kemiringan (roll) : -7.17
2026-05-21 10:18:01,.02, Kemiringan (roll) : -7.17
2026-05-21 10:18:01,.02, Kemiringan (roll) : -7.17
2026-05-21 10:18:01,.02, Kemiringan (roll) : -7.17
2026-05-21 10:18:01,.02, Kemiringan (roll) : -7.17
2026-05-21 10:18:01,.02, Kemiringan (roll) : -7.17
2026-05-21 10:18:01,.02, Kemiringan (roll) : -7.17
2026-05-21 10:18:01,.02, Kemiringan (roll) : -7.17
2026-05-21 10:18:01,.02, Kemiringan (roll) : -7.17
2026-05-21 10:18:01,.02, Kemiringan (roll) : -7.17
2026-05-21 10:18:01,.02, Kemiringan (roll) : -7.17
2026-05-21 10:18:01,.02, Kemiringan (roll) : -7.17
2026-05-21 10:18:01,.02, Kemiringan (roll) : -7.17
2026-05-21 10:18:01,.02, Kemiringan (roll) : -7.17
2026-05-21 10:18:01,.02, Kemiringan (roll) : -7.17
2026-05-21 10:18:01,.02, Kemiringan (roll) : -7.17
2026-05-21 10:18:01,.02, Kemiringan (roll) : -7.17
2026-05-21 10:18:01,.02, Kemiringan (roll) : -7.17
2026-05-21 10:18:01,.02, Kemiringan (roll) : -7.17
2026-05-21 10:18:01,.02, Kemiringan (roll) : -7.17
2026-05-21 10:18:01,.02, Kemiringan (roll) : -7.17
2026-05-21 10:18:01,.02, Kemiringan (roll) : -7.17
2026-05-21 10:18:01,.02, Kemiringan (roll) : -7.17
2026-05-21 10:18:01,.02, Kemiringan (roll) : -7.17
2026-05-21 10:18:01,.02, Kemiringan (roll) : -7.17
2026-05-21 10:18:01,.02, Kemiringan (roll) : -7.17
2026-05-21 10:18:01,.02, Kemiringan (roll) : -7.17
2026-05-21 10:18:01,.02, Kemiringan (roll) : -7.17
2026-05-21 10:18:01,.02, Kemiringan (roll) : -7.17
2026-05-21 10:18:01,.02, Kemiringan (roll) : -7.17
2026-05-21 10:18:01,.02, Kemiringan (roll) : -7.17
2026-05-21 10:18:01,.02, Kemiringan (roll) : -7.17
2026-05-21 10:18:01,.02, Kemiringan (roll) : -7.17
2026-05-21 10:18:01,.02, Kemiringan (roll) : -7.17
2026-05-21 10:18:01,.02, Kemiringan (roll) : -7.17
2026-05-21 10:18:01,.02, Kemiringan (roll) : -7.17
2026-05-21 10:18:01,.02, Kemiringan (roll) : -7.17
2026-05-21 10:18:01,.02, Kemiringan (roll) : -7.17
2026-05-21 10:18:01,.02, Kemiringan (roll) : -7.17
2026-05-21 10:18:01,.02, Kemiringan (roll) : -7.17
2026-05-21 10:18:01,.02, Kemiringan (roll) : -7.17
2026-05-21 10:18:01,.02, Kemiringan (roll) : -7.17
2026-05-21 10:18:01,.02, Kemiringan (roll) : -7.17
2026-05-21 10:18:01,.02, Kemiringan (roll) : -7.17
2026-05-21 10:18:01,.02, Kemiringan (roll) : -7.17
2026-05-21 10:18:01,.02, Kemiringan (roll) : -7.17
2026-05-21 10:18:01,.02, Kemiringan (roll) : -7.17
2026-05-21 10:18:01,.02, Kemiringan (roll) : -7.17
2026-05-21 10:18:01,.02, Kemiringan (roll) : -7.17
2026-05-21 10:18:01,.02, Kemiringan (roll) : -7.17
2026-05-21 10:18:01,.02, Kemiringan (roll) : -7.17
2026-05-21 10:18:01,.02, Kemiringan (roll) : -7.17
2026-05-21 10:18:01,.02, Kemiringan (roll) : -7.17
2026-05-21 10:18:01,.02, Kemiringan (roll) : -7.17
2026-05-21 10:18:01,.02, Kemiringan (roll) : -7.17
2026-05-21 10:18:01,.02, Kemiringan (roll) : -7.17
2026-05-21 10:18:01,.02, Kemiringan (roll) : -7.17
2026-05-21 10:18:01,.02, Kemiringan (roll) : -7.17
2026-05-21 10:18:01,.02, Kemiringan (roll) : -7.17
2026-05-21 10:18:01,.02, Kemiringan (roll) : -7.17
2026-05-21 10:18:01,.02, Kemiringan (roll) : -7.17
2026-05-21 10:18:01,.02, Kemiringan (roll) : -7.17
2026-05-21 10:18:01,.02, Kemiringan (roll) : -7.17
2026-05-21 10:18:01,.02, Kemiringan (roll) : -7.17
2026-05-21 10:18:01,.02, Kemiringan (roll) : -7.17
2026-05-21 10:18:01,.02, Kemiringan (roll) : -7.17
2026-05-21 10:18:01,.02, Kemiringan (roll) : -7.17
2026-05-21 10:18:01,.02, Kemiringan (roll) : -7.17
2026-05-21 10:18:01,.02, Kemiringan (roll) : -7.17
2026-05-21 10:18:01,.02, Kemiringan (roll) : -7.17
2026-05-21 10:18:01,.02, Kemiringan (roll) : -7.17
2026-05-21 10:18:01,.02, Kemiringan (roll) : -7.17
2026-05-21 10:18:01,.02, Kemiringan (roll) : -7.17
2026-05-21 10:18:01,.02, Kemiringan (roll) : -7.17
2026-05-21 10:18:01,.02, Kemiringan (roll) : -7.17
2026-05-21 10:18:01,.02, Kemiringan (roll) : -7.17
2026-05-21 10:18:01,.02, Kemiringan (roll) : -7.17
2026-05-21 10:18:01,.02, Kemiringan (roll) : -7.17
2026-05-21 10:18:01,.02, Kemiringan (roll) : -7.17
2026-05-21 10:18:01,.02, Kemiringan (roll) : -7.17
2026-05-21 10:18:01,.02, Kemiringan (roll) : -7.17
2026-05-21 10:18:01,.02, Kemiringan (roll) : -7.17
2026-05-21 10:18:01,.02, Kemiringan (roll) : -7.17
2026-05-21 10:18:01,.02, Kemiringan (roll) : -7.17
2026-05-21 10:18:01,.02, Kemiringan (roll) : -7.17
2026-05-21 10:18:01,.02, Kemiringan (roll) : -7.17
2026-05-21 10:18:01,.02, Kemiringan (roll) : -7.17
2026-05-21 10:18:01,.02, Kemiringan (roll) : -7.17
2026-05-21 10:18:01,.02, Kemiringan (roll) : -7.17
2026-05-21 10:18:01,.02, Kemiringan (roll) : -7.17
2026-05-21 10:18:01,.02, Kemiringan (roll) : -7.17
2026-05-21 10:18:01,.02, Kemiringan (roll) : -7.17
2026-05-21 10:18:01,.02, Kemiringan (roll) : -7.17
2026-05-21 10:18:01,.02, Kemiringan (roll) : -7.17
2026-05-21 10:18:01,.02, Kemiringan (roll) : -7.17
2026-05-21 10:18:01,.02, Kemiringan (roll) : -7.17
2026-05-21 10:18:01,.02, Kemiringan (roll) : -7.17
2026-05-21 10:18:01,.02, Kemiringan (roll) : -7.17
2026-05-21 10:18:01,.02, Kemiringan (roll) : -7.17
2026-05-21 10:18:01,.02, Kemiringan (roll) : -7.17
2026-05-21 10:18:01,.02, Kemiringan (roll) : -7.17
2026-05-21 10:18:01,.02, Kemiringan (roll) : -7.17
2026-05-21 10:18:01,.02, Kemiringan (roll) : -7.17
2026-05-21 10:18:01,.02, Kemiringan (roll) : -7.17
2026-05-21 10:18:01,.02, Kemiringan (roll) : -7.17
2026-05-21 10:18:01,.02, Kemiringan (roll) : -7.17
2026-05-21 10:18:01,.02, Kemiringan (roll) : -7.17
2026-05-21 10:18:01,.02, Kemiringan (roll) : -7.17
2026-05-21 10:18:01,.02, Kemiringan (roll) : -7.17
2026-05-21 10:18:01,.02, Kemiringan (roll) : -7.17
2026-05-21 10:18:01,.02, Kemiringan (roll) : -7.17
2026-05-21 10:18:01,.02, Kemiringan (roll) : -7.17
2026-05-21 10:18:01,.02, Kemiringan (roll) : -7.17
2026-05-21 10:18:01,.02, Kemiringan (roll) : -7.17
2026-05-21 10:18:01,.02, Kemiringan (roll) : -7.17
2026-05-21 10:18:01,.02, Kemiringan (roll) : -7.17
2026-05-21 10:18:01,.02, Kemiringan (roll) : -7.17
2026-05-21 10:18:01,.02, Kemiringan (roll) : -7.17
2026-05-21 10:18:01,.02, Kemiringan (roll) : -7.17
2026-05-21 10:18:01,.02, Kemiringan (roll) : -7.17
2026-05-21 10:18:01,.02, Kemiringan (roll) : -7.17
2026-05-21 10:18:01,.02, Kemiringan (roll) : -7.17
2026-05-21 10:18:01,.02, Kemiringan (roll) : -7.17
2026-05-21 10:18:01,.02, Kemiringan (roll) : -7.17
2026-05-21 10:18:01,.02, Kemiringan (roll) : -7.17
2026-05-21 10:18:01,.02, Kemiringan (roll) : -7.17
2026-05-21 10:18:01,.02, Kemiringan (roll) : -7.17
2026-05-21 10:18:01,.02, Kemiringan (roll) : -7.17
2026-05-21 10:18:01,.02, Kemiringan (roll) : -7.17
2026-05-21 10:18:01,.02, Kemiringan (roll) : -7.17
2026-05-21 10:18:01,.02, Kemiringan (roll) : -7.17
2026-05-21 10:18:01,.02, Kemiringan (roll) : -7.17
2026-05-21 10:18:01,.02, Kemiringan (roll) : -7.17
2026-05-21 10:18:01,.02, Kemiringan (roll) : -7.17
2026-05-21 10:18:01,.02, Kemiringan (roll) : -7.17
2026-05-21 10:18:01,.02, Kemiringan (roll) : -7.17
2026-05-21 10:18:01,.02, Kemiringan (roll) : -7.17
2026-05-21 10:18:01,.02, Kemiringan (roll) : -7.17
2026-05-21 10:18:01,.02, Kemiringan (roll) : -7.17
2026-05-21 10:18:01,.02, Kemiringan (roll) : -7.17
2026-05-21 10:18:01,.02, Kemiringan (roll) : -7.17
2026-05-21 10:18:01,.02, Kemiringan (roll) : -7.17
2026-05-21 10:18:01,.02, Kemiringan (roll) : -7.17
2026-05-21 10:18:01,.02, Kemiringan (roll) : -7.17
2026-05-21 10:18:01,.02, Kemiringan (roll) : -7.17
2026-05-21 10:18:01,.02, Kemiringan (roll) : -7.17
2026-05-21 10:18:01,.02, Kemiringan (roll) : -7.17
2026-05-21 10:18:01,.02, Kemiringan (roll) : -7.17
2026-05-21 10:18:01,.02, Kemiringan (roll) : -7.17
2026-05-21 10:18:01,.02, Kemiringan (roll) : -7.17
2026-05-21 10:18:01,.02, Kemiringan (roll) : -7.17
2026-05-21 10:18:01,.02, Kemiringan (roll) : -7.17
2026-05-21 10:18:01,.02, Kemiringan (roll) : -7.17
2026-05-21 10:18:01,.02, Kemiringan (roll) : -7.17
2026-05-21 10:18:01,.02, Kemiringan (roll) : -7.17
2026-05-21 10:18:01,.02, Kemiringan (roll) : -7.17
2026-05-21 10:18:01,.02, Kemiringan (roll) : -7.17
2026-05-21 10:18:01,.02, Kemiringan (roll) : -7.17
2026-05-21 10:18:01,.02, Kemiringan (roll) : -7.17
2026-05-21 10:18:01,.02, Kemiringan (roll) : -7.17
2026-05-21 10:18:01,.02, Kemiringan (roll) : -7.17
2026-05-21 10:18:01,.02, Kemiringan (roll) : -7.17
2026-05-21 10:18:01,.02, Kemiringan (roll) : -7.17
2026-05-21 10:18:01,.02, Kemiringan (roll) : -7.17
2026-05-21 10:18:01,.02, Kemiringan (roll) : -7.17
2026-05-21 10:18:01,.02, Kemiringan (roll) : -7.17
2026-05-21 10:18:01,.02, Kemiringan (roll) : -7.17
2026-05-21 10:18:01,.02, Kemiringan (roll) : -7.17
2026-05-21 10:18:01,.02, Kemiringan (roll) : -7.17
2026-05-21 10:18:01,.02, Kemiringan (roll) : -7.17
2026-05-21 10:18:01,.02, Kemiringan (roll) : -7.17
2026-05-21 10:18:01,.02, Kemiringan (roll) : -7.17
2026-05-21 10:18:01,.02, Kemiringan (roll) : -7.17
2026-05-21 10:18:01,.02, Kemiringan (roll) : -7.17
2026-05-21 10:18:01,.02, Kemiringan (roll) : -7.17
2026-05-21 10:18:01,.02, Kemiringan (roll) : -7.17
2026-05-21 10:18:01,.02, Kemiringan (roll) : -7.17
2026-05-21 10:18:01,.02, Kemiringan (roll) : -7.17
2026-05-21 10:18:01,.02, Kemiringan (roll) : -7.17
2026-05-21 10:18:01,.02, Kemiringan (roll) : -7.17
2026-05-21 10:18:01,.02, Kemiringan (roll) : -7.17
2026-05-21 10:18:01,.02, Kemiringan (roll) : -7.17
2026-05-21 10:18:01,.02, Kemiringan (roll) : -7.17
2026-05-21 10:18:01,.02, Kemiringan (roll) : -7.17
2026-05-21 10:18:01,.02, Kemiringan (roll) : -7.17
2026-05-21 10:18:01,.02, Kemiringan (roll) : -7.17
2026-05-21 10:18:01,.02, Kemiringan (roll) : -7.17
2026-05-21 10:18:01,.02, Kemiringan (roll) : -7.17
2026-05-21 10:18:01,.02, Kemiringan (roll) : -7.17
2026-05-21 10:18:01,.02, Kemiringan (roll) : -7.17
2026-05-21 10:18:01,.02, Kemiringan (roll) : -7.17
2026-05-21 10:18:01,.02, Kemiringan (roll) : -7.17
2026-05-21 10:18:01,.02, Kemiringan (roll) : -7.17
2026-05-21 10:18:01,.02, Kemiringan (roll) : -7.17
2026-05-21 10:18:01,.02, Kemiringan (roll) : -7.17
2026-05-21 10:18:01,.02, Kemiringan (roll) : -7.17
2026-05-21 10:18:01,.02, Kemiringan (roll) : -7.17
2026-05-21 10:18:01,.02, Kemiringan (roll) : -7.17
2026-05-21 10:18:01,.02, Kemiringan (roll) : -7.17
2026-05-21 10:18:01,.02, Kemiringan (roll) : -7.17
2026-05-21 10:18:01,.02, Kemiringan (roll) : -7.17
2026-05-21 10:18:01,.02, Kemiringan (roll) : -7.17
2026-05-21 10:18:01,.02, Kemiringan (roll) : -7.17
2026-05-21 10:18:01,.02, Kemiringan (roll) : -7.17
2026-05-21 10:18:01,.02, Kemiringan (roll) : -7.17
2026-05-21 10:18:01,.02, Kemiringan (roll) : -7.17
2026-05-21 10:18:01,.02, Kemiringan (roll) : -7.17
2026-05-21 10:18:01,.02, Kemiringan (roll) : -7.17
2026-05-21 10:18:01,.02, Kemiringan (roll) : -7.17
2026-05-21 10:18:01,.02, Kemiringan (roll) : -7.17
2026-05-21 10:18:01,.02, Kemiringan (roll) : -7.17
2026-05-21 10:18:01,.02, Kemiringan (roll) : -7.17
2026-05-21 10:18:01,.02, Kemiringan (roll) : -7.17
2026-05-21 10:18:01,.02, Kemiringan (roll) : -7.17
2026-05-21 10:18:01,.02, Kemiringan (roll) : -7.17
2026-05-21 10:18:01,.02, Kemiringan (roll) : -7.17
2026-05-21 10:18:01,.02, Kemiringan (roll) : -7.17
2026-05-21 10:18:01,.02, Kemiringan (roll) : -7.17
2026-05-21 10:18:01,.02, Kemiringan (roll) : -7.17
2026-05-21 10:18:01,.02, Kemiringan (roll) : -7.17
2026-05-21 10:18:01,.02, Kemiringan (roll) : -7.17
2026-05-21 10:18:01,.02, Kemiringan (roll) : -7.17
2026-05-21 10:18:01,.02, Kemiringan (roll) : -7.17
2026-05-21 10:18:01,.02, Kemiringan (roll) : -7.17
2026-05-21 10:18:01,.02, Kemiringan (roll) : -7.17
2026-05-21 10:18:01,.02, Kemiringan (roll) : -7.17
2026-05-21 10:18:01,.02, Kemiringan (roll) : -7.17
2026-05-21 10:18:01,.02, Kemiringan (roll) : -7.17
2026-05-21 10:18:01,.02, Kemiringan (roll) : -7.17
2026-05-21 10:18:01,.02, Kemiringan (roll) : -7.17
2026-05-21 10:18:01,.02, Kemiringan (roll) : -7.17
2026-05-21 10:18:01,.02, Kemiringan (roll) : -7.17
2026-05-21 10:18:01,.02, Kemiringan (roll) : -7.17
2026-05-21 10:18:01,.02, Kemiringan (roll) : -7.17
2026-05-21 10:18:01,.02, Kemiringan (roll) : -7.17
2026-05-21 10:18:01,.02, Kemiringan (roll) : -7.17
2026-05-21 10:18:01,.02, Kemiringan (roll) : -7.17
2026-05-21 10:18:01,.02, Kemiringan (roll) : -7.17
2026-05-21 10:18:01,.02, Kemiringan (roll) : -7.17
2026-05-21 10:18:01,.02, Kemiringan (roll) : -7.17
2026-05-21 10:18:01,.02, Kemiringan (roll) : -7.17
2026-05-21 10:18:01,.02, Kemiringan (roll) : -7.17
2026-05-21 10:18:01,.02, Kemiringan (roll) : -7.17
2026-05-21 10:18:01,.02, Kemiringan (roll) : -7.17
2026-05-21 10:18:01,.02, Kemiringan (roll) : -7.17
2026-05-21 10:18:01,.02, Kemiringan (roll) : -7.17
2026-05-21 10:18:01,.02, Kemiringan (roll) : -7.17
2026-05-21 10:18:01,.02, Kemiringan (roll) : -7.17
2026-05-21 10:18:01,.02, Kemiringan (roll) : -7.17
2026-05-21 10:18:01,.02, Kemiringan (roll) : -7.17
2026-05-21 10:18:01,.02, Kemiringan (roll) : -7.17
2026-05-21 10:18:01,.02, Kemiringan (roll) : -7.17
2026-05-21 10:18:01,.02, Kemiringan (roll) : -7.17
2026-05-21 10:18:01,.02, Kemiringan (roll) : -7.17
2026-05-21 10:18:01,.02, Kemiringan (roll) : -7.17
2026-05-21 10:18:01,.02, Kemiringan (roll) : -7.17
2026-05-21 10:18:01,.02, Kemiringan (roll) : -7.17
2026-05-21 10:18:01,.02, Kemiringan (roll) : -7.17
2026-05-21 10:18:01,.02, Kemiringan (roll) : -7.17
2026-05-21 10:18:01,.02, Kemiringan (roll) : -7.17
2026-05-21 10:18:01,.02, Kemiringan (roll) : -7.17
2026-05-21 10:18:01,.02, Kemiringan (roll) : -7.17
2026-05-21 10:18:01,.02, Kemiringan (roll) : -7.17
2026-05-21 10:18:01,.02, Kemiringan (roll) : -7.17
2026-05-21 10:18:01,.02, Kemiringan (roll) : -7.17
2026-05-21 10:18:01,.02, Kemiringan (roll) : -7.17
2026-05-21 10:18:01,.02, Kemiringan (roll) : -7.17
2026-05-21 10:18:01,.02, Kemiringan (roll) : -7.17
2026-05-21 10:18:01,.02, Kemiringan (roll) : -7.17
2026-05-21 10:18:01,.02, Kemiringan (roll) : -7.17
2026-05-21 10:18:01,.02, Kemiringan (roll) : -7.17
2026-05-21 10:18:01,.02, Kemiringan (roll) : -7.17
2026-05-21 10:18:01,.02, Kemiringan (roll) : -7.17
2026-05-21 10:18:01,.02, Kemiringan (roll) : -7.17
2026-05-21 10:18:01,.02, Kemiringan (roll) : -7.17
2026-05-21 10:18:01,.02, Kemiringan (roll) : -7.17
2026-05-21 10:18:01,.02, Kemiringan (roll) : -7.17
2026-05-21 10:18:01,.02, Kemiringan (roll) : -7.17
2026-05-21 10:18:01,.02, Kemiringan (roll) : -7.17
2026-05-21 10:18:01,.02, Kemiringan (roll) : -7.17
2026-05-21 10:18:01,.02, Kemiringan (roll) : -7.17
2026-05-21 10:18:01,.02, Kemiringan (roll) : -7.17
2026-05-21 10:18:01,.02, Kemiringan (roll) : -7.17
2026-05-21 10:18:01,.02, Kemiringan (roll) : -7.17
2026-05-21 10:18:01,.02, Kemiringan (roll) : -7.17
2026-05-21 10:18:01,.02, Kemiringan (roll) : -7.17
2026-05-21 10:18:01,.02, Kemiringan (roll) : -7.17
2026-05-21 10:18:01,.02, Kemiringan (roll) : -7.17
2026-05-21 10:18:01,.02, Kemiringan (roll) : -7.17
2026-05-21 10:18:01,.02, Kemiringan (roll) : -7.17
2026-05-21 10:18:01,4340718, Ketinggian (Altitude) :4340718, Ketinggian (Altitude) :4340718, Ketinggian (Altitude) :4340718, Ketinggian (Altitude) :4340718, Ketinggian (Altitude) :4340718, Ketinggian (Altitude) :4340718, Ketinggian (Altitude) :4340718, Ketinggian (Altitude) :4340718, Ketinggian (Altitude) :4340718, Ketinggian (Altitude) :4340718, Ketinggian (Altitude) :4340718, Ketinggian (Altitude) :4340718, Ketinggian (Altitude) :4340718, Ketinggian (Altitude) :4340718, Ketinggian (Altitude) :4340718, Ketinggian (Altitude) :4340718, Ketinggian (Altitude) :4340718, Ketinggian (Altitude) :4340718, Ketinggian (Altitude) :4340718, Ketinggian (Altitude) :4340718, Ketinggian (Altitude) :4340718, Ketinggian (Altitude) :4340718, Ketinggian (Altitude) :4340718, Ketinggian (Altitude) :4340718, Ketinggian (Altitude) :4340718, Ketinggian (Altitude) :4340718, Ketinggian (Altitude) :4340718, Ketinggian (Altitude) :4340718, Ketinggian (Altitude) :4340718, Ketinggian (Altitude) :4340718, Ketinggian (Altitude) : 1953.49, Kemiringan (pitch) : -5.35, Kemiringan (roll) : -0.69
2026-05-21 10:18:02,4341722, Ketinggian (Altitude) : 1953.54, Kemiringan (pitch) : 7.91, Kemiringan (roll) : 1.25
2026-05-21 10:18:03,4342726, Ketinggian (Altitude) : 1953.59, Kemiringan (pitch) : -3.23, Kemiringan (roll) : -6.59
2026-05-21 10:18:04,4343730, Ketinggian (Altitude) : 1953.60, Kemiringan (pitch) : 5.42, Kemiringan (roll) : -2.84
2026-05-21 10:18:05,4344734, Ketinggian (Altitude) : 1953.63, Kemiringan (pitch) : 17.65, Kemiringan (roll) : -8.03
2026-05-21 10:18:06,4345738, Ketinggian (Altitude) : 1953.66, Kemiringan (pitch) : 5.17, Kemiringan (roll) : -13.55
2026-05-21 10:18:07,4346742, Ketinggian (Altitude) : 1953.64, Kemiringan (pitch) : 8.86, Kemiringan (roll) : -3.85
2026-05-21 10:18:08,4347746, Ketinggian (Altitude) : 1953.69, Kemiringan (pitch) : 5.94, Kemiringan (roll) : -0.57
2026-05-21 10:18:09,4348750, Ketinggian (Altitude) : 1953.72, Kemiringan (pitch) : 15.09, Kemiringan (roll) : -10.84
2026-05-21 10:18:10,4349754, Ketinggian (Altitude) : 1953.75, Kemiringan (pitch) : -4.95, Kemiringan (roll) : -7.00
2026-05-21 10:18:11,4350758, Ketinggian (Altitude) : 1953.76, Kemiringan (pitch) : 0.48, Kemiringan (roll) : -11.92
2026-05-21 10:18:12,4351762, Ketinggian (Altitude) : 1953.78, Kemiringan (pitch) : 3.86, Kemiringan (roll) : -7.45
2026-05-21 10:18:13,4352766, Ketinggian (Altitude) : 1953.78, Kemiringan (pitch) : -5.34, Kemiringan (roll) : -12.43
2026-05-21 10:18:14,4353770, Ketinggian (Altitude) : 1953.77, Kemiringan (pitch) : 2.01, Kemiringan (roll) : -1.45
2026-05-21 10:18:15,4354774, Ketinggian (Altitude) : 1953.75, Kemiringan (pitch) : 15.37, Kemiringan (roll) : -5.49
2026-05-21 10:18:16,4355778, Ketinggian (Altitude) : 1953.69, Kemiringan (pitch) : -6.82, Kemiringan (roll) : 4.40
2026-05-21 10:18:17,4356782, Ketinggian (Altitude) : 1953.63, Kemiringan (pitch) : -9.95, Kemiringan (roll) : -6.36
2026-05-21 10:18:18,4357786, Ketinggian (Altitude) : 1953.54, Kemiringan (pitch) : 7.86, Kemiringan (roll) : -7.43
2026-05-21 10:18:19,4358790, Ketinggian (Altitude) : 1953.47, Kemiringan (pitch) : 10.74, Kemiringan (roll) : -0.42
2026-05-21 10:18:20,4359794, Ketinggian (Altitude) : 1953.38, Kemiringan (pitch) : -6.79, Kemiringan (roll) : -7.99
2026-05-21 10:18:21,4360798, Ketinggian (Altitude) : 1953.32, Kemiringan (pitch) : 5.78, Kemiringan (roll) : 1.77
2026-05-21 10:18:22,4361802, Ketinggian (Altitude) : 1953.20, Kemiringan (pitch) : 19.54, Kemiringan (roll) : 14.88
2026-05-21 10:18:23,4362806, Ketinggian (Altitude) : 1953.14, Kemiringan (pitch) : 8.09, Kemiringan (roll) : -22.79
2026-05-21 10:18:24,4363810, Ketinggian (Altitude) : 1953.03, Kemiringan (pitch) : -2.82, Kemiringan (roll) : -0.02
2026-05-21 10:18:25,4364814, Ketinggian (Altitude) : 1952.89, Kemiringan (pitch) : 3.64, Kemiringan (roll) : -10.22
2026-05-21 10:18:26,4365818, Ketinggian (Altitude) : 1952.77, Kemiringan (pitch) : -6.16, Kemiringan (roll) : -0.30
2026-05-21 10:18:27,4366822, Ketinggian (Altitude) : 1952.69, Kemiringan (pitch) : 9.33, Kemiringan (roll) : -8.55
2026-05-21 10:18:28,4367826, Ketinggian (Altitude) : 1952.60, Kemiringan (pitch) : 13.65, Kemiringan (roll) : 0.52
2026-05-21 10:18:29,4368830, Ketinggian (Altitude) : 1952.51, Kemiringan (pitch) : -2.76, Kemiringan (roll) : -3.21
2026-05-21 10:18:30,4369834, Ketinggian (Altitude) : 1952.41, Kemiringan (pitch) : 3.04, Kemiringan (roll) : 1.01
2026-05-21 10:18:31,4370838, Ketinggian (Altitude) : 1952.33, Kemiringan (pitch) : 6.89, Kemiringan (roll) : -5.51
2026-05-21 10:18:32,4371842, Ketinggian (Altitude) : 1952.19, Kemiringan (pitch) : -0.44, Kemiringan (roll) : -0.86
2026-05-21 10:18:33,4372846, Ketinggian (Altitude) : 1952.10, Kemiringan (pitch) : -11.92, Kemiringan (roll) : 0.53
2026-05-21 10:18:34,4373850, Ketinggian (Altitude) : 1951.95, Kemiringan (pitch) : 2.50, Kemiringan (roll) : 9.04
2026-05-21 10:18:35,4374854, Ketinggian (Altitude) : 1951.79, Kemiringan (pitch) : 17.04, Kemiringan (roll) : 13.40
2026-05-21 10:18:36,4375858, Ketinggian (Altitude) : 1951.62, Kemiringan (pitch) : 1.86, Kemiringan (roll) : 4.80
2026-05-21 10:18:37,4376862, Ketinggian (Altitude) : 1951.47, Kemiringan (pitch) : -3.50, Kemiringan (roll) : -5.69
2026-05-21 10:18:38,4377866, Ketinggian (Altitude) : 1951.35, Kemiringan (pitch) : -6.30, Kemiringan (roll) : -3.23
2026-05-21 10:18:39,4378870, Ketinggian (Altitude) : 1951.18, Kemiringan (pitch) : 11.14, Kemiringan (roll) : -13.83
2026-05-21 10:18:40,4379874, Ketinggian (Altitude) : 1951.01, Kemiringan (pitch) : 20.91, Kemiringan (roll) : 1.53
2026-05-21 10:18:41,4380878, Ketinggian (Altitude) : 1950.82, Kemiringan (pitch) : -5.53, Kemiringan (roll) : 3.35
2026-05-21 10:18:42,4381882, Ketinggian (Altitude) : 1950.68, Kemiringan (pitch) : 15.19, Kemiringan (roll) : -7.94
2026-05-21 10:18:43,4382886, Ketinggian (Altitude) : 1950.54, Kemiringan (pitch) : 5.35, Kemiringan (roll) : -0.64
2026-05-21 10:18:44,4383890, Ketinggian (Altitude) : 1950.36, Kemiringan (pitch) : -0.49, Kemiringan (roll) : 7.32
2026-05-21 10:18:45,4384894, Ketinggian (Altitude) : 1950.22, Kemiringan (pitch) : 12.50, Kemiringan (roll) : -16.86
2026-05-21 10:18:46,4385898, Ketinggian (Altitude) : 1950.05, Kemiringan (pitch) : -5.09, Kemiringan (roll) : -5.13
2026-05-21 10:18:47,4386902, Ketinggian (Altitude) : 1949.91, Kemiringan (pitch) : 11.58, Kemiringan (roll) : -3.82
2026-05-21 10:18:48,4387906, Ketinggian (Altitude) : 1949.74, Kemiringan (pitch) : 2.57, Kemiringan (roll) : -10.61
2026-05-21 10:18:49,4388910, Ketinggian (Altitude) : 1949.59, Kemiringan (pitch) : 1.80, Kemiringan (roll) : -16.24
2026-05-21 10:18:50,4389914, Ketinggian (Altitude) : 1949.48, Kemiringan (pitch) : 27.17, Kemiringan (roll) : -17.23
2026-05-21 10:18:51,4390918, Ketinggian (Altitude) : 1949.32, Kemiringan (pitch) : -5.56, Kemiringan (roll) : 1.69
2026-05-21 10:18:52,4391922, Ketinggian (Altitude) : 1949.23, Kemiringan (pitch) : -10.32, Kemiringan (roll) : -7.15
2026-05-21 10:18:53,4392926, Ketinggian (Altitude) : 1949.16, Kemiringan (pitch) : 52.22, Kemiringan (roll) : -14.39
2026-05-21 10:18:54,4393930, Ketinggian (Altitude) : 1949.14, Kemiringan (pitch) : 10.65, Kemiringan (roll) : 3.89
2026-05-21 10:18:55,4394934, Ketinggian (Altitude) : 1949.08, Kemiringan (pitch) : 0.24, Kemiringan (roll) : 9.09
2026-05-21 10:18:56,4395938, Ketinggian (Altitude) : 1949.07, Kemiringan (pitch) : -8.16, Kemiringan (roll) : 0.21
2026-05-21 10:18:57,4396942, Ketinggian (Altitude) : 1949.04, Kemiringan (pitch) : 11.62, Kemiringan (roll) : -7.28
2026-05-21 10:18:58,4397946, Ketinggian (Altitude) : 1949.01, Kemiringan (pitch) : -3.82, Kemiringan (roll) : -4.34
2026-05-21 10:18:59,4398950, Ketinggian (Altitude) : 1949.01, Kemiringan (pitch) : 1.82, Kemiringan (roll) : -5.67
2026-05-21 10:19:00,4399954, Ketinggian (Altitude) : 1949.07, Kemiringan (pitch) : 2.40, Kemiringan (roll) : -10.54
2026-05-21 10:19:01,4400958, Ketinggian (Altitude) : 1949.08, Kemiringan (pitch) : 8.18, Kemiringan (roll) : -48.72
2026-05-21 10:19:02,4401962, Ketinggian (Altitude) : 1949.09, Kemiringan (pitch) : 21.61, Kemiringan (roll) : -1.55
2026-05-21 10:19:03,4402966, Ketinggian (Altitude) : 1949.15, Kemiringan (pitch) : 0.94, Kemiringan (roll) : -3.47
2026-05-21 10:19:04,4403970, Ketinggian (Altitude) : 1949.23, Kemiringan (pitch) : 3.53, Kemiringan (roll) : 11.39
2026-05-21 10:19:05,4404974, Ketinggian (Altitude) : 1949.32, Kemiringan (pitch) : -6.45, Kemiringan (roll) : -2.77
2026-05-21 10:19:07,4405978, Ketinggian (Altitude) : 1949.40, Kemiringan (pitch) : 8.08, Kemiringan (roll) : -0.40
2026-05-21 10:19:08,4406982, Ketinggian (Altitude) : 1949.51, Kemiringan (pitch) : 5.93, Kemiringan (roll) : 2.64
2026-05-21 10:19:09,4407986, Ketinggian (Altitude) : 1949.58, Kemiringan (pitch) : -2.26, Kemiringan (roll) : -1.53
2026-05-21 10:19:10,4408990, Ketinggian (Altitude) : 1949.65, Kemiringan (pitch) : 3.62, Kemiringan (roll) : -10.50
2026-05-21 10:19:11,4409994, Ketinggian (Altitude) : 1949.74, Kemiringan (pitch) : 10.18, Kemiringan (roll) : -11.75
2026-05-21 10:19:12,4410998, Ketinggian (Altitude) : 1949.82, Kemiringan (pitch) : -8.65, Kemiringan (roll) : -2.02
2026-05-21 10:19:13,4412002, Ketinggian (Altitude) : 1949.91, Kemiringan (pitch) : 4.85, Kemiringan (roll) : -8.76
2026-05-21 10:19:14,4413006, Ketinggian (Altitude) : 1949.97, Kemiringan (pitch) : 8.20, Kemiringan (roll) : -1.16
2026-05-21 10:19:15,4414010, Ketinggian (Altitude) : 1950.05, Kemiringan (pitch) : 5.64, Kemiringan (roll) : -14.82
2026-05-21 10:19:16,4415014, Ketinggian (Altitude) : 1950.11, Kemiringan (pitch) : 19.64, Kemiringan (roll) : -24.78
2026-05-21 10:19:17,4416018, Ketinggian (Altitude) : 1950.20, Kemiringan (pitch) : 8.59, Kemiringan (roll) : 7.90
2026-05-21 10:19:18,4417022, Ketinggian (Altitude) : 1950.24, Kemiringan (pitch) : -4.93, Kemiringan (roll) : 8.44
2026-05-21 10:19:19,4418026, Ketinggian (Altitude) : 1950.29, Kemiringan (pitch) : -5.25, Kemiringan (roll) : 1.86
2026-05-21 10:19:20,4419030, Ketinggian (Altitude) : 1950.32, Kemiringan (pitch) : 6.86, Kemiringan (roll) : -1.01
2026-05-21 10:19:21,4420034, Ketinggian (Altitude) : 1950.35, Kemiringan (pitch) : 2.77, Kemiringan (roll) : 4.88
2026-05-21 10:19:22,4421038, Ketinggian (Altitude) : 1950.41, Kemiringan (pitch) : -13.73, Kemiringan (roll) : 11.12
2026-05-21 10:19:23,4422042, Ketinggian (Altitude) : 1950.46, Kemiringan (pitch) : 7.72, Kemiringan (roll) : 19.20
2026-05-21 10:19:24,4423046, Ketinggian (Altitude) : 1950.55, Kemiringan (pitch) : 2.48, Kemiringan (roll) : 2.32
2026-05-21 10:19:25,4424050, Ketinggian (Altitude) : 1950.60, Kemiringan (pitch) : 0.23, Kemiringan (roll) : -3.72
2026-05-21 10:19:26,4425054, Ketinggian (Altitude) : 1950.63, Kemiringan (pitch) : -11.64, Kemiringan (roll) : -29.14
2026-05-21 10:19:27,4426058, Ketinggian (Altitude) : 1950.69, Kemiringan (pitch) : 4.32, Kemiringan (roll) : -5.31
2026-05-21 10:19:28,4427062, Ketinggian (Altitude) : 1950.80, Kemiringan (pitch) : 5.74, Kemiringan (roll) : -10.21
2026-05-21 10:19:29,4428066, Ketinggian (Altitude) : 1950.86, Kemiringan (pitch) : 41.38, Kemiringan (roll) : -31.85
2026-05-21 10:19:30,4429070, Ketinggian (Altitude) : 1950.95, Kemiringan (pitch) : 16.45, Kemiringan (roll) : -17.63
2026-05-21 10:19:31,4430074, Ketinggian (Altitude) : 1951.03, Kemiringan (pitch) : -4.43, Kemiringan (roll) : 11.95
2026-05-21 10:19:32,4431078, Ketinggian (Altitude) : 1951.15, Kemiringan (pitch) : -12.00, Kemiringan (roll) : -10.43
2026-05-21 10:19:33,4432082, Ketinggian (Altitude) : 1951.23, Kemiringan (pitch) : 9.96, Kemiringan (roll) : -9.98
2026-05-21 10:19:34,4433086, Ketinggian (Altitude) : 1951.35, Kemiringan (pitch) : 10.51, Kemiringan (roll) : 2.64
2026-05-21 10:19:35,4434090, Ketinggian (Altitude) : 1951.46, Kemiringan (pitch) : 57.13, Kemiringan (roll) : 33.75
2026-05-21 10:19:36,4435094, Ketinggian (Altitude) : 1951.58, Kemiringan (pitch) : -7.55, Kemiringan (roll) : 22.43
2026-05-21 10:19:37,4436098, Ketinggian (Altitude) : 1951.72, Kemiringan (pitch) : 18.78, Kemiringan (roll) : -7.04
2026-05-21 10:19:38,4437102, Ketinggian (Altitude) : 1951.85, Kemiringan (pitch) : 1.32, Kemiringan (roll) : -3.34
2026-05-21 10:19:39,4438106, Ketinggian (Altitude) : 1951.97, Kemiringan (pitch) : 20.95, Kemiringan (roll) : -5.79
2026-05-21 10:19:40,4439110, Ketinggian (Altitude) : 1952.11, Kemiringan (pitch) : 12.85, Kemiringan (roll) : -17.11
2026-05-21 10:19:41,4440114, Ketinggian (Altitude) : 1952.25, Kemiringan (pitch) : 3.36, Kemiringan (roll) : -34.38
2026-05-21 10:19:42,4441118, Ketinggian (Altitude) : 1952.31, Kemiringan (pitch) : -4.13, Kemiringan (roll) : -29.39
2026-05-21 10:19:43,4442122, Ketinggian (Altitude) : 1952.45, Kemiringan (pitch) : 13.09, Kemiringan (roll) : -31.06
2026-05-21 10:19:44,4443126, Ketinggian (Altitude) : 1952.58, Kemiringan (pitch) : 13.74, Kemiringan (roll) : 0.51
2026-05-21 10:19:45,4444130, Ketinggian (Altitude) : 1952.72, Kemiringan (pitch) : -9.62, Kemiringan (roll) : 3.91
2026-05-21 10:19:46,4445134, Ketinggian (Altitude) : 1952.85, Kemiringan (pitch) : -31.53, Kemiringan (roll) : -22.09
2026-05-21 10:19:47,4446138, Ketinggian (Altitude) : 1952.96, Kemiringan (pitch) : -2.51, Kemiringan (roll) : -14.55
2026-05-21 10:19:48,4447142, Ketinggian (Altitude) : 1953.12, Kemiringan (pitch) : -0.13, Kemiringan (roll) : 16.66
2026-05-21 10:19:49,4448146, Ketinggian (Altitude) : 1953.26, Kemiringan (pitch) : 0.42, Kemiringan (roll) : 8.03
2026-05-21 10:19:50,4449150, Ketinggian (Altitude) : 1953.36, Kemiringan (pitch) : -1.20, Kemiringan (roll) : -4.93
2026-05-21 10:19:51,4450154, Ketinggian (Altitude) : 1953.47, Kemiringan (pitch) : -3.76, Kemiringan (roll) : -2.78
2026-05-21 10:19:52,4451158, Ketinggian (Altitude) : 1953.63, Kemiringan (pitch) : 5.54, Kemiringan (roll) : -8.25
2026-05-21 10:19:53,4452162, Ketinggian (Altitude) : 1953.75, Kemiringan (pitch) : 12.43, Kemiringan (roll) : -12.60
2026-05-21 10:19:54,4453166, Ketinggian (Altitude) : 1953.91, Kemiringan (pitch) : 10.17, Kemiringan (roll) : -12.47
2026-05-21 10:19:55,4454170, Ketinggian (Altitude) : 1954.00, Kemiringan (pitch) : 6.51, Kemiringan (roll) : 14.29
2026-05-21 10:19:56,4455174, Ketinggian (Altitude) : 1954.11, Kemiringan (pitch) : -4.22, Kemiringan (roll) : -6.99
2026-05-21 10:19:57,4456178, Ketinggian (Altitude) : 1954.17, Kemiringan (pitch) : 5.68, Kemiringan (roll) : -10.94
2026-05-21 10:19:58,4457182, Ketinggian (Altitude) : 1954.27, Kemiringan (pitch) : -3.97, Kemiringan (roll) : 7.10
2026-05-21 10:19:59,4458186, Ketinggian (Altitude) : 1954.35, Kemiringan (pitch) : 8.77, Kemiringan (roll) : -9.14
2026-05-21 10:20:00,4459190, Ketinggian (Altitude) : 1954.44, Kemiringan (pitch) : -7.48, Kemiringan (roll) : 1.07
2026-05-21 10:20:01,4460194, Ketinggian (Altitude) : 1954.53, Kemiringan (pitch) : 0.12, Kemiringan (roll) : -4.68
2026-05-21 10:20:02,4461198, Ketinggian (Altitude) : 1954.58, Kemiringan (pitch) : 8.63, Kemiringan (roll) : -12.59
2026-05-21 10:20:03,4462202, Ketinggian (Altitude) : 1954.64, Kemiringan (pitch) : -3.92, Kemiringan (roll) : -10.06
2026-05-21 10:20:04,4463206, Ketinggian (Altitude) : 1954.69, Kemiringan (pitch) : -15.36, Kemiringan (roll) : 0.31
2026-05-21 10:20:05,4464210, Ketinggian (Altitude) : 1954.69, Kemiringan (pitch) : -12.96, Kemiringan (roll) : -2.87
2026-05-21 10:20:06,4465214, Ketinggian (Altitude) : 1954.69, Kemiringan (pitch) : -5.62, Kemiringan (roll) : -7.71
2026-05-21 10:20:07,4466218, Ketinggian (Altitude) : 1954.66, Kemiringan (pitch) : -11.76, Kemiringan (roll) : -4.70
2026-05-21 10:20:08,4467222, Ketinggian (Altitude) : 1954.60, Kemiringan (pitch) : -2.83, Kemiringan (roll) : -0.62
2026-05-21 10:20:09,4468226, Ketinggian (Altitude) : 1954.54, Kemiringan (pitch) : -1.06, Kemiringan (roll) : -3.19
2026-05-21 10:20:10,4469230, Ketinggian (Altitude) : 1954.44, Kemiringan (pitch) : -0.97, Kemiringan (roll) : -2.79
2026-05-21 10:20:11,4470234, Ketinggian (Altitude) : 1954.33, Kemiringan (pitch) : -2.38, Kemiringan (roll) : 8.67
2026-05-21 10:20:12,4471238, Ketinggian (Altitude) : 1954.24, Kemiringan (pitch) : 3.53, Kemiringan (roll) : -11.05
2026-05-21 10:20:13,4472242, Ketinggian (Altitude) : 1954.18, Kemiringan (pitch) : 6.53, Kemiringan (roll) : -15.17
2026-05-21 10:20:14,4473246, Ketinggian (Altitude) : 1954.04, Kemiringan (pitch) : 4.03, Kemiringan (roll) : 3.34
2026-05-21 10:20:15,4474250, Ketinggian (Altitude) : 1953.93, Kemiringan (pitch) : 2.42, Kemiringan (roll) : -9.68
2026-05-21 10:20:16,4475254, Ketinggian (Altitude) : 1953.78, Kemiringan (pitch) : -2.25, Kemiringan (roll) : -13.93
2026-05-21 10:20:17,4476258, Ketinggian (Altitude) : 1953.67, Kemiringan (pitch) : 1.31, Kemiringan (roll) : -6.18
2026-05-21 10:20:18,4477262, Ketinggian (Altitude) : 1953.60, Kemiringan (pitch) : -6.40, Kemiringan (roll) : -8.58
2026-05-21 10:20:19,4478266, Ketinggian (Altitude) : 1953.53, Kemiringan (pitch) : 4.02, Kemiringan (roll) : 2.45
2026-05-21 10:20:20,4479270, Ketinggian (Altitude) : 1953.48, Kemiringan (pitch) : 7.20, Kemiringan (roll) : -7.04
2026-05-21 10:20:21,4480274, Ketinggian (Altitude) : 1953.45, Kemiringan (pitch) : 8.27, Kemiringan (roll) : -1.96
2026-05-21 10:20:22,4481278, Ketinggian (Altitude) : 1953.45, Kemiringan (pitch) : 0.75, Kemiringan (roll) : -11.10
2026-05-21 10:20:23,4482282, Ketinggian (Altitude) : 1953.48, Kemiringan (pitch) : 8.78, Kemiringan (roll) : -2.68
2026-05-21 10:20:24,4483286, Ketinggian (Altitude) : 1953.54, Kemiringan (pitch) : 5.86, Kemiringan (roll) : -4.53
2026-05-21 10:20:25,4484290, Ketinggian (Altitude) : 1953.61, Kemiringan (pitch) : -2.14, Kemiringan (roll) : -8.19
2026-05-21 10:20:26,4485294, Ketinggian (Altitude) : 1953.68, Kemiringan (pitch) : 11.41, Kemiringan (roll) : -14.45
2026-05-21 10:20:27,4486298, Ketinggian (Altitude) : 1953.81, Kemiringan (pitch) : 11.48, Kemiringan (roll) : -9.78
2026-05-21 10:20:28,4487302, Ketinggian (Altitude) : 1953.85, Kemiringan (pitch) : -2.31, Kemiringan (roll) : -6.64
2026-05-21 10:20:29,4488306, Ketinggian (Altitude) : 1953.97, Kemiringan (pitch) : 9.34, Kemiringan (roll) : -6.59
2026-05-21 10:20:30,4489310, Ketinggian (Altitude) : 1954.13, Kemiringan (pitch) : 13.26, Kemiringan (roll) : 4.93
2026-05-21 10:20:31,4490314, Ketinggian (Altitude) : 1954.27, Kemiringan (pitch) : -0.29, Kemiringan (roll) : -4.80
2026-05-21 10:20:32,4491318, Ketinggian (Altitude) : 1954.43, Kemiringan (pitch) : 3.25, Kemiringan (roll) : -13.59
2026-05-21 10:20:33,4492322, Ketinggian (Altitude) : 1954.55, Kemiringan (pitch) : 33.09, Kemiringan (roll) : -6.85
2026-05-21 10:20:34,4493326, Ketinggian (Altitude) : 1954.73, Kemiringan (pitch) : 1.44, Kemiringan (roll) : 0.43
2026-05-21 10:20:35,4494330, Ketinggian (Altitude) : 1954.90, Kemiringan (pitch) : -4.70, Kemiringan (roll) : -10.08
2026-05-21 10:20:36,4495334, Ketinggian (Altitude) : 1955.09, Kemiringan (pitch) : 6.93, Kemiringan (roll) : 2.26
2026-05-21 10:20:37,4496338, Ketinggian (Altitude) : 1955.24, Kemiringan (pitch) : -3.42, Kemiringan (roll) : -12.04
