Waktu_Laptop,Waktu_Boot_ESP32_ms,Ketinggian_m,Pitch_deg,Roll_deg
2026-05-21 09:57:31,.64, Kemiringan (roll) : 3.35
2026-05-21 09:57:31,.64, Kemiringan (roll) : 3.35
2026-05-21 09:57:31,.64, Kemiringan (roll) : 3.35
2026-05-21 09:57:31,.64, Kemiringan (roll) : 3.35
2026-05-21 09:57:31,.64, Kemiringan (roll) : 3.35
2026-05-21 09:57:31,.64, Kemiringan (roll) : 3.35
2026-05-21 09:57:31,.64, Kemiringan (roll) : 3.35
2026-05-21 09:57:31,.64, Kemiringan (roll) : 3.35
2026-05-21 09:57:31,.64, Kemiringan (roll) : 3.35
2026-05-21 09:57:31,.64, Kemiringan (roll) : 3.35
2026-05-21 09:57:31,.64, Kemiringan (roll) : 3.35
2026-05-21 09:57:31,.64, Kemiringan (roll) : 3.35
2026-05-21 09:57:31,.64, Kemiringan (roll) : 3.35
2026-05-21 09:57:31,.64, Kemiringan (roll) : 3.35
2026-05-21 09:57:31,.64, Kemiringan (roll) : 3.35
2026-05-21 09:57:31,.64, Kemiringan (roll) : 3.35
2026-05-21 09:57:31,.64, Kemiringan (roll) : 3.35
2026-05-21 09:57:31,.64, Kemiringan (roll) : 3.35
2026-05-21 09:57:31,.64, Kemiringan (roll) : 3.35
2026-05-21 09:57:31,.64, Kemiringan (roll) : 3.35
2026-05-21 09:57:31,.64, Kemiringan (roll) : 3.35
2026-05-21 09:57:31,.64, Kemiringan (roll) : 3.35
2026-05-21 09:57:31,.64, Kemiringan (roll) : 3.35
2026-05-21 09:57:31,.64, Kemiringan (roll) : 3.35
2026-05-21 09:57:31,.64, Kemiringan (roll) : 3.35
2026-05-21 09:57:31,.64, Kemiringan (roll) : 3.35
2026-05-21 09:57:31,.64, Kemiringan (roll) : 3.35
2026-05-21 09:57:31,.64, Kemiringan (roll) : 3.35
2026-05-21 09:57:31,.64, Kemiringan (roll) : 3.35
2026-05-21 09:57:31,.64, Kemiringan (roll) : 3.35
2026-05-21 09:57:31,.64, Kemiringan (roll) : 3.35
2026-05-21 09:57:31,.64, Kemiringan (roll) : 3.35
2026-05-21 09:57:31,.64, Kemiringan (roll) : 3.35
2026-05-21 09:57:31,.64, Kemiringan (roll) : 3.35
2026-05-21 09:57:31,.64, Kemiringan (roll) : 3.35
2026-05-21 09:57:31,.64, Kemiringan (roll) : 3.35
2026-05-21 09:57:31,.64, Kemiringan (roll) : 3.35
2026-05-21 09:57:31,.64, Kemiringan (roll) : 3.35
2026-05-21 09:57:31,.64, Kemiringan (roll) : 3.35
2026-05-21 09:57:31,.64, Kemiringan (roll) : 3.35
2026-05-21 09:57:31,.64, Kemiringan (roll) : 3.35
2026-05-21 09:57:31,.64, Kemiringan (roll) : 3.35
2026-05-21 09:57:31,.64, Kemiringan (roll) : 3.35
2026-05-21 09:57:31,.64, Kemiringan (roll) : 3.35
2026-05-21 09:57:31,.64, Kemiringan (roll) : 3.35
2026-05-21 09:57:31,.64, Kemiringan (roll) : 3.35
2026-05-21 09:57:31,.64, Kemiringan (roll) : 3.35
2026-05-21 09:57:31,.64, Kemiringan (roll) : 3.35
2026-05-21 09:57:31,.64, Kemiringan (roll) : 3.35
2026-05-21 09:57:31,.64, Kemiringan (roll) : 3.35
2026-05-21 09:57:31,.64, Kemiringan (roll) : 3.35
2026-05-21 09:57:31,.64, Kemiringan (roll) : 3.35
2026-05-21 09:57:31,.64, Kemiringan (roll) : 3.35
2026-05-21 09:57:31,.64, Kemiringan (roll) : 3.35
2026-05-21 09:57:31,.64, Kemiringan (roll) : 3.35
2026-05-21 09:57:31,.64, Kemiringan (roll) : 3.35
2026-05-21 09:57:31,.64, Kemiringan (roll) : 3.35
2026-05-21 09:57:31,.64, Kemiringan (roll) : 3.35
2026-05-21 09:57:31,.64, Kemiringan (roll) : 3.35
2026-05-21 09:57:31,.64, Kemiringan (roll) : 3.35
2026-05-21 09:57:31,.64, Kemiringan (roll) : 3.35
2026-05-21 09:57:31,.64, Kemiringan (roll) : 3.35
2026-05-21 09:57:31,.64, Kemiringan (roll) : 3.35
2026-05-21 09:57:31,.64, Kemiringan (roll) : 3.35
2026-05-21 09:57:31,.64, Kemiringan (roll) : 3.35
2026-05-21 09:57:31,.64, Kemiringan (roll) : 3.35
2026-05-21 09:57:31,.64, Kemiringan (roll) : 3.35
2026-05-21 09:57:31,.64, Kemiringan (roll) : 3.35
2026-05-21 09:57:31,.64, Kemiringan (roll) : 3.35
2026-05-21 09:57:31,.64, Kemiringan (roll) : 3.35
2026-05-21 09:57:31,.64, Kemiringan (roll) : 3.35
2026-05-21 09:57:31,.64, Kemiringan (roll) : 3.35
2026-05-21 09:57:31,.64, Kemiringan (roll) : 3.35
2026-05-21 09:57:31,.64, Kemiringan (roll) : 3.35
2026-05-21 09:57:31,.64, Kemiringan (roll) : 3.35
2026-05-21 09:57:31,.64, Kemiringan (roll) : 3.35
2026-05-21 09:57:31,.64, Kemiringan (roll) : 3.35
2026-05-21 09:57:31,.64, Kemiringan (roll) : 3.35
2026-05-21 09:57:31,.64, Kemiringan (roll) : 3.35
2026-05-21 09:57:31,.64, Kemiringan (roll) : 3.35
2026-05-21 09:57:31,.64, Kemiringan (roll) : 3.35
2026-05-21 09:57:31,.64, Kemiringan (roll) : 3.35
2026-05-21 09:57:31,.64, Kemiringan (roll) : 3.35
2026-05-21 09:57:31,.64, Kemiringan (roll) : 3.35
2026-05-21 09:57:31,.64, Kemiringan (roll) : 3.35
2026-05-21 09:57:31,.64, Kemiringan (roll) : 3.35
2026-05-21 09:57:31,.64, Kemiringan (roll) : 3.35
2026-05-21 09:57:31,.64, Kemiringan (roll) : 3.35
2026-05-21 09:57:31,.64, Kemiringan (roll) : 3.35
2026-05-21 09:57:31,.64, Kemiringan (roll) : 3.35
2026-05-21 09:57:31,.64, Kemiringan (roll) : 3.35
2026-05-21 09:57:31,.64, Kemiringan (roll) : 3.35
2026-05-21 09:57:31,.64, Kemiringan (roll) : 3.35
2026-05-21 09:57:31,.64, Kemiringan (roll) : 3.35
2026-05-21 09:57:31,.64, Kemiringan (roll) : 3.35
2026-05-21 09:57:31,.64, Kemiringan (roll) : 3.35
2026-05-21 09:57:31,.64, Kemiringan (roll) : 3.35
2026-05-21 09:57:31,.64, Kemiringan (roll) : 3.35
2026-05-21 09:57:31,.64, Kemiringan (roll) : 3.35
2026-05-21 09:57:31,.64, Kemiringan (roll) : 3.35
2026-05-21 09:57:31,.64, Kemiringan (roll) : 3.35
2026-05-21 09:57:31,.64, Kemiringan (roll) : 3.35
2026-05-21 09:57:31,.64, Kemiringan (roll) : 3.35
2026-05-21 09:57:31,.64, Kemiringan (roll) : 3.35
2026-05-21 09:57:31,.64, Kemiringan (roll) : 3.35
2026-05-21 09:57:31,.64, Kemiringan (roll) : 3.35
2026-05-21 09:57:31,.64, Kemiringan (roll) : 3.35
2026-05-21 09:57:31,.64, Kemiringan (roll) : 3.35
2026-05-21 09:57:31,.64, Kemiringan (roll) : 3.35
2026-05-21 09:57:31,.64, Kemiringan (roll) : 3.35
2026-05-21 09:57:31,.64, Kemiringan (roll) : 3.35
2026-05-21 09:57:31,.64, Kemiringan (roll) : 3.35
2026-05-21 09:57:31,.64, Kemiringan (roll) : 3.35
2026-05-21 09:57:31,.64, Kemiringan (roll) : 3.35
2026-05-21 09:57:31,.64, Kemiringan (roll) : 3.35
2026-05-21 09:57:31,.64, Kemiringan (roll) : 3.35
2026-05-21 09:57:31,.64, Kemiringan (roll) : 3.35
2026-05-21 09:57:31,.64, Kemiringan (roll) : 3.35
2026-05-21 09:57:31,.64, Kemiringan (roll) : 3.35
2026-05-21 09:57:31,.64, Kemiringan (roll) : 3.35
2026-05-21 09:57:31,.64, Kemiringan (roll) : 3.35
2026-05-21 09:57:31,.64, Kemiringan (roll) : 3.35
2026-05-21 09:57:31,.64, Kemiringan (roll) : 3.35
2026-05-21 09:57:31,.64, Kemiringan (roll) : 3.35
2026-05-21 09:57:31,.64, Kemiringan (roll) : 3.35
2026-05-21 09:57:31,.64, Kemiringan (roll) : 3.35
2026-05-21 09:57:31,.64, Kemiringan (roll) : 3.35
2026-05-21 09:57:31,.64, Kemiringan (roll) : 3.35
2026-05-21 09:57:31,.64, Kemiringan (roll) : 3.35
2026-05-21 09:57:31,.64, Kemiringan (roll) : 3.35
2026-05-21 09:57:31,.64, Kemiringan (roll) : 3.35
2026-05-21 09:57:31,.64, Kemiringan (roll) : 3.35
2026-05-21 09:57:31,.64, Kemiringan (roll) : 3.35
2026-05-21 09:57:31,.64, Kemiringan (roll) : 3.35
2026-05-21 09:57:31,.64, Kemiringan (roll) : 3.35
2026-05-21 09:57:31,.64, Kemiringan (roll) : 3.35
2026-05-21 09:57:31,.64, Kemiringan (roll) : 3.35
2026-05-21 09:57:31,.64, Kemiringan (roll) : 3.35
2026-05-21 09:57:31,.64, Kemiringan (roll) : 3.35
2026-05-21 09:57:31,.64, Kemiringan (roll) : 3.35
2026-05-21 09:57:31,.64, Kemiringan (roll) : 3.35
2026-05-21 09:57:31,.64, Kemiringan (roll) : 3.35
2026-05-21 09:57:31,.64, Kemiringan (roll) : 3.35
2026-05-21 09:57:31,.64, Kemiringan (roll) : 3.35
2026-05-21 09:57:31,.64, Kemiringan (roll) : 3.35
2026-05-21 09:57:31,.64, Kemiringan (roll) : 3.35
2026-05-21 09:57:31,.64, Kemiringan (roll) : 3.35
2026-05-21 09:57:31,.64, Kemiringan (roll) : 3.35
2026-05-21 09:57:31,.64, Kemiringan (roll) : 3.35
2026-05-21 09:57:31,.64, Kemiringan (roll) : 3.35
2026-05-21 09:57:31,.64, Kemiringan (roll) : 3.35
2026-05-21 09:57:31,.64, Kemiringan (roll) : 3.35
2026-05-21 09:57:31,.64, Kemiringan (roll) : 3.35
2026-05-21 09:57:31,.64, Kemiringan (roll) : 3.35
2026-05-21 09:57:31,.64, Kemiringan (roll) : 3.35
2026-05-21 09:57:31,.64, Kemiringan (roll) : 3.35
2026-05-21 09:57:31,.64, Kemiringan (roll) : 3.35
2026-05-21 09:57:31,.64, Kemiringan (roll) : 3.35
2026-05-21 09:57:31,.64, Kemiringan (roll) : 3.35
2026-05-21 09:57:31,.64, Kemiringan (roll) : 3.35
2026-05-21 09:57:31,.64, Kemiringan (roll) : 3.35
2026-05-21 09:57:31,.64, Kemiringan (roll) : 3.35
2026-05-21 09:57:31,.64, Kemiringan (roll) : 3.35
2026-05-21 09:57:31,.64, Kemiringan (roll) : 3.35
2026-05-21 09:57:31,.64, Kemiringan (roll) : 3.35
2026-05-21 09:57:31,.64, Kemiringan (roll) : 3.35
2026-05-21 09:57:31,.64, Kemiringan (roll) : 3.35
2026-05-21 09:57:31,.64, Kemiringan (roll) : 3.35
2026-05-21 09:57:31,.64, Kemiringan (roll) : 3.35
2026-05-21 09:57:31,.64, Kemiringan (roll) : 3.35
2026-05-21 09:57:31,.64, Kemiringan (roll) : 3.35
2026-05-21 09:57:31,.64, Kemiringan (roll) : 3.35
2026-05-21 09:57:31,.64, Kemiringan (roll) : 3.35
2026-05-21 09:57:31,.64, Kemiringan (roll) : 3.35
2026-05-21 09:57:31,.64, Kemiringan (roll) : 3.35
2026-05-21 09:57:31,.64, Kemiringan (roll) : 3.35
2026-05-21 09:57:31,.64, Kemiringan (roll) : 3.35
2026-05-21 09:57:31,.64, Kemiringan (roll) : 3.35
2026-05-21 09:57:31,.64, Kemiringan (roll) : 3.35
2026-05-21 09:57:31,.64, Kemiringan (roll) : 3.35
2026-05-21 09:57:31,.64, Kemiringan (roll) : 3.35
2026-05-21 09:57:31,.64, Kemiringan (roll) : 3.35
2026-05-21 09:57:31,.64, Kemiringan (roll) : 3.35
2026-05-21 09:57:31,.64, Kemiringan (roll) : 3.35
2026-05-21 09:57:31,.64, Kemiringan (roll) : 3.35
2026-05-21 09:57:31,.64, Kemiringan (roll) : 3.35
2026-05-21 09:57:31,.64, Kemiringan (roll) : 3.35
2026-05-21 09:57:31,.64, Kemiringan (roll) : 3.35
2026-05-21 09:57:31,.64, Kemiringan (roll) : 3.35
2026-05-21 09:57:31,.64, Kemiringan (roll) : 3.35
2026-05-21 09:57:31,.64, Kemiringan (roll) : 3.35
2026-05-21 09:57:31,.64, Kemiringan (roll) : 3.35
2026-05-21 09:57:31,.64, Kemiringan (roll) : 3.35
2026-05-21 09:57:31,.64, Kemiringan (roll) : 3.35
2026-05-21 09:57:31,.64, Kemiringan (roll) : 3.35
2026-05-21 09:57:31,.64, Kemiringan (roll) : 3.35
2026-05-21 09:57:31,.64, Kemiringan (roll) : 3.35
2026-05-21 09:57:31,.64, Kemiringan (roll) : 3.35
2026-05-21 09:57:31,.64, Kemiringan (roll) : 3.35
2026-05-21 09:57:31,.64, Kemiringan (roll) : 3.35
2026-05-21 09:57:31,.64, Kemiringan (roll) : 3.35
2026-05-21 09:57:31,.64, Kemiringan (roll) : 3.35
2026-05-21 09:57:31,.64, Kemiringan (roll) : 3.35
2026-05-21 09:57:31,.64, Kemiringan (roll) : 3.35
2026-05-21 09:57:31,.64, Kemiringan (roll) : 3.35
2026-05-21 09:57:31,.64, Kemiringan (roll) : 3.35
2026-05-21 09:57:31,.64, Kemiringan (roll) : 3.35
2026-05-21 09:57:31,.64, Kemiringan (roll) : 3.35
2026-05-21 09:57:31,.64, Kemiringan (roll) : 3.35
2026-05-21 09:57:31,.64, Kemiringan (roll) : 3.35
2026-05-21 09:57:31,.64, Kemiringan (roll) : 3.35
2026-05-21 09:57:31,.64, Kemiringan (roll) : 3.35
2026-05-21 09:57:31,.64, Kemiringan (roll) : 3.35
2026-05-21 09:57:31,.64, Kemiringan (roll) : 3.35
2026-05-21 09:57:31,.64, Kemiringan (roll) : 3.35
2026-05-21 09:57:31,.64, Kemiringan (roll) : 3.35
2026-05-21 09:57:31,.64, Kemiringan (roll) : 3.35
2026-05-21 09:57:31,.64, Kemiringan (roll) : 3.35
2026-05-21 09:57:31,.64, Kemiringan (roll) : 3.35
2026-05-21 09:57:31,.64, Kemiringan (roll) : 3.35
2026-05-21 09:57:31,.64, Kemiringan (roll) : 3.35
2026-05-21 09:57:31,.64, Kemiringan (roll) : 3.35
2026-05-21 09:57:31,.64, Kemiringan (roll) : 3.35
2026-05-21 09:57:31,.64, Kemiringan (roll) : 3.35
2026-05-21 09:57:31,.64, Kemiringan (roll) : 3.35
2026-05-21 09:57:31,.64, Kemiringan (roll) : 3.35
2026-05-21 09:57:31,.64, Kemiringan (roll) : 3.35
2026-05-21 09:57:31,.64, Kemiringan (roll) : 3.35
2026-05-21 09:57:31,.64, Kemiringan (roll) : 3.35
2026-05-21 09:57:31,.64, Kemiringan (roll) : 3.35
2026-05-21 09:57:31,.64, Kemiringan (roll) : 3.35
2026-05-21 09:57:31,.64, Kemiringan (roll) : 3.35
2026-05-21 09:57:31,.64, Kemiringan (roll) : 3.35
2026-05-21 09:57:31,.64, Kemiringan (roll) : 3.35
2026-05-21 09:57:31,.64, Kemiringan (roll) : 3.35
2026-05-21 09:57:31,.64, Kemiringan (roll) : 3.35
2026-05-21 09:57:31,.64, Kemiringan (roll) : 3.35
2026-05-21 09:57:31,.64, Kemiringan (roll) : 3.35
2026-05-21 09:57:31,.64, Kemiringan (roll) : 3.35
2026-05-21 09:57:31,.64, Kemiringan (roll) : 3.35
2026-05-21 09:57:31,.64, Kemiringan (roll) : 3.35
2026-05-21 09:57:31,.64, Kemiringan (roll) : 3.35
2026-05-21 09:57:31,.64, Kemiringan (roll) : 3.35
2026-05-21 09:57:31,.64, Kemiringan (roll) : 3.35
2026-05-21 09:57:31,.64, Kemiringan (roll) : 3.35
2026-05-21 09:57:31,.64, Kemiringan (roll) : 3.35
2026-05-21 09:57:31,.64, Kemiringan (roll) : 3.35
2026-05-21 09:57:31,.64, Kemiringan (roll) : 3.35
2026-05-21 09:57:31,.64, Kemiringan (roll) : 3.35
2026-05-21 09:57:31,.64, Kemiringan (roll) : 3.35
2026-05-21 09:57:31,.64, Kemiringan (roll) : 3.35
2026-05-21 09:57:31,.64, Kemiringan (roll) : 3.35
2026-05-21 09:57:31,.64, Kemiringan (roll) : 3.35
2026-05-21 09:57:31,.64, Kemiringan (roll) : 3.35
2026-05-21 09:57:31,.64, Kemiringan (roll) : 3.35
2026-05-21 09:57:31,.64, Kemiringan (roll) : 3.35
2026-05-21 09:57:31,.64, Kemiringan (roll) : 3.35
2026-05-21 09:57:31,.64, Kemiringan (roll) : 3.35
2026-05-21 09:57:31,.64, Kemiringan (roll) : 3.35
2026-05-21 09:57:31,.64, Kemiringan (roll) : 3.35
2026-05-21 09:57:31,.64, Kemiringan (roll) : 3.35
2026-05-21 09:57:31,.64, Kemiringan (roll) : 3.35
2026-05-21 09:57:31,.64, Kemiringan (roll) : 3.35
2026-05-21 09:57:31,.64, Kemiringan (roll) : 3.35
2026-05-21 09:57:31,.64, Kemiringan (roll) : 3.35
2026-05-21 09:57:31,.64, Kemiringan (roll) : 3.35
2026-05-21 09:57:31,.64, Kemiringan (roll) : 3.35
2026-05-21 09:57:31,.64, Kemiringan (roll) : 3.35
2026-05-21 09:57:31,.64, Kemiringan (roll) : 3.35
2026-05-21 09:57:31,.64, Kemiringan (roll) : 3.35
2026-05-21 09:57:31,.64, Kemiringan (roll) : 3.35
2026-05-21 09:57:31,.64, Kemiringan (roll) : 3.35
2026-05-21 09:57:31,.64, Kemiringan (roll) : 3.35
2026-05-21 09:57:31,.64, Kemiringan (roll) : 3.35
2026-05-21 09:57:31,.64, Kemiringan (roll) : 3.35
2026-05-21 09:57:31,.64, Kemiringan (roll) : 3.35
2026-05-21 09:57:31,.64, Kemiringan (roll) : 3.35
2026-05-21 09:57:31,.64, Kemiringan (roll) : 3.35
2026-05-21 09:57:31,.64, Kemiringan (roll) : 3.35
2026-05-21 09:57:31,.64, Kemiringan (roll) : 3.35
2026-05-21 09:57:31,.64, Kemiringan (roll) : 3.35
2026-05-21 09:57:31,.64, Kemiringan (roll) : 3.35
2026-05-21 09:57:31,.64, Kemiringan (roll) : 3.35
2026-05-21 09:57:31,.64, Kemiringan (roll) : 3.35
2026-05-21 09:57:31,.64, Kemiringan (roll) : 3.35
2026-05-21 09:57:31,.64, Kemiringan (roll) : 3.35
2026-05-21 09:57:31,.64, Kemiringan (roll) : 3.35
2026-05-21 09:57:31,.64, Kemiringan (roll) : 3.35
2026-05-21 09:57:31,.64, Kemiringan (roll) : 3.35
2026-05-21 09:57:31,.64, Kemiringan (roll) : 3.35
2026-05-21 09:57:31,.64, Kemiringan (roll) : 3.35
2026-05-21 09:57:31,.64, Kemiringan (roll) : 3.35
2026-05-21 09:57:31,.64, Kemiringan (roll) : 3.35
2026-05-21 09:57:31,.64, Kemiringan (roll) : 3.35
2026-05-21 09:57:31,.64, Kemiringan (roll) : 3.35
2026-05-21 09:57:31,.64, Kemiringan (roll) : 3.35
2026-05-21 09:57:31,.64, Kemiringan (roll) : 3.35
2026-05-21 09:57:31,.64, Kemiringan (roll) : 3.35
2026-05-21 09:57:31,.64, Kemiringan (roll) : 3.35
2026-05-21 09:57:31,.64, Kemiringan (roll) : 3.35
2026-05-21 09:57:31,.64, Kemiringan (roll) : 3.35
2026-05-21 09:57:31,.64, Kemiringan (roll) : 3.35
2026-05-21 09:57:31,.64, Kemiringan (roll) : 3.35
2026-05-21 09:57:31,.64, Kemiringan (roll) : 3.35
2026-05-21 09:57:31,.64, Kemiringan (roll) : 3.35
2026-05-21 09:57:31,.64, Kemiringan (roll) : 3.35
2026-05-21 09:57:31,.64, Kemiringan (roll) : 3.35
2026-05-21 09:57:31,.64, Kemiringan (roll) : 3.35
2026-05-21 09:57:31,.64, Kemiringan (roll) : 3.35
2026-05-21 09:57:31,.64, Kemiringan (roll) : 3.35
2026-05-21 09:57:31,.64, Kemiringan (roll) : 3.35
2026-05-21 09:57:31,.64, Kemiringan (roll) : 3.35
2026-05-21 09:57:31,.64, Kemiringan (roll) : 3.35
2026-05-21 09:57:31,.64, Kemiringan (roll) : 3.35
2026-05-21 09:57:31,.64, Kemiringan (roll) : 3.35
2026-05-21 09:57:31,.64, Kemiringan (roll) : 3.35
2026-05-21 09:57:31,.64, Kemiringan (roll) : 3.35
2026-05-21 09:57:31,.64, Kemiringan (roll) : 3.35
2026-05-21 09:57:31,.64, Kemiringan (roll) : 3.35
2026-05-21 09:57:31,.64, Kemiringan (roll) : 3.35
2026-05-21 09:57:31,.64, Kemiringan (roll) : 3.35
2026-05-21 09:57:31,.64, Kemiringan (roll) : 3.35
2026-05-21 09:57:31,.64, Kemiringan (roll) : 3.35
2026-05-21 09:57:31,.64, Kemiringan (roll) : 3.35
2026-05-21 09:57:31,.64, Kemiringan (roll) : 3.35
2026-05-21 09:57:31,.64, Kemiringan (roll) : 3.35
2026-05-21 09:57:31,.64, Kemiringan (roll) : 3.35
2026-05-21 09:57:31,.64, Kemiringan (roll) : 3.35
2026-05-21 09:57:31,.64, Kemiringan (roll) : 3.35
2026-05-21 09:57:31,.64, Kemiringan (roll) : 3.35
2026-05-21 09:57:31,.64, Kemiringan (roll) : 3.35
2026-05-21 09:57:31,.64, Kemiringan (roll) : 3.35
2026-05-21 09:57:31,.64, Kemiringan (roll) : 3.35
2026-05-21 09:57:31,.64, Kemiringan (roll) : 3.35
2026-05-21 09:57:31,.64, Kemiringan (roll) : 3.35
2026-05-21 09:57:31,.64, Kemiringan (roll) : 3.35
2026-05-21 09:57:31,.64, Kemiringan (roll) : 3.35
2026-05-21 09:57:31,.64, Kemiringan (roll) : 3.35
2026-05-21 09:57:31,.64, Kemiringan (roll) : 3.35
2026-05-21 09:57:31,.64, Kemiringan (roll) : 3.35
2026-05-21 09:57:31,.64, Kemiringan (roll) : 3.35
2026-05-21 09:57:31,.64, Kemiringan (roll) : 3.35
2026-05-21 09:57:31,.64, Kemiringan (roll) : 3.35
2026-05-21 09:57:31,.64, Kemiringan (roll) : 3.35
2026-05-21 09:57:31,.64, Kemiringan (roll) : 3.35
2026-05-21 09:57:31,.64, Kemiringan (roll) : 3.35
2026-05-21 09:57:31,.64, Kemiringan (roll) : 3.35
2026-05-21 09:57:31,.64, Kemiringan (roll) : 3.35
2026-05-21 09:57:31,.64, Kemiringan (roll) : 3.35
2026-05-21 09:57:31,.64, Kemiringan (roll) : 3.35
2026-05-21 09:57:31,.64, Kemiringan (roll) : 3.35
2026-05-21 09:57:31,.64, Kemiringan (roll) : 3.35
2026-05-21 09:57:31,.64, Kemiringan (roll) : 3.35
2026-05-21 09:57:31,.64, Kemiringan (roll) : 3.35
2026-05-21 09:57:31,.64, Kemiringan (roll) : 3.35
2026-05-21 09:57:31,.64, Kemiringan (roll) : 3.35
2026-05-21 09:57:31,.64, Kemiringan (roll) : 3.35
2026-05-21 09:57:31,.64, Kemiringan (roll) : 3.35
2026-05-21 09:57:31,.64, Kemiringan (roll) : 3.35
2026-05-21 09:57:31,.64, Kemiringan (roll) : 3.35
2026-05-21 09:57:31,.64, Kemiringan (roll) : 3.35
2026-05-21 09:57:31,.64, Kemiringan (roll) : 3.35
2026-05-21 09:57:31,.64, Kemiringan (roll) : 3.35
2026-05-21 09:57:31,.64, Kemiringan (roll) : 3.35
2026-05-21 09:57:31,.64, Kemiringan (roll) : 3.35
2026-05-21 09:57:31,.64, Kemiringan (roll) : 3.35
2026-05-21 09:57:31,.64, Kemiringan (roll) : 3.35
2026-05-21 09:57:31,.64, Kemiringan (roll) : 3.35
2026-05-21 09:57:31,.64, Kemiringan (roll) : 3.35
2026-05-21 09:57:31,.64, Kemiringan (roll) : 3.35
2026-05-21 09:57:31,.64, Kemiringan (roll) : 3.35
2026-05-21 09:57:31,.64, Kemiringan (roll) : 3.35
2026-05-21 09:57:31,.64, Kemiringan (roll) : 3.35
2026-05-21 09:57:31,.64, Kemiringan (roll) : 3.35
2026-05-21 09:57:31,.64, Kemiringan (roll) : 3.35
2026-05-21 09:57:31,.64, Kemiringan (roll) : 3.35
2026-05-21 09:57:31,.64, Kemiringan (roll) : 3.35
2026-05-21 09:57:31,.64, Kemiringan (roll) : 3.35
2026-05-21 09:57:31,.64, Kemiringan (roll) : 3.35
2026-05-21 09:57:31,.64, Kemiringan (roll) : 3.35
2026-05-21 09:57:31,.64, Kemiringan (roll) : 3.35
2026-05-21 09:57:31,.64, Kemiringan (roll) : 3.35
2026-05-21 09:57:31,.64, Kemiringan (roll) : 3.35
2026-05-21 09:57:31,.64, Kemiringan (roll) : 3.35
2026-05-21 09:57:31,.64, Kemiringan (roll) : 3.35
2026-05-21 09:57:31,.64, Kemiringan (roll) : 3.35
2026-05-21 09:57:31,.64, Kemiringan (roll) : 3.35
2026-05-21 09:57:31,.64, Kemiringan (roll) : 3.35
2026-05-21 09:57:31,.64, Kemiringan (roll) : 3.35
2026-05-21 09:57:31,.64, Kemiringan (roll) : 3.35
2026-05-21 09:57:31,.64, Kemiringan (roll) : 3.35
2026-05-21 09:57:31,.64, Kemiringan (roll) : 3.35
2026-05-21 09:57:31,.64, Kemiringan (roll) : 3.35
2026-05-21 09:57:31,.64, Kemiringan (roll) : 3.35
2026-05-21 09:57:31,.64, Kemiringan (roll) : 3.35
2026-05-21 09:57:31,.64, Kemiringan (roll) : 3.35
2026-05-21 09:57:31,.64, Kemiringan (roll) : 3.35
2026-05-21 09:57:31,.64, Kemiringan (roll) : 3.35
2026-05-21 09:57:31,.64, Kemiringan (roll) : 3.35
2026-05-21 09:57:31,.64, Kemiringan (roll) : 3.35
2026-05-21 09:57:31,.64, Kemiringan (roll) : 3.35
2026-05-21 09:57:31,.64, Kemiringan (roll) : 3.35
2026-05-21 09:57:31,.64, Kemiringan (roll) : 3.35
2026-05-21 09:57:31,.64, Kemiringan (roll) : 3.35
2026-05-21 09:57:31,.64, Kemiringan (roll) : 3.35
2026-05-21 09:57:31,.64, Kemiringan (roll) : 3.35
2026-05-21 09:57:31,.64, Kemiringan (roll) : 3.35
2026-05-21 09:57:31,.64, Kemiringan (roll) : 3.35
2026-05-21 09:57:31,.64, Kemiringan (roll) : 3.35
2026-05-21 09:57:31,.64, Kemiringan (roll) : 3.35
2026-05-21 09:57:31,.64, Kemiringan (roll) : 3.35
2026-05-21 09:57:31,.64, Kemiringan (roll) : 3.35
2026-05-21 09:57:31,.64, Kemiringan (roll) : 3.35
2026-05-21 09:57:31,.64, Kemiringan (roll) : 3.35
2026-05-21 09:57:31,.64, Kemiringan (roll) : 3.35
2026-05-21 09:57:31,.64, Kemiringan (roll) : 3.35
2026-05-21 09:57:31,.64, Kemiringan (roll) : 3.35
2026-05-21 09:57:31,.64, Kemiringan (roll) : 3.35
2026-05-21 09:57:31,.64, Kemiringan (roll) : 3.35
2026-05-21 09:57:31,.64, Kemiringan (roll) : 3.35
2026-05-21 09:57:31,.64, Kemiringan (roll) : 3.35
2026-05-21 09:57:31,.64, Kemiringan (roll) : 3.35
2026-05-21 09:57:31,.64, Kemiringan (roll) : 3.35
2026-05-21 09:57:31,.64, Kemiringan (roll) : 3.35
2026-05-21 09:57:31,.64, Kemiringan (roll) : 3.35
2026-05-21 09:57:31,.64, Kemiringan (roll) : 3.35
2026-05-21 09:57:31,.64, Kemiringan (roll) : 3.35
2026-05-21 09:57:31,.64, Kemiringan (roll) : 3.35
2026-05-21 09:57:31,.64, Kemiringan (roll) : 3.35
2026-05-21 09:57:31,.64, Kemiringan (roll) : 3.35
2026-05-21 09:57:31,.64, Kemiringan (roll) : 3.35
2026-05-21 09:57:31,.64, Kemiringan (roll) : 3.35
2026-05-21 09:57:31,.64, Kemiringan (roll) : 3.35
2026-05-21 09:57:31,.64, Kemiringan (roll) : 3.35
2026-05-21 09:57:31,.64, Kemiringan (roll) : 3.35
2026-05-21 09:57:31,.64, Kemiringan (roll) : 3.35
2026-05-21 09:57:31,.64, Kemiringan (roll) : 3.35
2026-05-21 09:57:31,.64, Kemiringan (roll) : 3.35
2026-05-21 09:57:31,.64, Kemiringan (roll) : 3.35
2026-05-21 09:57:31,.64, Kemiringan (roll) : 3.35
2026-05-21 09:57:31,.64, Kemiringan (roll) : 3.35
2026-05-21 09:57:31,.64, Kemiringan (roll) : 3.35
2026-05-21 09:57:31,.64, Kemiringan (roll) : 3.35
2026-05-21 09:57:31,.64, Kemiringan (roll) : 3.35
2026-05-21 09:57:31,.64, Kemiringan (roll) : 3.35
2026-05-21 09:57:31,.64, Kemiringan (roll) : 3.35
2026-05-21 09:57:31,.64, Kemiringan (roll) : 3.35
2026-05-21 09:57:31,.64, Kemiringan (roll) : 3.35
2026-05-21 09:57:31,.64, Kemiringan (roll) : 3.35
2026-05-21 09:57:31,.64, Kemiringan (roll) : 3.35
2026-05-21 09:57:31,.64, Kemiringan (roll) : 3.35
2026-05-21 09:57:31,.64, Kemiringan (roll) : 3.35
2026-05-21 09:57:31,.64, Kemiringan (roll) : 3.35
2026-05-21 09:57:31,.64, Kemiringan (roll) : 3.35
2026-05-21 09:57:31,.64, Kemiringan (roll) : 3.35
2026-05-21 09:57:31,.64, Kemiringan (roll) : 3.35
2026-05-21 09:57:31,.64, Kemiringan (roll) : 3.35
2026-05-21 09:57:31,.64, Kemiringan (roll) : 3.35
2026-05-21 09:57:31,.64, Kemiringan (roll) : 3.35
2026-05-21 09:57:31,.64, Kemiringan (roll) : 3.35
2026-05-21 09:57:31,.64, Kemiringan (roll) : 3.35
2026-05-21 09:57:31,.64, Kemiringan (roll) : 3.35
2026-05-21 09:57:31,.64, Kemiringan (roll) : 3.35
2026-05-21 09:57:31,.64, Kemiringan (roll) : 3.35
2026-05-21 09:57:31,.64, Kemiringan (roll) : 3.35
2026-05-21 09:57:31,.64, Kemiringan (roll) : 3.35
2026-05-21 09:57:31,.64, Kemiringan (roll) : 3.35
2026-05-21 09:57:31,.64, Kemiringan (roll) : 3.35
2026-05-21 09:57:31,.64, Kemiringan (roll) : 3.35
2026-05-21 09:57:31,.64, Kemiringan (roll) : 3.35
2026-05-21 09:57:31,.64, Kemiringan (roll) : 3.35
2026-05-21 09:57:31,.64, Kemiringan (roll) : 3.35
2026-05-21 09:57:31,.64, Kemiringan (roll) : 3.35
2026-05-21 09:57:31,.64, Kemiringan (roll) : 3.35
2026-05-21 09:57:31,.64, Kemiringan (roll) : 3.35
2026-05-21 09:57:31,.64, Kemiringan (roll) : 3.35
2026-05-21 09:57:31,.64, Kemiringan (roll) : 3.35
2026-05-21 09:57:31,.64, Kemiringan (roll) : 3.35
2026-05-21 09:57:31,.64, Kemiringan (roll) : 3.35
2026-05-21 09:57:31,.64, Kemiringan (roll) : 3.35
2026-05-21 09:57:31,.64, Kemiringan (roll) : 3.35
2026-05-21 09:57:31,.64, Kemiringan (roll) : 3.35
2026-05-21 09:57:31,.64, Kemiringan (roll) : 3.35
2026-05-21 09:57:31,.64, Kemiringan (roll) : 3.35
2026-05-21 09:57:31,.64, Kemiringan (roll) : 3.35
2026-05-21 09:57:31,.64, Kemiringan (roll) : 3.35
2026-05-21 09:57:31,.64, Kemiringan (roll) : 3.35
2026-05-21 09:57:31,.64, Kemiringan (roll) : 3.35
2026-05-21 09:57:31,.64, Kemiringan (roll) : 3.35
2026-05-21 09:57:31,.64, Kemiringan (roll) : 3.35
2026-05-21 09:57:31,.64, Kemiringan (roll) : 3.35
2026-05-21 09:57:31,.64, Kemiringan (roll) : 3.35
2026-05-21 09:57:31,.64, Kemiringan (roll) : 3.35
2026-05-21 09:57:31,.64, Kemiringan (roll) : 3.35
2026-05-21 09:57:31,.64, Kemiringan (roll) : 3.35
2026-05-21 09:57:31,.64, Kemiringan (roll) : 3.35
2026-05-21 09:57:31,.64, Kemiringan (roll) : 3.35
2026-05-21 09:57:31,.64, Kemiringan (roll) : 3.35
2026-05-21 09:57:31,.64, Kemiringan (roll) : 3.35
2026-05-21 09:57:31,.64, Kemiringan (roll) : 3.35
2026-05-21 09:57:31,.64, Kemiringan (roll) : 3.35
2026-05-21 09:57:31,.64, Kemiringan (roll) : 3.35
2026-05-21 09:57:31,.64, Kemiringan (roll) : 3.35
2026-05-21 09:57:31,.64, Kemiringan (roll) : 3.35
2026-05-21 09:57:31,.64, Kemiringan (roll) : 3.35
2026-05-21 09:57:31,.64, Kemiringan (roll) : 3.35
2026-05-21 09:57:31,.64, Kemiringan (roll) : 3.35
2026-05-21 09:57:31,.64, Kemiringan (roll) : 3.35
2026-05-21 09:57:31,.64, Kemiringan (roll) : 3.35
2026-05-21 09:57:31,.64, Kemiringan (roll) : 3.35
2026-05-21 09:57:31,.64, Kemiringan (roll) : 3.35
2026-05-21 09:57:31,.64, Kemiringan (roll) : 3.35
2026-05-21 09:57:31,.64, Kemiringan (roll) : 3.35
2026-05-21 09:57:31,.64, Kemiringan (roll) : 3.35
2026-05-21 09:57:31,.64, Kemiringan (roll) : 3.35
2026-05-21 09:57:31,.64, Kemiringan (roll) : 3.35
2026-05-21 09:57:31,.64, Kemiringan (roll) : 3.35
2026-05-21 09:57:31,.64, Kemiringan (roll) : 3.35
2026-05-21 09:57:31,.64, Kemiringan (roll) : 3.35
2026-05-21 09:57:31,.64, Kemiringan (roll) : 3.35
2026-05-21 09:57:31,.64, Kemiringan (roll) : 3.35
2026-05-21 09:57:31,.64, Kemiringan (roll) : 3.35
2026-05-21 09:57:31,.64, Kemiringan (roll) : 3.35
2026-05-21 09:57:31,.64, Kemiringan (roll) : 3.35
2026-05-21 09:57:31,.64, Kemiringan (roll) : 3.35
2026-05-21 09:57:31,.64, Kemiringan (roll) : 3.35
2026-05-21 09:57:31,.64, Kemiringan (roll) : 3.35
2026-05-21 09:57:31,.64, Kemiringan (roll) : 3.35
2026-05-21 09:57:31,.64, Kemiringan (roll) : 3.35
2026-05-21 09:57:31,.64, Kemiringan (roll) : 3.35
2026-05-21 09:57:31,.64, Kemiringan (roll) : 3.35
2026-05-21 09:57:31,.64, Kemiringan (roll) : 3.35
2026-05-21 09:57:31,.64, Kemiringan (roll) : 3.35
2026-05-21 09:57:31,.64, Kemiringan (roll) : 3.35
2026-05-21 09:57:31,.64, Kemiringan (roll) : 3.35
2026-05-21 09:57:31,.64, Kemiringan (roll) : 3.35
2026-05-21 09:57:31,.64, Kemiringan (roll) : 3.35
2026-05-21 09:57:31,.64, Kemiringan (roll) : 3.35
2026-05-21 09:57:31,.64, Kemiringan (roll) : 3.35
2026-05-21 09:57:31,.64, Kemiringan (roll) : 3.35
2026-05-21 09:57:31,.64, Kemiringan (roll) : 3.35
2026-05-21 09:57:31,.64, Kemiringan (roll) : 3.35
2026-05-21 09:57:31,.64, Kemiringan (roll) : 3.35
2026-05-21 09:57:31,.64, Kemiringan (roll) : 3.35
2026-05-21 09:57:31,.64, Kemiringan (roll) : 3.35
2026-05-21 09:57:31,.64, Kemiringan (roll) : 3.35
2026-05-21 09:57:31,.64, Kemiringan (roll) : 3.35
2026-05-21 09:57:31,.64, Kemiringan (roll) : 3.35
2026-05-21 09:57:31,.64, Kemiringan (roll) : 3.35
2026-05-21 09:57:31,.64, Kemiringan (roll) : 3.35
2026-05-21 09:57:31,.64, Kemiringan (roll) : 3.35
2026-05-21 09:57:31,.64, Kemiringan (roll) : 3.35
2026-05-21 09:57:31,.64, Kemiringan (roll) : 3.35
2026-05-21 09:57:31,.64, Kemiringan (roll) : 3.35
2026-05-21 09:57:31,.64, Kemiringan (roll) : 3.35
2026-05-21 09:57:31,.64, Kemiringan (roll) : 3.35
2026-05-21 09:57:31,.64, Kemiringan (roll) : 3.35
2026-05-21 09:57:31,.64, Kemiringan (roll) : 3.35
2026-05-21 09:57:31,.64, Kemiringan (roll) : 3.35
2026-05-21 09:57:31,.64, Kemiringan (roll) : 3.35
2026-05-21 09:57:31,1997.73, Kemiringan (pitch) : 4.53, Kemiringan (roll) : 2.13
2026-05-21 09:57:31,.53, Kemiringan (roll) : 2.13
2026-05-21 09:57:31,.53, Kemiringan (roll) : 2.13
2026-05-21 09:57:31,.53, Kemiringan (roll) : 2.13
2026-05-21 09:57:31,.53, Kemiringan (roll) : 2.13
2026-05-21 09:57:31,.53, Kemiringan (roll) : 2.13
2026-05-21 09:57:31,.53, Kemiringan (roll) : 2.13
2026-05-21 09:57:31,.53, Kemiringan (roll) : 2.13
2026-05-21 09:57:31,.53, Kemiringan (roll) : 2.13
2026-05-21 09:57:31,.53, Kemiringan (roll) : 2.13
2026-05-21 09:57:31,.53, Kemiringan (roll) : 2.13
2026-05-21 09:57:31,.53, Kemiringan (roll) : 2.13
2026-05-21 09:57:31,.53, Kemiringan (roll) : 2.13
2026-05-21 09:57:31,.53, Kemiringan (roll) : 2.13
2026-05-21 09:57:31,.53, Kemiringan (roll) : 2.13
2026-05-21 09:57:31,.53, Kemiringan (roll) : 2.13
2026-05-21 09:57:31,.53, Kemiringan (roll) : 2.13
2026-05-21 09:57:31,.53, Kemiringan (roll) : 2.13
2026-05-21 09:57:31,.53, Kemiringan (roll) : 2.13
2026-05-21 09:57:31,.53, Kemiringan (roll) : 2.13
2026-05-21 09:57:31,.53, Kemiringan (roll) : 2.13
2026-05-21 09:57:31,.53, Kemiringan (roll) : 2.13
2026-05-21 09:57:31,.53, Kemiringan (roll) : 2.13
2026-05-21 09:57:31,.53, Kemiringan (roll) : 2.13
2026-05-21 09:57:31,.53, Kemiringan (roll) : 2.13
2026-05-21 09:57:31,.53, Kemiringan (roll) : 2.13
2026-05-21 09:57:31,.53, Kemiringan (roll) : 2.13
2026-05-21 09:57:31,.53, Kemiringan (roll) : 2.13
2026-05-21 09:57:31,.53, Kemiringan (roll) : 2.13
2026-05-21 09:57:31,.53, Kemiringan (roll) : 2.13
2026-05-21 09:57:31,.53, Kemiringan (roll) : 2.13
2026-05-21 09:57:31,.53, Kemiringan (roll) : 2.13
2026-05-21 09:57:31,.53, Kemiringan (roll) : 2.13
2026-05-21 09:57:31,.53, Kemiringan (roll) : 2.13
2026-05-21 09:57:31,.53, Kemiringan (roll) : 2.13
2026-05-21 09:57:31,.53, Kemiringan (roll) : 2.13
2026-05-21 09:57:31,.53, Kemiringan (roll) : 2.13
2026-05-21 09:57:31,.53, Kemiringan (roll) : 2.13
2026-05-21 09:57:31,.53, Kemiringan (roll) : 2.13
2026-05-21 09:57:31,.53, Kemiringan (roll) : 2.13
2026-05-21 09:57:31,.53, Kemiringan (roll) : 2.13
2026-05-21 09:57:31,.53, Kemiringan (roll) : 2.13
2026-05-21 09:57:31,.53, Kemiringan (roll) : 2.13
2026-05-21 09:57:31,.53, Kemiringan (roll) : 2.13
2026-05-21 09:57:31,.53, Kemiringan (roll) : 2.13
2026-05-21 09:57:31,.53, Kemiringan (roll) : 2.13
2026-05-21 09:57:31,.53, Kemiringan (roll) : 2.13
2026-05-21 09:57:31,.53, Kemiringan (roll) : 2.13
2026-05-21 09:57:31,.53, Kemiringan (roll) : 2.13
2026-05-21 09:57:31,.53, Kemiringan (roll) : 2.13
2026-05-21 09:57:31,.53, Kemiringan (roll) : 2.13
2026-05-21 09:57:31,.53, Kemiringan (roll) : 2.13
2026-05-21 09:57:31,.53, Kemiringan (roll) : 2.13
2026-05-21 09:57:31,.53, Kemiringan (roll) : 2.13
2026-05-21 09:57:31,.53, Kemiringan (roll) : 2.13
2026-05-21 09:57:31,.53, Kemiringan (roll) : 2.13
2026-05-21 09:57:31,.53, Kemiringan (roll) : 2.13
2026-05-21 09:57:31,.53, Kemiringan (roll) : 2.13
2026-05-21 09:57:31,.53, Kemiringan (roll) : 2.13
2026-05-21 09:57:31,.53, Kemiringan (roll) : 2.13
2026-05-21 09:57:31,.53, Kemiringan (roll) : 2.13
2026-05-21 09:57:31,.53, Kemiringan (roll) : 2.13
2026-05-21 09:57:31,.53, Kemiringan (roll) : 2.13
2026-05-21 09:57:31,.53, Kemiringan (roll) : 2.13
2026-05-21 09:57:31,.53, Kemiringan (roll) : 2.13
2026-05-21 09:57:31,.53, Kemiringan (roll) : 2.13
2026-05-21 09:57:31,.53, Kemiringan (roll) : 2.13
2026-05-21 09:57:31,.53, Kemiringan (roll) : 2.13
2026-05-21 09:57:31,.53, Kemiringan (roll) : 2.13
2026-05-21 09:57:31,.53, Kemiringan (roll) : 2.13
2026-05-21 09:57:31,.53, Kemiringan (roll) : 2.13
2026-05-21 09:57:31,.53, Kemiringan (roll) : 2.13
2026-05-21 09:57:31,.53, Kemiringan (roll) : 2.13
2026-05-21 09:57:31,.53, Kemiringan (roll) : 2.13
2026-05-21 09:57:31,.53, Kemiringan (roll) : 2.13
2026-05-21 09:57:31,.53, Kemiringan (roll) : 2.13
2026-05-21 09:57:31,.53, Kemiringan (roll) : 2.13
2026-05-21 09:57:31,.53, Kemiringan (roll) : 2.13
2026-05-21 09:57:31,.53, Kemiringan (roll) : 2.13
2026-05-21 09:57:31,.53, Kemiringan (roll) : 2.13
2026-05-21 09:57:31,.53, Kemiringan (roll) : 2.13
2026-05-21 09:57:31,.53, Kemiringan (roll) : 2.13
2026-05-21 09:57:31,.53, Kemiringan (roll) : 2.13
2026-05-21 09:57:31,.53, Kemiringan (roll) : 2.13
2026-05-21 09:57:31,.53, Kemiringan (roll) : 2.13
2026-05-21 09:57:31,.53, Kemiringan (roll) : 2.13
2026-05-21 09:57:31,.53, Kemiringan (roll) : 2.13
2026-05-21 09:57:31,.53, Kemiringan (roll) : 2.13
2026-05-21 09:57:31,.53, Kemiringan (roll) : 2.13
2026-05-21 09:57:31,.53, Kemiringan (roll) : 2.13
2026-05-21 09:57:31,.53, Kemiringan (roll) : 2.13
2026-05-21 09:57:31,.53, Kemiringan (roll) : 2.13
2026-05-21 09:57:31,.53, Kemiringan (roll) : 2.13
2026-05-21 09:57:31,.53, Kemiringan (roll) : 2.13
2026-05-21 09:57:31,.53, Kemiringan (roll) : 2.13
2026-05-21 09:57:31,.53, Kemiringan (roll) : 2.13
2026-05-21 09:57:31,.53, Kemiringan (roll) : 2.13
2026-05-21 09:57:31,.53, Kemiringan (roll) : 2.13
2026-05-21 09:57:31,.53, Kemiringan (roll) : 2.13
2026-05-21 09:57:31,.53, Kemiringan (roll) : 2.13
2026-05-21 09:57:31,.53, Kemiringan (roll) : 2.13
2026-05-21 09:57:31,.53, Kemiringan (roll) : 2.13
2026-05-21 09:57:31,.53, Kemiringan (roll) : 2.13
2026-05-21 09:57:31,.53, Kemiringan (roll) : 2.13
2026-05-21 09:57:31,.53, Kemiringan (roll) : 2.13
2026-05-21 09:57:31,.53, Kemiringan (roll) : 2.13
2026-05-21 09:57:31,.53, Kemiringan (roll) : 2.13
2026-05-21 09:57:31,.53, Kemiringan (roll) : 2.13
2026-05-21 09:57:31,.53, Kemiringan (roll) : 2.13
2026-05-21 09:57:31,.53, Kemiringan (roll) : 2.13
2026-05-21 09:57:31,.53, Kemiringan (roll) : 2.13
2026-05-21 09:57:31,.53, Kemiringan (roll) : 2.13
2026-05-21 09:57:31,.53, Kemiringan (roll) : 2.13
2026-05-21 09:57:31,.53, Kemiringan (roll) : 2.13
2026-05-21 09:57:31,.53, Kemiringan (roll) : 2.13
2026-05-21 09:57:31,.53, Kemiringan (roll) : 2.13
2026-05-21 09:57:31,.53, Kemiringan (roll) : 2.13
2026-05-21 09:57:31,.53, Kemiringan (roll) : 2.13
2026-05-21 09:57:31,.53, Kemiringan (roll) : 2.13
2026-05-21 09:57:31,.53, Kemiringan (roll) : 2.13
2026-05-21 09:57:31,.53, Kemiringan (roll) : 2.13
2026-05-21 09:57:31,.53, Kemiringan (roll) : 2.13
2026-05-21 09:57:31,.53, Kemiringan (roll) : 2.13
2026-05-21 09:57:31,.53, Kemiringan (roll) : 2.13
2026-05-21 09:57:31,.53, Kemiringan (roll) : 2.13
2026-05-21 09:57:31,.53, Kemiringan (roll) : 2.13
2026-05-21 09:57:31,.53, Kemiringan (roll) : 2.13
2026-05-21 09:57:31,.53, Kemiringan (roll) : 2.13
2026-05-21 09:57:31,.53, Kemiringan (roll) : 2.13
2026-05-21 09:57:31,.53, Kemiringan (roll) : 2.13
2026-05-21 09:57:31,.53, Kemiringan (roll) : 2.13
2026-05-21 09:57:31,.53, Kemiringan (roll) : 2.13
2026-05-21 09:57:31,.53, Kemiringan (roll) : 2.13
2026-05-21 09:57:31,.53, Kemiringan (roll) : 2.13
2026-05-21 09:57:31,.53, Kemiringan (roll) : 2.13
2026-05-21 09:57:31,.53, Kemiringan (roll) : 2.13
2026-05-21 09:57:31,.53, Kemiringan (roll) : 2.13
2026-05-21 09:57:31,.53, Kemiringan (roll) : 2.13
2026-05-21 09:57:31,.53, Kemiringan (roll) : 2.13
2026-05-21 09:57:31,.53, Kemiringan (roll) : 2.13
2026-05-21 09:57:31,.53, Kemiringan (roll) : 2.13
2026-05-21 09:57:31,.53, Kemiringan (roll) : 2.13
2026-05-21 09:57:31,.53, Kemiringan (roll) : 2.13
2026-05-21 09:57:31,.53, Kemiringan (roll) : 2.13
2026-05-21 09:57:31,.53, Kemiringan (roll) : 2.13
2026-05-21 09:57:31,.53, Kemiringan (roll) : 2.13
2026-05-21 09:57:31,.53, Kemiringan (roll) : 2.13
2026-05-21 09:57:31,.53, Kemiringan (roll) : 2.13
2026-05-21 09:57:31,.53, Kemiringan (roll) : 2.13
2026-05-21 09:57:31,.53, Kemiringan (roll) : 2.13
2026-05-21 09:57:31,.53, Kemiringan (roll) : 2.13
2026-05-21 09:57:31,.53, Kemiringan (roll) : 2.13
2026-05-21 09:57:31,.53, Kemiringan (roll) : 2.13
2026-05-21 09:57:31,.53, Kemiringan (roll) : 2.13
2026-05-21 09:57:31,.53, Kemiringan (roll) : 2.13
2026-05-21 09:57:31,.53, Kemiringan (roll) : 2.13
2026-05-21 09:57:31,.53, Kemiringan (roll) : 2.13
2026-05-21 09:57:31,.53, Kemiringan (roll) : 2.13
2026-05-21 09:57:31,.53, Kemiringan (roll) : 2.13
2026-05-21 09:57:31,.53, Kemiringan (roll) : 2.13
2026-05-21 09:57:31,.53, Kemiringan (roll) : 2.13
2026-05-21 09:57:31,.53, Kemiringan (roll) : 2.13
2026-05-21 09:57:31,.53, Kemiringan (roll) : 2.13
2026-05-21 09:57:31,.53, Kemiringan (roll) : 2.13
2026-05-21 09:57:31,.53, Kemiringan (roll) : 2.13
2026-05-21 09:57:31,.53, Kemiringan (roll) : 2.13
2026-05-21 09:57:31,.53, Kemiringan (roll) : 2.13
2026-05-21 09:57:31,.53, Kemiringan (roll) : 2.13
2026-05-21 09:57:31,.53, Kemiringan (roll) : 2.13
2026-05-21 09:57:31,.53, Kemiringan (roll) : 2.13
2026-05-21 09:57:31,.53, Kemiringan (roll) : 2.13
2026-05-21 09:57:31,.53, Kemiringan (roll) : 2.13
2026-05-21 09:57:31,.53, Kemiringan (roll) : 2.13
2026-05-21 09:57:31,.53, Kemiringan (roll) : 2.13
2026-05-21 09:57:31,.53, Kemiringan (roll) : 2.13
2026-05-21 09:57:31,.53, Kemiringan (roll) : 2.13
2026-05-21 09:57:31,.53, Kemiringan (roll) : 2.13
2026-05-21 09:57:31,.53, Kemiringan (roll) : 2.13
2026-05-21 09:57:31,.53, Kemiringan (roll) : 2.13
2026-05-21 09:57:31,.53, Kemiringan (roll) : 2.13
2026-05-21 09:57:31,.53, Kemiringan (roll) : 2.13
2026-05-21 09:57:31,.53, Kemiringan (roll) : 2.13
2026-05-21 09:57:31,.53, Kemiringan (roll) : 2.13
2026-05-21 09:57:31,.53, Kemiringan (roll) : 2.13
2026-05-21 09:57:31,.53, Kemiringan (roll) : 2.13
2026-05-21 09:57:31,.53, Kemiringan (roll) : 2.13
2026-05-21 09:57:31,.53, Kemiringan (roll) : 2.13
2026-05-21 09:57:31,.53, Kemiringan (roll) : 2.13
2026-05-21 09:57:31,.53, Kemiringan (roll) : 2.13
2026-05-21 09:57:31,.53, Kemiringan (roll) : 2.13
2026-05-21 09:57:31,.53, Kemiringan (roll) : 2.13
2026-05-21 09:57:31,.53, Kemiringan (roll) : 2.13
2026-05-21 09:57:31,.53, Kemiringan (roll) : 2.13
2026-05-21 09:57:31,.53, Kemiringan (roll) : 2.13
2026-05-21 09:57:31,.53, Kemiringan (roll) : 2.13
2026-05-21 09:57:31,.53, Kemiringan (roll) : 2.13
2026-05-21 09:57:31,.53, Kemiringan (roll) : 2.13
2026-05-21 09:57:31,.53, Kemiringan (roll) : 2.13
2026-05-21 09:57:31,.53, Kemiringan (roll) : 2.13
2026-05-21 09:57:31,.53, Kemiringan (roll) : 2.13
2026-05-21 09:57:31,.53, Kemiringan (roll) : 2.13
2026-05-21 09:57:31,.53, Kemiringan (roll) : 2.13
2026-05-21 09:57:31,.53, Kemiringan (roll) : 2.13
2026-05-21 09:57:31,.53, Kemiringan (roll) : 2.13
2026-05-21 09:57:31,.53, Kemiringan (roll) : 2.13
2026-05-21 09:57:31,.53, Kemiringan (roll) : 2.13
2026-05-21 09:57:31,.53, Kemiringan (roll) : 2.13
2026-05-21 09:57:31,.53, Kemiringan (roll) : 2.13
2026-05-21 09:57:31,.53, Kemiringan (roll) : 2.13
2026-05-21 09:57:31,.53, Kemiringan (roll) : 2.13
2026-05-21 09:57:31,.53, Kemiringan (roll) : 2.13
2026-05-21 09:57:31,.53, Kemiringan (roll) : 2.13
2026-05-21 09:57:31,.53, Kemiringan (roll) : 2.13
2026-05-21 09:57:31,.53, Kemiringan (roll) : 2.13
2026-05-21 09:57:31,.53, Kemiringan (roll) : 2.13
2026-05-21 09:57:31,.53, Kemiringan (roll) : 2.13
2026-05-21 09:57:31,.53, Kemiringan (roll) : 2.13
2026-05-21 09:57:31,.53, Kemiringan (roll) : 2.13
2026-05-21 09:57:31,.53, Kemiringan (roll) : 2.13
2026-05-21 09:57:31,.53, Kemiringan (roll) : 2.13
2026-05-21 09:57:31,.53, Kemiringan (roll) : 2.13
2026-05-21 09:57:31,.53, Kemiringan (roll) : 2.13
2026-05-21 09:57:31,.53, Kemiringan (roll) : 2.13
2026-05-21 09:57:31,.53, Kemiringan (roll) : 2.13
2026-05-21 09:57:31,.53, Kemiringan (roll) : 2.13
2026-05-21 09:57:31,.53, Kemiringan (roll) : 2.13
2026-05-21 09:57:31,.53, Kemiringan (roll) : 2.13
2026-05-21 09:57:31,.53, Kemiringan (roll) : 2.13
2026-05-21 09:57:31,.53, Kemiringan (roll) : 2.13
2026-05-21 09:57:31,.53, Kemiringan (roll) : 2.13
2026-05-21 09:57:31,.53, Kemiringan (roll) : 2.13
2026-05-21 09:57:31,.53, Kemiringan (roll) : 2.13
2026-05-21 09:57:31,.53, Kemiringan (roll) : 2.13
2026-05-21 09:57:31,.53, Kemiringan (roll) : 2.13
2026-05-21 09:57:31,.53, Kemiringan (roll) : 2.13
2026-05-21 09:57:31,.53, Kemiringan (roll) : 2.13
2026-05-21 09:57:31,.53, Kemiringan (roll) : 2.13
2026-05-21 09:57:31,.53, Kemiringan (roll) : 2.13
2026-05-21 09:57:31,.53, Kemiringan (roll) : 2.13
2026-05-21 09:57:31,.53, Kemiringan (roll) : 2.13
2026-05-21 09:57:31,.53, Kemiringan (roll) : 2.13
2026-05-21 09:57:31,.53, Kemiringan (roll) : 2.13
2026-05-21 09:57:31,.53, Kemiringan (roll) : 2.13
2026-05-21 09:57:31,.53, Kemiringan (roll) : 2.13
2026-05-21 09:57:31,.53, Kemiringan (roll) : 2.13
2026-05-21 09:57:31,.53, Kemiringan (roll) : 2.13
2026-05-21 09:57:31,.53, Kemiringan (roll) : 2.13
2026-05-21 09:57:31,.53, Kemiringan (roll) : 2.13
2026-05-21 09:57:31,.53, Kemiringan (roll) : 2.13
2026-05-21 09:57:31,.53, Kemiringan (roll) : 2.13
2026-05-21 09:57:31,.53, Kemiringan (roll) : 2.13
2026-05-21 09:57:31,.53, Kemiringan (roll) : 2.13
2026-05-21 09:57:31,.53, Kemiringan (roll) : 2.13
2026-05-21 09:57:31,.53, Kemiringan (roll) : 2.13
2026-05-21 09:57:31,.53, Kemiringan (roll) : 2.13
2026-05-21 09:57:31,.53, Kemiringan (roll) : 2.13
2026-05-21 09:57:31,.53, Kemiringan (roll) : 2.13
2026-05-21 09:57:31,.53, Kemiringan (roll) : 2.13
2026-05-21 09:57:31,.53, Kemiringan (roll) : 2.13
2026-05-21 09:57:31,.53, Kemiringan (roll) : 2.13
2026-05-21 09:57:31,.53, Kemiringan (roll) : 2.13
2026-05-21 09:57:31,.53, Kemiringan (roll) : 2.13
2026-05-21 09:57:31,.53, Kemiringan (roll) : 2.13
2026-05-21 09:57:31,.53, Kemiringan (roll) : 2.13
2026-05-21 09:57:31,.53, Kemiringan (roll) : 2.13
2026-05-21 09:57:31,.53, Kemiringan (roll) : 2.13
2026-05-21 09:57:31,.53, Kemiringan (roll) : 2.13
2026-05-21 09:57:31,.53, Kemiringan (roll) : 2.13
2026-05-21 09:57:31,.53, Kemiringan (roll) : 2.13
2026-05-21 09:57:31,.53, Kemiringan (roll) : 2.13
2026-05-21 09:57:31,.53, Kemiringan (roll) : 2.13
2026-05-21 09:57:31,.53, Kemiringan (roll) : 2.13
2026-05-21 09:57:31,.53, Kemiringan (roll) : 2.13
2026-05-21 09:57:31,.53, Kemiringan (roll) : 2.13
2026-05-21 09:57:31,.53, Kemiringan (roll) : 2.13
2026-05-21 09:57:31,.53, Kemiringan (roll) : 2.13
2026-05-21 09:57:31,.53, Kemiringan (roll) : 2.13
2026-05-21 09:57:31,.53, Kemiringan (roll) : 2.13
2026-05-21 09:57:31,.53, Kemiringan (roll) : 2.13
2026-05-21 09:57:31,.53, Kemiringan (roll) : 2.13
2026-05-21 09:57:31,.53, Kemiringan (roll) : 2.13
2026-05-21 09:57:31,.53, Kemiringan (roll) : 2.13
2026-05-21 09:57:31,.53, Kemiringan (roll) : 2.13
2026-05-21 09:57:31,.53, Kemiringan (roll) : 2.13
2026-05-21 09:57:31,.53, Kemiringan (roll) : 2.13
2026-05-21 09:57:31,.53, Kemiringan (roll) : 2.13
2026-05-21 09:57:31,.53, Kemiringan (roll) : 2.13
2026-05-21 09:57:31,.53, Kemiringan (roll) : 2.13
2026-05-21 09:57:31,.53, Kemiringan (roll) : 2.13
2026-05-21 09:57:31,.53, Kemiringan (roll) : 2.13
2026-05-21 09:57:31,.53, Kemiringan (roll) : 2.13
2026-05-21 09:57:31,.53, Kemiringan (roll) : 2.13
2026-05-21 09:57:31,.53, Kemiringan (roll) : 2.13
2026-05-21 09:57:31,.53, Kemiringan (roll) : 2.13
2026-05-21 09:57:31,.53, Kemiringan (roll) : 2.13
2026-05-21 09:57:31,.53, Kemiringan (roll) : 2.13
2026-05-21 09:57:31,.53, Kemiringan (roll) : 2.13
2026-05-21 09:57:31,.53, Kemiringan (roll) : 2.13
2026-05-21 09:57:31,.53, Kemiringan (roll) : 2.13
2026-05-21 09:57:31,.53, Kemiringan (roll) : 2.13
2026-05-21 09:57:31,.53, Kemiringan (roll) : 2.13
2026-05-21 09:57:31,.53, Kemiringan (roll) : 2.13
2026-05-21 09:57:31,.53, Kemiringan (roll) : 2.13
2026-05-21 09:57:31,.53, Kemiringan (roll) : 2.13
2026-05-21 09:57:31,.53, Kemiringan (roll) : 2.13
2026-05-21 09:57:31,.53, Kemiringan (roll) : 2.13
2026-05-21 09:57:31,.53, Kemiringan (roll) : 2.13
2026-05-21 09:57:31,.53, Kemiringan (roll) : 2.13
2026-05-21 09:57:31,.53, Kemiringan (roll) : 2.13
2026-05-21 09:57:31,.53, Kemiringan (roll) : 2.13
2026-05-21 09:57:31,.53, Kemiringan (roll) : 2.13
2026-05-21 09:57:31,.53, Kemiringan (roll) : 2.13
2026-05-21 09:57:31,.53, Kemiringan (roll) : 2.13
2026-05-21 09:57:31,.53, Kemiringan (roll) : 2.13
2026-05-21 09:57:31,.53, Kemiringan (roll) : 2.13
2026-05-21 09:57:31,.53, Kemiringan (roll) : 2.13
2026-05-21 09:57:31,.53, Kemiringan (roll) : 2.13
2026-05-21 09:57:31,.53, Kemiringan (roll) : 2.13
2026-05-21 09:57:31,.53, Kemiringan (roll) : 2.13
2026-05-21 09:57:31,.53, Kemiringan (roll) : 2.13
2026-05-21 09:57:31,.53, Kemiringan (roll) : 2.13
2026-05-21 09:57:31,.53, Kemiringan (roll) : 2.13
2026-05-21 09:57:31,.53, Kemiringan (roll) : 2.13
2026-05-21 09:57:31,.53, Kemiringan (roll) : 2.13
2026-05-21 09:57:31,.53, Kemiringan (roll) : 2.13
2026-05-21 09:57:31,.53, Kemiringan (roll) : 2.13
2026-05-21 09:57:31,.53, Kemiringan (roll) : 2.13
2026-05-21 09:57:31,.53, Kemiringan (roll) : 2.13
2026-05-21 09:57:31,.53, Kemiringan (roll) : 2.13
2026-05-21 09:57:31,.53, Kemiringan (roll) : 2.13
2026-05-21 09:57:31,.53, Kemiringan (roll) : 2.13
2026-05-21 09:57:31,.53, Kemiringan (roll) : 2.13
2026-05-21 09:57:31,.53, Kemiringan (roll) : 2.13
2026-05-21 09:57:31,.53, Kemiringan (roll) : 2.13
2026-05-21 09:57:31,.53, Kemiringan (roll) : 2.13
2026-05-21 09:57:31,.53, Kemiringan (roll) : 2.13
2026-05-21 09:57:31,.53, Kemiringan (roll) : 2.13
2026-05-21 09:57:31,.53, Kemiringan (roll) : 2.13
2026-05-21 09:57:31,.53, Kemiringan (roll) : 2.13
2026-05-21 09:57:31,.53, Kemiringan (roll) : 2.13
2026-05-21 09:57:31,.53, Kemiringan (roll) : 2.13
2026-05-21 09:57:31,.53, Kemiringan (roll) : 2.13
2026-05-21 09:57:31,.53, Kemiringan (roll) : 2.13
2026-05-21 09:57:31,.53, Kemiringan (roll) : 2.13
2026-05-21 09:57:31,.53, Kemiringan (roll) : 2.13
2026-05-21 09:57:31,.53, Kemiringan (roll) : 2.13
2026-05-21 09:57:31,.53, Kemiringan (roll) : 2.13
2026-05-21 09:57:31,.53, Kemiringan (roll) : 2.13
2026-05-21 09:57:31,.53, Kemiringan (roll) : 2.13
2026-05-21 09:57:31,.53, Kemiringan (roll) : 2.13
2026-05-21 09:57:31,.53, Kemiringan (roll) : 2.13
2026-05-21 09:57:31,.53, Kemiringan (roll) : 2.13
2026-05-21 09:57:31,.53, Kemiringan (roll) : 2.13
2026-05-21 09:57:31,.53, Kemiringan (roll) : 2.13
2026-05-21 09:57:31,.53, Kemiringan (roll) : 2.13
2026-05-21 09:57:31,.53, Kemiringan (roll) : 2.13
2026-05-21 09:57:31,.53, Kemiringan (roll) : 2.13
2026-05-21 09:57:31,.53, Kemiringan (roll) : 2.13
2026-05-21 09:57:31,.53, Kemiringan (roll) : 2.13
2026-05-21 09:57:31,.53, Kemiringan (roll) : 2.13
2026-05-21 09:57:31,.53, Kemiringan (roll) : 2.13
2026-05-21 09:57:31,.53, Kemiringan (roll) : 2.13
2026-05-21 09:57:31,.53, Kemiringan (roll) : 2.13
2026-05-21 09:57:31,.53, Kemiringan (roll) : 2.13
2026-05-21 09:57:31,.53, Kemiringan (roll) : 2.13
2026-05-21 09:57:31,.53, Kemiringan (roll) : 2.13
2026-05-21 09:57:31,.53, Kemiringan (roll) : 2.13
2026-05-21 09:57:31,.53, Kemiringan (roll) : 2.13
2026-05-21 09:57:31,.53, Kemiringan (roll) : 2.13
2026-05-21 09:57:31,.53, Kemiringan (roll) : 2.13
2026-05-21 09:57:31,.53, Kemiringan (roll) : 2.13
2026-05-21 09:57:31,.53, Kemiringan (roll) : 2.13
2026-05-21 09:57:31,.53, Kemiringan (roll) : 2.13
2026-05-21 09:57:31,.53, Kemiringan (roll) : 2.13
2026-05-21 09:57:31,.53, Kemiringan (roll) : 2.13
2026-05-21 09:57:31,.53, Kemiringan (roll) : 2.13
2026-05-21 09:57:31,.53, Kemiringan (roll) : 2.13
2026-05-21 09:57:31,.53, Kemiringan (roll) : 2.13
2026-05-21 09:57:31,.53, Kemiringan (roll) : 2.13
2026-05-21 09:57:31,.53, Kemiringan (roll) : 2.13
2026-05-21 09:57:31,.53, Kemiringan (roll) : 2.13
2026-05-21 09:57:31,.53, Kemiringan (roll) : 2.13
2026-05-21 09:57:31,.53, Kemiringan (roll) : 2.13
2026-05-21 09:57:31,.53, Kemiringan (roll) : 2.13
2026-05-21 09:57:31,.53, Kemiringan (roll) : 2.13
2026-05-21 09:57:31,.53, Kemiringan (roll) : 2.13
2026-05-21 09:57:31,.53, Kemiringan (roll) : 2.13
2026-05-21 09:57:31,.53, Kemiringan (roll) : 2.13
2026-05-21 09:57:31,.53, Kemiringan (roll) : 2.13
2026-05-21 09:57:31,.53, Kemiringan (roll) : 2.13
2026-05-21 09:57:31,.53, Kemiringan (roll) : 2.13
2026-05-21 09:57:31,.53, Kemiringan (roll) : 2.13
2026-05-21 09:57:31,.53, Kemiringan (roll) : 2.13
2026-05-21 09:57:31,.53, Kemiringan (roll) : 2.13
2026-05-21 09:57:31,.53, Kemiringan (roll) : 2.13
2026-05-21 09:57:31,.53, Kemiringan (roll) : 2.13
2026-05-21 09:57:31,.53, Kemiringan (roll) : 2.13
2026-05-21 09:57:31,.53, Kemiringan (roll) : 2.13
2026-05-21 09:57:31,.53, Kemiringan (roll) : 2.13
2026-05-21 09:57:31,.53, Kemiringan (roll) : 2.13
2026-05-21 09:57:31,.53, Kemiringan (roll) : 2.13
2026-05-21 09:57:31,.53, Kemiringan (roll) : 2.13
2026-05-21 09:57:31,.53, Kemiringan (roll) : 2.13
2026-05-21 09:57:31,.53, Kemiringan (roll) : 2.13
2026-05-21 09:57:31,.53, Kemiringan (roll) : 2.13
2026-05-21 09:57:31,.53, Kemiringan (roll) : 2.13
2026-05-21 09:57:31,.53, Kemiringan (roll) : 2.13
2026-05-21 09:57:31,.53, Kemiringan (roll) : 2.13
2026-05-21 09:57:31,.53, Kemiringan (roll) : 2.13
2026-05-21 09:57:31,.53, Kemiringan (roll) : 2.13
2026-05-21 09:57:31,.53, Kemiringan (roll) : 2.13
2026-05-21 09:57:31,.53, Kemiringan (roll) : 2.13
2026-05-21 09:57:31,.53, Kemiringan (roll) : 2.13
2026-05-21 09:57:31,.53, Kemiringan (roll) : 2.13
2026-05-21 09:57:31,.53, Kemiringan (roll) : 2.13
2026-05-21 09:57:31,.53, Kemiringan (roll) : 2.13
2026-05-21 09:57:31,.53, Kemiringan (roll) : 2.13
2026-05-21 09:57:31,.53, Kemiringan (roll) : 2.13
2026-05-21 09:57:31,.53, Kemiringan (roll) : 2.13
2026-05-21 09:57:31,.53, Kemiringan (roll) : 2.13
2026-05-21 09:57:31,.53, Kemiringan (roll) : 2.13
2026-05-21 09:57:31,.53, Kemiringan (roll) : 2.13
2026-05-21 09:57:31,.53, Kemiringan (roll) : 2.13
2026-05-21 09:57:31,.53, Kemiringan (roll) : 2.13
2026-05-21 09:57:31,.53, Kemiringan (roll) : 2.13
2026-05-21 09:57:31,.53, Kemiringan (roll) : 2.13
2026-05-21 09:57:31,.53, Kemiringan (roll) : 2.13
2026-05-21 09:57:31,.53, Kemiringan (roll) : 2.13
2026-05-21 09:57:31,.53, Kemiringan (roll) : 2.13
2026-05-21 09:57:31,.53, Kemiringan (roll) : 2.13
2026-05-21 09:57:31,.53, Kemiringan (roll) : 2.13
2026-05-21 09:57:31,.53, Kemiringan (roll) : 2.13
2026-05-21 09:57:31,.53, Kemiringan (roll) : 2.13
2026-05-21 09:57:31,.53, Kemiringan (roll) : 2.13
2026-05-21 09:57:31,.53, Kemiringan (roll) : 2.13
2026-05-21 09:57:31,.53, Kemiringan (roll) : 2.13
2026-05-21 09:57:31,.53, Kemiringan (roll) : 2.13
2026-05-21 09:57:31,.53, Kemiringan (roll) : 2.13
2026-05-21 09:57:31,.53, Kemiringan (roll) : 2.13
2026-05-21 09:57:31,.53, Kemiringan (roll) : 2.13
2026-05-21 09:57:31,.53, Kemiringan (roll) : 2.13
2026-05-21 09:57:31,.53, Kemiringan (roll) : 2.13
2026-05-21 09:57:31,.53, Kemiringan (roll) : 2.13
2026-05-21 09:57:31,.53, Kemiringan (roll) : 2.13
2026-05-21 09:57:31,.53, Kemiringan (roll) : 2.13
2026-05-21 09:57:31,.53, Kemiringan (roll) : 2.13
2026-05-21 09:57:31,.53, Kemiringan (roll) : 2.13
2026-05-21 09:57:31,.53, Kemiringan (roll) : 2.13
2026-05-21 09:57:31,.53, Kemiringan (roll) : 2.13
2026-05-21 09:57:31,.53, Kemiringan (roll) : 2.13
2026-05-21 09:57:31,.53, Kemiringan (roll) : 2.13
2026-05-21 09:57:31,.53, Kemiringan (roll) : 2.13
2026-05-21 09:57:31,.53, Kemiringan (roll) : 2.13
2026-05-21 09:57:31,.53, Kemiringan (roll) : 2.13
2026-05-21 09:57:31,.53, Kemiringan (roll) : 2.13
2026-05-21 09:57:31,.53, Kemiringan (roll) : 2.13
2026-05-21 09:57:31,.53, Kemiringan (roll) : 2.13
2026-05-21 09:57:31,.53, Kemiringan (roll) : 2.13
2026-05-21 09:57:31,.53, Kemiringan (roll) : 2.13
2026-05-21 09:57:31,.53, Kemiringan (roll) : 2.13
2026-05-21 09:57:31,.53, Kemiringan (roll) : 2.13
2026-05-21 09:57:31,.53, Kemiringan (roll) : 2.13
2026-05-21 09:57:31,.53, Kemiringan (roll) : 2.13
2026-05-21 09:57:31,.53, Kemiringan (roll) : 2.13
2026-05-21 09:57:31,.53, Kemiringan (roll) : 2.13
2026-05-21 09:57:31,.53, Kemiringan (roll) : 2.13
2026-05-21 09:57:31,.53, Kemiringan (roll) : 2.13
2026-05-21 09:57:31,.53, Kemiringan (roll) : 2.13
2026-05-21 09:57:31,.53, Kemiringan (roll) : 2.13
2026-05-21 09:57:31,.53, Kemiringan (roll) : 2.13
2026-05-21 09:57:31,.53, Kemiringan (roll) : 2.13
2026-05-21 09:57:31,.53, Kemiringan (roll) : 2.13
2026-05-21 09:57:31,.53, Kemiringan (roll) : 2.13
2026-05-21 09:57:31,.53, Kemiringan (roll) : 2.13
2026-05-21 09:57:31,.53, Kemiringan (roll) : 2.13
2026-05-21 09:57:31,.53, Kemiringan (roll) : 2.13
2026-05-21 09:57:31,.53, Kemiringan (roll) : 2.13
2026-05-21 09:57:31,.53, Kemiringan (roll) : 2.13
2026-05-21 09:57:31,.53, Kemiringan (roll) : 2.13
2026-05-21 09:57:31,.53, Kemiringan (roll) : 2.13
2026-05-21 09:57:31,.53, Kemiringan (roll) : 2.13
2026-05-21 09:57:31,.53, Kemiringan (roll) : 2.13
2026-05-21 09:57:31,.53, Kemiringan (roll) : 2.13
2026-05-21 09:57:31,.53, Kemiringan (roll) : 2.13
2026-05-21 09:57:31,.53, Kemiringan (roll) : 2.13
2026-05-21 09:57:31,.53, Kemiringan (roll) : 2.13
2026-05-21 09:57:31,.53, Kemiringan (roll) : 2.13
2026-05-21 09:57:31,.53, Kemiringan (roll) : 2.13
2026-05-21 09:57:31,.53, Kemiringan (roll) : 2.13
2026-05-21 09:57:31,.53, Kemiringan (roll) : 2.13
2026-05-21 09:57:31,.53, Kemiringan (roll) : 2.13
2026-05-21 09:57:31,.53, Kemiringan (roll) : 2.13
2026-05-21 09:57:31,.53, Kemiringan (roll) : 2.13
2026-05-21 09:57:31,.53, Kemiringan (roll) : 2.13
2026-05-21 09:57:31,.53, Kemiringan (roll) : 2.13
2026-05-21 09:57:31,.53, Kemiringan (roll) : 2.13
2026-05-21 09:57:31,.53, Kemiringan (roll) : 2.13
2026-05-21 09:57:31,.53, Kemiringan (roll) : 2.13
2026-05-21 09:57:31,.53, Kemiringan (roll) : 2.13
2026-05-21 09:57:31,.53, Kemiringan (roll) : 2.13
2026-05-21 09:57:31,.53, Kemiringan (roll) : 2.13
2026-05-21 09:57:31,.53, Kemiringan (roll) : 2.13
2026-05-21 09:57:31,.53, Kemiringan (roll) : 2.13
2026-05-21 09:57:31,.53, Kemiringan (roll) : 2.13
2026-05-21 09:57:31,.53, Kemiringan (roll) : 2.13
2026-05-21 09:57:31,.53, Kemiringan (roll) : 2.13
2026-05-21 09:57:31,.53, Kemiringan (roll) : 2.13
2026-05-21 09:57:31,.53, Kemiringan (roll) : 2.13
2026-05-21 09:57:31,.53, Kemiringan (roll) : 2.13
2026-05-21 09:57:31,.53, Kemiringan (roll) : 2.13
2026-05-21 09:57:31,.53, Kemiringan (roll) : 2.13
2026-05-21 09:57:31,.53, Kemiringan (roll) : 2.13
2026-05-21 09:57:31,.53, Kemiringan (roll) : 2.13
2026-05-21 09:57:31,.53, Kemiringan (roll) : 2.13
2026-05-21 09:57:31,.53, Kemiringan (roll) : 2.13
2026-05-21 09:57:31,.53, Kemiringan (roll) : 2.13
2026-05-21 09:57:31,.53, Kemiringan (roll) : 2.13
2026-05-21 09:57:31,.53, Kemiringan (roll) : 2.13
2026-05-21 09:57:31,.53, Kemiringan (roll) : 2.13
2026-05-21 09:57:31,.53, Kemiringan (roll) : 2.13
2026-05-21 09:57:31,.53, Kemiringan (roll) : 2.13
2026-05-21 09:57:31,.53, Kemiringan (roll) : 2.13
2026-05-21 09:57:31,.53, Kemiringan (roll) : 2.13
2026-05-21 09:57:31,.53, Kemiringan (roll) : 2.13
2026-05-21 09:57:31,.53, Kemiringan (roll) : 2.13
2026-05-21 09:57:31,.53, Kemiringan (roll) : 2.13
2026-05-21 09:57:31,.53, Kemiringan (roll) : 2.13
2026-05-21 09:57:31,.53, Kemiringan (roll) : 2.13
2026-05-21 09:57:31,.53, Kemiringan (roll) : 2.13
2026-05-21 09:57:31,.53, Kemiringan (roll) : 2.13
2026-05-21 09:57:31,.53, Kemiringan (roll) : 2.13
2026-05-21 09:57:31,.53, Kemiringan (roll) : 2.13
2026-05-21 09:57:31,.53, Kemiringan (roll) : 2.13
2026-05-21 09:57:31,.53, Kemiringan (roll) : 2.13
2026-05-21 09:57:31,.53, Kemiringan (roll) : 2.13
2026-05-21 09:57:31,.53, Kemiringan (roll) : 2.13
2026-05-21 09:57:31,.53, Kemiringan (roll) : 2.13
2026-05-21 09:57:31,.53, Kemiringan (roll) : 2.13
2026-05-21 09:57:31,.53, Kemiringan (roll) : 2.13
2026-05-21 09:57:31,.53, Kemiringan (roll) : 2.13
2026-05-21 09:57:31,.53, Kemiringan (roll) : 2.13
2026-05-21 09:57:31,.53, Kemiringan (roll) : 2.13
2026-05-21 09:57:31,.53, Kemiringan (roll) : 2.13
2026-05-21 09:57:31,.53, Kemiringan (roll) : 2.13
2026-05-21 09:57:31,.53, Kemiringan (roll) : 2.13
2026-05-21 09:57:31,.53, Kemiringan (roll) : 2.13
2026-05-21 09:57:31,.53, Kemiringan (roll) : 2.13
2026-05-21 09:57:31,.53, Kemiringan (roll) : 2.13
2026-05-21 09:57:31,.53, Kemiringan (roll) : 2.13
2026-05-21 09:57:31,.53, Kemiringan (roll) : 2.13
2026-05-21 09:57:31,.53, Kemiringan (roll) : 2.13
2026-05-21 09:57:31,.53, Kemiringan (roll) : 2.13
2026-05-21 09:57:31,.53, Kemiringan (roll) : 2.13
2026-05-21 09:57:31,.53, Kemiringan (roll) : 2.13
2026-05-21 09:57:31,.53, Kemiringan (roll) : 2.13
2026-05-21 09:57:31,.53, Kemiringan (roll) : 2.13
2026-05-21 09:57:31,.53, Kemiringan (roll) : 2.13
2026-05-21 09:57:31,.53, Kemiringan (roll) : 2.13
2026-05-21 09:57:31,.53, Kemiringan (roll) : 2.13
2026-05-21 09:57:31,.53, Kemiringan (roll) : 2.13
2026-05-21 09:57:31,.53, Kemiringan (roll) : 2.13
2026-05-21 09:57:31,.53, Kemiringan (roll) : 2.13
2026-05-21 09:57:31,.53, Kemiringan (roll) : 2.13
2026-05-21 09:57:31,.53, Kemiringan (roll) : 2.13
2026-05-21 09:57:31,.53, Kemiringan (roll) : 2.13
2026-05-21 09:57:31,.53, Kemiringan (roll) : 2.13
2026-05-21 09:57:31,.53, Kemiringan (roll) : 2.13
2026-05-21 09:57:31,.53, Kemiringan (roll) : 2.13
2026-05-21 09:57:31,.53, Kemiringan (roll) : 2.13
2026-05-21 09:57:31,.53, Kemiringan (roll) : 2.13
2026-05-21 09:57:31,.53, Kemiringan (roll) : 2.13
2026-05-21 09:57:31,.53, Kemiringan (roll) : 2.13
2026-05-21 09:57:31,.53, Kemiringan (roll) : 2.13
2026-05-21 09:57:31,.53, Kemiringan (roll) : 2.13
2026-05-21 09:57:31,.53, Kemiringan (roll) : 2.13
2026-05-21 09:57:31,.53, Kemiringan (roll) : 2.13
2026-05-21 09:57:31,.53, Kemiringan (roll) : 2.13
2026-05-21 09:57:31,.53, Kemiringan (roll) : 2.13
2026-05-21 09:57:31,.53, Kemiringan (roll) : 2.13
2026-05-21 09:57:31,.53, Kemiringan (roll) : 2.13
2026-05-21 09:57:31,.53, Kemiringan (roll) : 2.13
2026-05-21 09:57:31,.53, Kemiringan (roll) : 2.13
2026-05-21 09:57:31,.53, Kemiringan (roll) : 2.13
2026-05-21 09:57:31,.53, Kemiringan (roll) : 2.13
2026-05-21 09:57:31,.53, Kemiringan (roll) : 2.13
2026-05-21 09:57:31,.53, Kemiringan (roll) : 2.13
2026-05-21 09:57:31,.53, Kemiringan (roll) : 2.13
2026-05-21 09:57:31,.53, Kemiringan (roll) : 2.13
2026-05-21 09:57:31,.53, Kemiringan (roll) : 2.13
2026-05-21 09:57:31,.53, Kemiringan (roll) : 2.13
2026-05-21 09:57:31,.53, Kemiringan (roll) : 2.13
2026-05-21 09:57:31,.53, Kemiringan (roll) : 2.13
2026-05-21 09:57:31,.53, Kemiringan (roll) : 2.13
2026-05-21 09:57:31,.53, Kemiringan (roll) : 2.13
2026-05-21 09:57:31,.53, Kemiringan (roll) : 2.13
2026-05-21 09:57:31,.53, Kemiringan (roll) : 2.13
2026-05-21 09:57:31,.53, Kemiringan (roll) : 2.13
2026-05-21 09:57:31,.53, Kemiringan (roll) : 2.13
2026-05-21 09:57:31,.53, Kemiringan (roll) : 2.13
2026-05-21 09:57:31,.53, Kemiringan (roll) : 2.13
2026-05-21 09:57:31,.53, Kemiringan (roll) : 2.13
2026-05-21 09:57:31,.53, Kemiringan (roll) : 2.13
2026-05-21 09:57:31,.53, Kemiringan (roll) : 2.13
2026-05-21 09:57:31,.53, Kemiringan (roll) : 2.13
2026-05-21 09:57:31,.53, Kemiringan (roll) : 2.13
2026-05-21 09:57:31,.53, Kemiringan (roll) : 2.13
2026-05-21 09:57:31,.53, Kemiringan (roll) : 2.13
2026-05-21 09:57:31,.53, Kemiringan (roll) : 2.13
2026-05-21 09:57:31,.53, Kemiringan (roll) : 2.13
2026-05-21 09:57:31,.53, Kemiringan (roll) : 2.13
2026-05-21 09:57:31,.53, Kemiringan (roll) : 2.13
2026-05-21 09:57:31,.53, Kemiringan (roll) : 2.13
2026-05-21 09:57:31,.53, Kemiringan (roll) : 2.13
2026-05-21 09:57:31,.53, Kemiringan (roll) : 2.13
2026-05-21 09:57:31,.53, Kemiringan (roll) : 2.13
2026-05-21 09:57:31,.53, Kemiringan (roll) : 2.13
2026-05-21 09:57:31,.53, Kemiringan (roll) : 2.13
2026-05-21 09:57:31,.53, Kemiringan (roll) : 2.13
2026-05-21 09:57:31,.53, Kemiringan (roll) : 2.13
2026-05-21 09:57:31,.53, Kemiringan (roll) : 2.13
2026-05-21 09:57:31,.53, Kemiringan (roll) : 2.13
2026-05-21 09:57:31,.53, Kemiringan (roll) : 2.13
2026-05-21 09:57:31,.53, Kemiringan (roll) : 2.13
2026-05-21 09:57:31,.53, Kemiringan (roll) : 2.13
2026-05-21 09:57:31,.53, Kemiringan (roll) : 2.13
2026-05-21 09:57:31,.53, Kemiringan (roll) : 2.13
2026-05-21 09:57:31,.53, Kemiringan (roll) : 2.13
2026-05-21 09:57:31,.53, Kemiringan (roll) : 2.13
2026-05-21 09:57:31,.53, Kemiringan (roll) : 2.13
2026-05-21 09:57:31,.53, Kemiringan (roll) : 2.13
2026-05-21 09:57:31,.53, Kemiringan (roll) : 2.13
2026-05-21 09:57:31,.53, Kemiringan (roll) : 2.13
2026-05-21 09:57:31,.53, Kemiringan (roll) : 2.13
2026-05-21 09:57:31,.53, Kemiringan (roll) : 2.13
2026-05-21 09:57:31,.53, Kemiringan (roll) : 2.13
2026-05-21 09:57:31,.53, Kemiringan (roll) : 2.13
2026-05-21 09:57:31,.53, Kemiringan (roll) : 2.13
2026-05-21 09:57:31,.53, Kemiringan (roll) : 2.13
2026-05-21 09:57:31,.53, Kemiringan (roll) : 2.13
2026-05-21 09:57:31,.53, Kemiringan (roll) : 2.13
2026-05-21 09:57:31,.53, Kemiringan (roll) : 2.13
2026-05-21 09:57:31,.53, Kemiringan (roll) : 2.13
2026-05-21 09:57:31,.53, Kemiringan (roll) : 2.13
2026-05-21 09:57:31,.53, Kemiringan (roll) : 2.13
2026-05-21 09:57:31,.53, Kemiringan (roll) : 2.13
2026-05-21 09:57:31,.53, Kemiringan (roll) : 2.13
2026-05-21 09:57:31,.53, Kemiringan (roll) : 2.13
2026-05-21 09:57:31,.53, Kemiringan (roll) : 2.13
2026-05-21 09:57:31,.53, Kemiringan (roll) : 2.13
2026-05-21 09:57:31,.53, Kemiringan (roll) : 2.13
2026-05-21 09:57:31,.53, Kemiringan (roll) : 2.13
2026-05-21 09:57:31,.53, Kemiringan (roll) : 2.13
2026-05-21 09:57:31,.53, Kemiringan (roll) : 2.13
2026-05-21 09:57:31,.53, Kemiringan (roll) : 2.13
2026-05-21 09:57:31,.53, Kemiringan (roll) : 2.13
2026-05-21 09:57:31,.53, Kemiringan (roll) : 2.13
2026-05-21 09:57:31,.53, Kemiringan (roll) : 2.13
2026-05-21 09:57:31,.53, Kemiringan (roll) : 2.13
2026-05-21 09:57:31,.53, Kemiringan (roll) : 2.13
2026-05-21 09:57:31,.53, Kemiringan (roll) : 2.13
2026-05-21 09:57:31,.53, Kemiringan (roll) : 2.13
2026-05-21 09:57:31,.53, Kemiringan (roll) : 2.13
2026-05-21 09:57:31,.53, Kemiringan (roll) : 2.13
2026-05-21 09:57:31,.53, Kemiringan (roll) : 2.13
2026-05-21 09:57:31,.53, Kemiringan (roll) : 2.13
2026-05-21 09:57:31,.53, Kemiringan (roll) : 2.13
2026-05-21 09:57:31,.53, Kemiringan (roll) : 2.13
2026-05-21 09:57:31,.53, Kemiringan (roll) : 2.13
2026-05-21 09:57:31,.53, Kemiringan (roll) : 2.13
2026-05-21 09:57:31,.53, Kemiringan (roll) : 2.13
2026-05-21 09:57:31,.53, Kemiringan (roll) : 2.13
2026-05-21 09:57:31,.53, Kemiringan (roll) : 2.13
2026-05-21 09:57:31,.53, Kemiringan (roll) : 2.13
2026-05-21 09:57:31,.53, Kemiringan (roll) : 2.13
2026-05-21 09:57:31,.53, Kemiringan (roll) : 2.13
2026-05-21 09:57:31,.53, Kemiringan (roll) : 2.13
2026-05-21 09:57:31,.53, Kemiringan (roll) : 2.13
2026-05-21 09:57:31,.53, Kemiringan (roll) : 2.13
2026-05-21 09:57:31,.53, Kemiringan (roll) : 2.13
2026-05-21 09:57:31,.53, Kemiringan (roll) : 2.13
2026-05-21 09:57:31,.53, Kemiringan (roll) : 2.13
2026-05-21 09:57:31,.53, Kemiringan (roll) : 2.13
2026-05-21 09:57:31,.53, Kemiringan (roll) : 2.13
2026-05-21 09:57:31,.53, Kemiringan (roll) : 2.13
2026-05-21 09:57:31,.53, Kemiringan (roll) : 2.13
2026-05-21 09:57:31,.53, Kemiringan (roll) : 2.13
2026-05-21 09:57:31,.53, Kemiringan (roll) : 2.13
2026-05-21 09:57:31,.53, Kemiringan (roll) : 2.13
2026-05-21 09:57:31,.53, Kemiringan (roll) : 2.13
2026-05-21 09:57:31,.53, Kemiringan (roll) : 2.13
2026-05-21 09:57:31,.53, Kemiringan (roll) : 2.13
2026-05-21 09:57:31,.53, Kemiringan (roll) : 2.13
2026-05-21 09:57:31,.53, Kemiringan (roll) : 2.13
2026-05-21 09:57:31,.53, Kemiringan (roll) : 2.13
2026-05-21 09:57:31,.53, Kemiringan (roll) : 2.13
2026-05-21 09:57:31,.53, Kemiringan (roll) : 2.13
2026-05-21 09:57:31,.53, Kemiringan (roll) : 2.13
2026-05-21 09:57:31,.53, Kemiringan (roll) : 2.13
2026-05-21 09:57:31,.53, Kemiringan (roll) : 2.13
2026-05-21 09:57:31,.53, Kemiringan (roll) : 2.13
2026-05-21 09:57:31,.53, Kemiringan (roll) : 2.13
2026-05-21 09:57:31,.53, Kemiringan (roll) : 2.13
2026-05-21 09:57:31,.53, Kemiringan (roll) : 2.13
2026-05-21 09:57:31,.53, Kemiringan (roll) : 2.13
2026-05-21 09:57:31,.53, Kemiringan (roll) : 2.13
2026-05-21 09:57:31,.53, Kemiringan (roll) : 2.13
2026-05-21 09:57:31,.53, Kemiringan (roll) : 2.13
2026-05-21 09:57:31,.53, Kemiringan (roll) : 2.13
2026-05-21 09:57:31,.53, Kemiringan (roll) : 2.13
2026-05-21 09:57:31,.53, Kemiringan (roll) : 2.13
2026-05-21 09:57:31,.53, Kemiringan (roll) : 2.13
2026-05-21 09:57:31,.53, Kemiringan (roll) : 2.13
2026-05-21 09:57:31,.53, Kemiringan (roll) : 2.13
2026-05-21 09:57:31,.53, Kemiringan (roll) : 2.13
2026-05-21 09:57:31,.53, Kemiringan (roll) : 2.13
2026-05-21 09:57:31,.53, Kemiringan (roll) : 2.13
2026-05-21 09:57:31,.53, Kemiringan (roll) : 2.13
2026-05-21 09:57:31,.53, Kemiringan (roll) : 2.13
2026-05-21 09:57:31,.53, Kemiringan (roll) : 2.13
2026-05-21 09:57:31,.53, Kemiringan (roll) : 2.13
2026-05-21 09:57:31,.53, Kemiringan (roll) : 2.13
2026-05-21 09:57:31,.53, Kemiringan (roll) : 2.13
2026-05-21 09:57:31,.53, Kemiringan (roll) : 2.13
2026-05-21 09:57:31,.53, Kemiringan (roll) : 2.13
2026-05-21 09:57:31,.53, Kemiringan (roll) : 2.13
2026-05-21 09:57:31,.53, Kemiringan (roll) : 2.13
2026-05-21 09:57:31,.53, Kemiringan (roll) : 2.13
2026-05-21 09:57:31,.53, Kemiringan (roll) : 2.13
2026-05-21 09:57:31,.53, Kemiringan (roll) : 2.13
2026-05-21 09:57:31,.53, Kemiringan (roll) : 2.13
2026-05-21 09:57:31,.53, Kemiringan (roll) : 2.13
2026-05-21 09:57:31,.53, Kemiringan (roll) : 2.13
2026-05-21 09:57:31,.53, Kemiringan (roll) : 2.13
2026-05-21 09:57:31,.53, Kemiringan (roll) : 2.13
2026-05-21 09:57:31,.53, Kemiringan (roll) : 2.13
2026-05-21 09:57:31,.53, Kemiringan (roll) : 2.13
2026-05-21 09:57:31,.53, Kemiringan (roll) : 2.13
2026-05-21 09:57:31,.53, Kemiringan (roll) : 2.13
2026-05-21 09:57:31,.53, Kemiringan (roll) : 2.13
2026-05-21 09:57:31,.53, Kemiringan (roll) : 2.13
2026-05-21 09:57:31,.53, Kemiringan (roll) : 2.13
2026-05-21 09:57:31,.53, Kemiringan (roll) : 2.13
2026-05-21 09:57:31,.53, Kemiringan (roll) : 2.13
2026-05-21 09:57:31,.53, Kemiringan (roll) : 2.13
2026-05-21 09:57:31,.53, Kemiringan (roll) : 2.13
2026-05-21 09:57:31,.53, Kemiringan (roll) : 2.13
2026-05-21 09:57:31,.53, Kemiringan (roll) : 2.13
2026-05-21 09:57:31,.53, Kemiringan (roll) : 2.13
2026-05-21 09:57:31,.53, Kemiringan (roll) : 2.13
2026-05-21 09:57:31,.53, Kemiringan (roll) : 2.13
2026-05-21 09:57:31,.53, Kemiringan (roll) : 2.13
2026-05-21 09:57:31,.53, Kemiringan (roll) : 2.13
2026-05-21 09:57:31,.53, Kemiringan (roll) : 2.13
2026-05-21 09:57:31,.53, Kemiringan (roll) : 2.13
2026-05-21 09:57:31,.53, Kemiringan (roll) : 2.13
2026-05-21 09:57:31,.53, Kemiringan (roll) : 2.13
2026-05-21 09:57:31,.53, Kemiringan (roll) : 2.13
2026-05-21 09:57:31,.53, Kemiringan (roll) : 2.13
2026-05-21 09:57:31,.53, Kemiringan (roll) : 2.13
2026-05-21 09:57:31,.53, Kemiringan (roll) : 2.13
2026-05-21 09:57:31,.53, Kemiringan (roll) : 2.13
2026-05-21 09:57:31,.53, Kemiringan (roll) : 2.13
2026-05-21 09:57:31,.53, Kemiringan (roll) : 2.13
2026-05-21 09:57:31,.53, Kemiringan (roll) : 2.13
2026-05-21 09:57:31,.53, Kemiringan (roll) : 2.13
2026-05-21 09:57:31,.53, Kemiringan (roll) : 2.13
2026-05-21 09:57:31,.53, Kemiringan (roll) : 2.13
2026-05-21 09:57:31,.53, Kemiringan (roll) : 2.13
2026-05-21 09:57:31,.53, Kemiringan (roll) : 2.13
2026-05-21 09:57:31,.53, Kemiringan (roll) : 2.13
2026-05-21 09:57:31,.53, Kemiringan (roll) : 2.13
2026-05-21 09:57:31,.53, Kemiringan (roll) : 2.13
2026-05-21 09:57:31,.53, Kemiringan (roll) : 2.13
2026-05-21 09:57:31,.53, Kemiringan (roll) : 2.13
2026-05-21 09:57:31,.53, Kemiringan (roll) : 2.13
2026-05-21 09:57:31,.53, Kemiringan (roll) : 2.13
2026-05-21 09:57:31,.53, Kemiringan (roll) : 2.13
2026-05-21 09:57:31,.53, Kemiringan (roll) : 2.13
2026-05-21 09:57:31,.53, Kemiringan (roll) : 2.13
2026-05-21 09:57:31,.53, Kemiringan (roll) : 2.13
2026-05-21 09:57:31,.53, Kemiringan (roll) : 2.13
2026-05-21 09:57:31,.53, Kemiringan (roll) : 2.13
2026-05-21 09:57:31,.53, Kemiringan (roll) : 2.13
2026-05-21 09:57:31,.53, Kemiringan (roll) : 2.13
2026-05-21 09:57:31,.53, Kemiringan (roll) : 2.13
2026-05-21 09:57:31,.53, Kemiringan (roll) : 2.13
2026-05-21 09:57:31,.53, Kemiringan (roll) : 2.13
2026-05-21 09:57:31,.53, Kemiringan (roll) : 2.13
2026-05-21 09:57:31,.53, Kemiringan (roll) : 2.13
2026-05-21 09:57:31,.53, Kemiringan (roll) : 2.13
2026-05-21 09:57:31,.53, Kemiringan (roll) : 2.13
2026-05-21 09:57:31,.53, Kemiringan (roll) : 2.13
2026-05-21 09:57:31,.53, Kemiringan (roll) : 2.13
2026-05-21 09:57:31,.53, Kemiringan (roll) : 2.13
2026-05-21 09:57:31,.53, Kemiringan (roll) : 2.13
2026-05-21 09:57:31,.53, Kemiringan (roll) : 2.13
2026-05-21 09:57:31,.53, Kemiringan (roll) : 2.13
2026-05-21 09:57:31,.53, Kemiringan (roll) : 2.13
2026-05-21 09:57:31,.53, Kemiringan (roll) : 2.13
2026-05-21 09:57:31,.53, Kemiringan (roll) : 2.13
2026-05-21 09:57:31,.53, Kemiringan (roll) : 2.13
2026-05-21 09:57:31,.53, Kemiringan (roll) : 2.13
2026-05-21 09:57:31,.53, Kemiringan (roll) : 2.13
2026-05-21 09:57:31,.53, Kemiringan (roll) : 2.13
2026-05-21 09:57:31,.53, Kemiringan (roll) : 2.13
2026-05-21 09:57:31,.53, Kemiringan (roll) : 2.13
2026-05-21 09:57:31,.53, Kemiringan (roll) : 2.13
2026-05-21 09:57:31,.53, Kemiringan (roll) : 2.13
2026-05-21 09:57:31,.53, Kemiringan (roll) : 2.13
2026-05-21 09:57:31,.53, Kemiringan (roll) : 2.13
2026-05-21 09:57:31,.53, Kemiringan (roll) : 2.13
2026-05-21 09:57:31,.53, Kemiringan (roll) : 2.13
2026-05-21 09:57:31,.53, Kemiringan (roll) : 2.13
2026-05-21 09:57:31,.53, Kemiringan (roll) : 2.13
2026-05-21 09:57:31,.53, Kemiringan (roll) : 2.13
2026-05-21 09:57:31,.53, Kemiringan (roll) : 2.13
2026-05-21 09:57:31,.53, Kemiringan (roll) : 2.13
2026-05-21 09:57:31,.53, Kemiringan (roll) : 2.13
2026-05-21 09:57:31,.53, Kemiringan (roll) : 2.13
2026-05-21 09:57:31,.53, Kemiringan (roll) : 2.13
2026-05-21 09:57:31,.53, Kemiringan (roll) : 2.13
2026-05-21 09:57:31,.53, Kemiringan (roll) : 2.13
2026-05-21 09:57:31,.53, Kemiringan (roll) : 2.13
2026-05-21 09:57:31,.53, Kemiringan (roll) : 2.13
2026-05-21 09:57:31,.53, Kemiringan (roll) : 2.13
2026-05-21 09:57:31,.53, Kemiringan (roll) : 2.13
2026-05-21 09:57:31,.53, Kemiringan (roll) : 2.13
2026-05-21 09:57:31,.53, Kemiringan (roll) : 2.13
2026-05-21 09:57:31,.53, Kemiringan (roll) : 2.13
2026-05-21 09:57:31,.53, Kemiringan (roll) : 2.13
2026-05-21 09:57:31,.53, Kemiringan (roll) : 2.13
2026-05-21 09:57:31,.53, Kemiringan (roll) : 2.13
2026-05-21 09:57:31,.53, Kemiringan (roll) : 2.13
2026-05-21 09:57:31,.53, Kemiringan (roll) : 2.13
2026-05-21 09:57:31,.53, Kemiringan (roll) : 2.13
2026-05-21 09:57:31,.53, Kemiringan (roll) : 2.13
2026-05-21 09:57:31,.53, Kemiringan (roll) : 2.13
2026-05-21 09:57:31,.53, Kemiringan (roll) : 2.13
2026-05-21 09:57:31,.53, Kemiringan (roll) : 2.13
2026-05-21 09:57:31,.53, Kemiringan (roll) : 2.13
2026-05-21 09:57:31,.53, Kemiringan (roll) : 2.13
2026-05-21 09:57:31,.53, Kemiringan (roll) : 2.13
2026-05-21 09:57:31,.53, Kemiringan (roll) : 2.13
2026-05-21 09:57:31,.53, Kemiringan (roll) : 2.13
2026-05-21 09:57:31,.53, Kemiringan (roll) : 2.13
2026-05-21 09:57:31,.53, Kemiringan (roll) : 2.13
2026-05-21 09:57:31,.53, Kemiringan (roll) : 2.13
2026-05-21 09:57:31,.53, Kemiringan (roll) : 2.13
2026-05-21 09:57:31,.53, Kemiringan (roll) : 2.13
2026-05-21 09:57:31,.53, Kemiringan (roll) : 2.13
2026-05-21 09:57:31,.53, Kemiringan (roll) : 2.13
2026-05-21 09:57:31,.53, Kemiringan (roll) : 2.13
2026-05-21 09:57:31,.53, Kemiringan (roll) : 2.13
2026-05-21 09:57:31,.53, Kemiringan (roll) : 2.13
2026-05-21 09:57:31,.53, Kemiringan (roll) : 2.13
2026-05-21 09:57:31,.53, Kemiringan (roll) : 2.13
2026-05-21 09:57:31,.53, Kemiringan (roll) : 2.13
2026-05-21 09:57:31,.53, Kemiringan (roll) : 2.13
2026-05-21 09:57:31,.53, Kemiringan (roll) : 2.13
2026-05-21 09:57:31,.53, Kemiringan (roll) : 2.13
2026-05-21 09:57:31,.53, Kemiringan (roll) : 2.13
2026-05-21 09:57:31,.53, Kemiringan (roll) : 2.13
2026-05-21 09:57:31,.53, Kemiringan (roll) : 2.13
2026-05-21 09:57:31,.53, Kemiringan (roll) : 2.13
2026-05-21 09:57:31,.53, Kemiringan (roll) : 2.13
2026-05-21 09:57:31,.53, Kemiringan (roll) : 2.13
2026-05-21 09:57:31,.53, Kemiringan (roll) : 2.13
2026-05-21 09:57:31,.53, Kemiringan (roll) : 2.13
2026-05-21 09:57:31,.53, Kemiringan (roll) : 2.13
2026-05-21 09:57:31,.53, Kemiringan (roll) : 2.13
2026-05-21 09:57:31,.53, Kemiringan (roll) : 2.13
2026-05-21 09:57:31,.53, Kemiringan (roll) : 2.13
2026-05-21 09:57:31,.53, Kemiringan (roll) : 2.13
2026-05-21 09:57:31,.53, Kemiringan (roll) : 2.13
2026-05-21 09:57:31,.53, Kemiringan (roll) : 2.13
2026-05-21 09:57:31,.53, Kemiringan (roll) : 2.13
2026-05-21 09:57:31,.53, Kemiringan (roll) : 2.13
2026-05-21 09:57:31,.53, Kemiringan (roll) : 2.13
2026-05-21 09:57:31,.53, Kemiringan (roll) : 2.13
2026-05-21 09:57:31,.53, Kemiringan (roll) : 2.13
2026-05-21 09:57:31,.53, Kemiringan (roll) : 2.13
2026-05-21 09:57:31,.53, Kemiringan (roll) : 2.13
2026-05-21 09:57:31,.53, Kemiringan (roll) : 2.13
2026-05-21 09:57:31,.53, Kemiringan (roll) : 2.13
2026-05-21 09:57:31,.53, Kemiringan (roll) : 2.13
2026-05-21 09:57:31,.53, Kemiringan (roll) : 2.13
2026-05-21 09:57:31,.53, Kemiringan (roll) : 2.13
2026-05-21 09:57:31,.53, Kemiringan (roll) : 2.13
2026-05-21 09:57:31,.53, Kemiringan (roll) : 2.13
2026-05-21 09:57:31,.53, Kemiringan (roll) : 2.13
2026-05-21 09:57:31,.53, Kemiringan (roll) : 2.13
2026-05-21 09:57:31,.53, Kemiringan (roll) : 2.13
2026-05-21 09:57:31,.53, Kemiringan (roll) : 2.13
2026-05-21 09:57:31,.53, Kemiringan (roll) : 2.13
2026-05-21 09:57:31,.53, Kemiringan (roll) : 2.13
2026-05-21 09:57:31,.53, Kemiringan (roll) : 2.13
2026-05-21 09:57:31,.53, Kemiringan (roll) : 2.13
2026-05-21 09:57:31,.53, Kemiringan (roll) : 2.13
2026-05-21 09:57:31,.53, Kemiringan (roll) : 2.13
2026-05-21 09:57:31,.53, Kemiringan (roll) : 2.13
2026-05-21 09:57:31,.53, Kemiringan (roll) : 2.13
2026-05-21 09:57:31,.53, Kemiringan (roll) : 2.13
2026-05-21 09:57:31,.53, Kemiringan (roll) : 2.13
2026-05-21 09:57:31,.53, Kemiringan (roll) : 2.13
2026-05-21 09:57:31,.53, Kemiringan (roll) : 2.13
2026-05-21 09:57:31,.53, Kemiringan (roll) : 2.13
2026-05-21 09:57:31,.53, Kemiringan (roll) : 2.13
2026-05-21 09:57:31,.53, Kemiringan (roll) : 2.13
2026-05-21 09:57:31,.53, Kemiringan (roll) : 2.13
2026-05-21 09:57:31,.53, Kemiringan (roll) : 2.13
2026-05-21 09:57:31,.53, Kemiringan (roll) : 2.13
2026-05-21 09:57:31,.53, Kemiringan (roll) : 2.13
2026-05-21 09:57:31,.53, Kemiringan (roll) : 2.13
2026-05-21 09:57:31,.53, Kemiringan (roll) : 2.13
2026-05-21 09:57:31,.53, Kemiringan (roll) : 2.13
2026-05-21 09:57:31,.53, Kemiringan (roll) : 2.13
2026-05-21 09:57:31,.53, Kemiringan (roll) : 2.13
2026-05-21 09:57:31,.53, Kemiringan (roll) : 2.13
2026-05-21 09:57:31,.53, Kemiringan (roll) : 2.13
2026-05-21 09:57:31,.53, Kemiringan (roll) : 2.13
2026-05-21 09:57:31,.53, Kemiringan (roll) : 2.13
2026-05-21 09:57:31,.53, Kemiringan (roll) : 2.13
2026-05-21 09:57:31,.53, Kemiringan (roll) : 2.13
2026-05-21 09:57:31,.53, Kemiringan (roll) : 2.13
2026-05-21 09:57:31,.53, Kemiringan (roll) : 2.13
2026-05-21 09:57:31,.53, Kemiringan (roll) : 2.13
2026-05-21 09:57:31,.53, Kemiringan (roll) : 2.13
2026-05-21 09:57:31,.53, Kemiringan (roll) : 2.13
2026-05-21 09:57:31,.53, Kemiringan (roll) : 2.13
2026-05-21 09:57:31,.53, Kemiringan (roll) : 2.13
2026-05-21 09:57:31,.53, Kemiringan (roll) : 2.13
2026-05-21 09:57:31,.53, Kemiringan (roll) : 2.13
2026-05-21 09:57:31,.53, Kemiringan (roll) : 2.13
2026-05-21 09:57:31,.53, Kemiringan (roll) : 2.13
2026-05-21 09:57:31,.53, Kemiringan (roll) : 2.13
2026-05-21 09:57:31,.53, Kemiringan (roll) : 2.13
2026-05-21 09:57:31,.53, Kemiringan (roll) : 2.13
2026-05-21 09:57:31,.53, Kemiringan (roll) : 2.13
2026-05-21 09:57:31,.53, Kemiringan (roll) : 2.13
2026-05-21 09:57:31,.53, Kemiringan (roll) : 2.13
2026-05-21 09:57:31,.53, Kemiringan (roll) : 2.13
2026-05-21 09:57:31,.53, Kemiringan (roll) : 2.13
2026-05-21 09:57:31,.53, Kemiringan (roll) : 2.13
2026-05-21 09:57:31,.53, Kemiringan (roll) : 2.13
2026-05-21 09:57:31,.53, Kemiringan (roll) : 2.13
2026-05-21 09:57:31,.53, Kemiringan (roll) : 2.13
2026-05-21 09:57:31,.53, Kemiringan (roll) : 2.13
2026-05-21 09:57:31,.53, Kemiringan (roll) : 2.13
2026-05-21 09:57:31,.53, Kemiringan (roll) : 2.13
2026-05-21 09:57:31,.53, Kemiringan (roll) : 2.13
2026-05-21 09:57:31,.53, Kemiringan (roll) : 2.13
2026-05-21 09:57:31,.53, Kemiringan (roll) : 2.13
2026-05-21 09:57:31,.53, Kemiringan (roll) : 2.13
2026-05-21 09:57:31,.53, Kemiringan (roll) : 2.13
2026-05-21 09:57:31,.53, Kemiringan (roll) : 2.13
2026-05-21 09:57:31,.53, Kemiringan (roll) : 2.13
2026-05-21 09:57:31,.53, Kemiringan (roll) : 2.13
2026-05-21 09:57:31,.53, Kemiringan (roll) : 2.13
2026-05-21 09:57:31,.53, Kemiringan (roll) : 2.13
2026-05-21 09:57:31,.53, Kemiringan (roll) : 2.13
2026-05-21 09:57:31,.53, Kemiringan (roll) : 2.13
2026-05-21 09:57:31,.53, Kemiringan (roll) : 2.13
2026-05-21 09:57:31,.53, Kemiringan (roll) : 2.13
2026-05-21 09:57:31,.53, Kemiringan (roll) : 2.13
2026-05-21 09:57:31,.53, Kemiringan (roll) : 2.13
2026-05-21 09:57:31,.53, Kemiringan (roll) : 2.13
2026-05-21 09:57:31,.53, Kemiringan (roll) : 2.13
2026-05-21 09:57:31,.53, Kemiringan (roll) : 2.13
2026-05-21 09:57:31,.53, Kemiringan (roll) : 2.13
2026-05-21 09:57:31,.53, Kemiringan (roll) : 2.13
2026-05-21 09:57:31,.53, Kemiringan (roll) : 2.13
2026-05-21 09:57:31,.53, Kemiringan (roll) : 2.13
2026-05-21 09:57:31,.53, Kemiringan (roll) : 2.13
2026-05-21 09:57:31,.53, Kemiringan (roll) : 2.13
2026-05-21 09:57:31,.53, Kemiringan (roll) : 2.13
2026-05-21 09:57:31,.53, Kemiringan (roll) : 2.13
2026-05-21 09:57:31,.53, Kemiringan (roll) : 2.13
2026-05-21 09:57:31,.53, Kemiringan (roll) : 2.13
2026-05-21 09:57:31,.53, Kemiringan (roll) : 2.13
2026-05-21 09:57:31,.53, Kemiringan (roll) : 2.13
2026-05-21 09:57:31,.53, Kemiringan (roll) : 2.13
2026-05-21 09:57:31,.53, Kemiringan (roll) : 2.13
2026-05-21 09:57:31,.53, Kemiringan (roll) : 2.13
2026-05-21 09:57:31,.53, Kemiringan (roll) : 2.13
2026-05-21 09:57:31,.53, Kemiringan (roll) : 2.13
2026-05-21 09:57:31,.53, Kemiringan (roll) : 2.13
2026-05-21 09:57:31,.53, Kemiringan (roll) : 2.13
2026-05-21 09:57:31,.53, Kemiringan (roll) : 2.13
2026-05-21 09:57:31,.53, Kemiringan (roll) : 2.13
2026-05-21 09:57:31,.53, Kemiringan (roll) : 2.13
2026-05-21 09:57:31,.53, Kemiringan (roll) : 2.13
2026-05-21 09:57:31,.53, Kemiringan (roll) : 2.13
2026-05-21 09:57:31,.53, Kemiringan (roll) : 2.13
2026-05-21 09:57:31,.53, Kemiringan (roll) : 2.13
2026-05-21 09:57:31,.53, Kemiringan (roll) : 2.13
2026-05-21 09:57:31,.53, Kemiringan (roll) : 2.13
2026-05-21 09:57:31,.53, Kemiringan (roll) : 2.13
2026-05-21 09:57:31,.53, Kemiringan (roll) : 2.13
2026-05-21 09:57:31,.53, Kemiringan (roll) : 2.13
2026-05-21 09:57:31,.53, Kemiringan (roll) : 2.13
2026-05-21 09:57:31,.53, Kemiringan (roll) : 2.13
2026-05-21 09:57:31,.53, Kemiringan (roll) : 2.13
2026-05-21 09:57:31,.53, Kemiringan (roll) : 2.13
2026-05-21 09:57:31,.53, Kemiringan (roll) : 2.13
2026-05-21 09:57:31,.53, Kemiringan (roll) : 2.13
2026-05-21 09:57:31,.53, Kemiringan (roll) : 2.13
2026-05-21 09:57:31,.53, Kemiringan (roll) : 2.13
2026-05-21 09:57:31,.53, Kemiringan (roll) : 2.13
2026-05-21 09:57:31,.53, Kemiringan (roll) : 2.13
2026-05-21 09:57:31,.53, Kemiringan (roll) : 2.13
2026-05-21 09:57:31,.53, Kemiringan (roll) : 2.13
2026-05-21 09:57:31,.53, Kemiringan (roll) : 2.13
2026-05-21 09:57:31,.53, Kemiringan (roll) : 2.13
2026-05-21 09:57:31,.53, Kemiringan (roll) : 2.13
2026-05-21 09:57:31,.53, Kemiringan (roll) : 2.13
2026-05-21 09:57:31,.53, Kemiringan (roll) : 2.13
2026-05-21 09:57:31,.53, Kemiringan (roll) : 2.13
2026-05-21 09:57:31,.53, Kemiringan (roll) : 2.13
2026-05-21 09:57:31,.53, Kemiringan (roll) : 2.13
2026-05-21 09:57:31,.53, Kemiringan (roll) : 2.13
2026-05-21 09:57:31,.53, Kemiringan (roll) : 2.13
2026-05-21 09:57:31,.53, Kemiringan (roll) : 2.13
2026-05-21 09:57:31,.53, Kemiringan (roll) : 2.13
2026-05-21 09:57:31,.53, Kemiringan (roll) : 2.13
2026-05-21 09:57:31,.53, Kemiringan (roll) : 2.13
2026-05-21 09:57:31,.53, Kemiringan (roll) : 2.13
2026-05-21 09:57:31,.53, Kemiringan (roll) : 2.13
2026-05-21 09:57:31,.53, Kemiringan (roll) : 2.13
2026-05-21 09:57:31,.53, Kemiringan (roll) : 2.13
2026-05-21 09:57:31,.53, Kemiringan (roll) : 2.13
2026-05-21 09:57:31,.53, Kemiringan (roll) : 2.13
2026-05-21 09:57:31,.53, Kemiringan (roll) : 2.13
2026-05-21 09:57:31,.53, Kemiringan (roll) : 2.13
2026-05-21 09:57:31,.53, Kemiringan (roll) : 2.13
2026-05-21 09:57:31,.53, Kemiringan (roll) : 2.13
2026-05-21 09:57:31,.53, Kemiringan (roll) : 2.13
2026-05-21 09:57:31,.53, Kemiringan (roll) : 2.13
2026-05-21 09:57:31,.53, Kemiringan (roll) : 2.13
2026-05-21 09:57:31,.53, Kemiringan (roll) : 2.13
2026-05-21 09:57:31,.53, Kemiringan (roll) : 2.13
2026-05-21 09:57:31,.53, Kemiringan (roll) : 2.13
2026-05-21 09:57:31,.53, Kemiringan (roll) : 2.13
2026-05-21 09:57:31,.53, Kemiringan (roll) : 2.13
2026-05-21 09:57:31,.53, Kemiringan (roll) : 2.13
2026-05-21 09:57:31,.53, Kemiringan (roll) : 2.13
2026-05-21 09:57:31,.53, Kemiringan (roll) : 2.13
2026-05-21 09:57:31,.53, Kemiringan (roll) : 2.13
2026-05-21 09:57:31,.53, Kemiringan (roll) : 2.13
2026-05-21 09:57:31,.53, Kemiringan (roll) : 2.13
2026-05-21 09:57:31,.53, Kemiringan (roll) : 2.13
2026-05-21 09:57:31,.53, Kemiringan (roll) : 2.13
2026-05-21 09:57:31,.53, Kemiringan (roll) : 2.13
2026-05-21 09:57:31,.53, Kemiringan (roll) : 2.13
2026-05-21 09:57:31,.53, Kemiringan (roll) : 2.13
2026-05-21 09:57:31,.53, Kemiringan (roll) : 2.13
2026-05-21 09:57:31,.53, Kemiringan (roll) : 2.13
2026-05-21 09:57:31,.53, Kemiringan (roll) : 2.13
2026-05-21 09:57:31,.53, Kemiringan (roll) : 2.13
2026-05-21 09:57:31,.53, Kemiringan (roll) : 2.13
2026-05-21 09:57:31,.53, Kemiringan (roll) : 2.13
2026-05-21 09:57:31,.53, Kemiringan (roll) : 2.13
2026-05-21 09:57:31,.53, Kemiringan (roll) : 2.13
2026-05-21 09:57:31,.53, Kemiringan (roll) : 2.13
2026-05-21 09:57:31,.53, Kemiringan (roll) : 2.13
2026-05-21 09:57:31,.53, Kemiringan (roll) : 2.13
2026-05-21 09:57:31,.53, Kemiringan (roll) : 2.13
2026-05-21 09:57:31,.53, Kemiringan (roll) : 2.13
2026-05-21 09:57:31,.53, Kemiringan (roll) : 2.13
2026-05-21 09:57:31,.53, Kemiringan (roll) : 2.13
2026-05-21 09:57:31,.53, Kemiringan (roll) : 2.13
2026-05-21 09:57:31,.53, Kemiringan (roll) : 2.13
2026-05-21 09:57:31,.53, Kemiringan (roll) : 2.13
2026-05-21 09:57:31,.53, Kemiringan (roll) : 2.13
2026-05-21 09:57:31,.53, Kemiringan (roll) : 2.13
2026-05-21 09:57:31,.53, Kemiringan (roll) : 2.13
2026-05-21 09:57:31,.53, Kemiringan (roll) : 2.13
2026-05-21 09:57:31,.53, Kemiringan (roll) : 2.13
2026-05-21 09:57:31,.53, Kemiringan (roll) : 2.13
2026-05-21 09:57:31,.53, Kemiringan (roll) : 2.13
2026-05-21 09:57:31,.53, Kemiringan (roll) : 2.13
2026-05-21 09:57:31,.53, Kemiringan (roll) : 2.13
2026-05-21 09:57:31,.53, Kemiringan (roll) : 2.13
2026-05-21 09:57:31,.53, Kemiringan (roll) : 2.13
2026-05-21 09:57:31,.53, Kemiringan (roll) : 2.13
2026-05-21 09:57:31,.53, Kemiringan (roll) : 2.13
2026-05-21 09:57:31,.53, Kemiringan (roll) : 2.13
2026-05-21 09:57:31,.53, Kemiringan (roll) : 2.13
2026-05-21 09:57:31,.53, Kemiringan (roll) : 2.13
2026-05-21 09:57:31,.53, Kemiringan (roll) : 2.13
2026-05-21 09:57:31,.53, Kemiringan (roll) : 2.13
2026-05-21 09:57:31,.53, Kemiringan (roll) : 2.13
2026-05-21 09:57:31,.53, Kemiringan (roll) : 2.13
2026-05-21 09:57:31,.53, Kemiringan (roll) : 2.13
2026-05-21 09:57:31,.53, Kemiringan (roll) : 2.13
2026-05-21 09:57:31,.53, Kemiringan (roll) : 2.13
2026-05-21 09:57:31,.53, Kemiringan (roll) : 2.13
2026-05-21 09:57:31,.53, Kemiringan (roll) : 2.13
2026-05-21 09:57:31,.53, Kemiringan (roll) : 2.13
2026-05-21 09:57:31,.53, Kemiringan (roll) : 2.13
2026-05-21 09:57:31,.53, Kemiringan (roll) : 2.13
2026-05-21 09:57:31,.53, Kemiringan (roll) : 2.13
2026-05-21 09:57:31,.53, Kemiringan (roll) : 2.13
2026-05-21 09:57:31,.53, Kemiringan (roll) : 2.13
2026-05-21 09:57:31,.53, Kemiringan (roll) : 2.13
2026-05-21 09:57:31,.53, Kemiringan (roll) : 2.13
2026-05-21 09:57:31,.53, Kemiringan (roll) : 2.13
2026-05-21 09:57:31,.53, Kemiringan (roll) : 2.13
2026-05-21 09:57:31,.53, Kemiringan (roll) : 2.13
2026-05-21 09:57:31,.53, Kemiringan (roll) : 2.13
2026-05-21 09:57:31,.53, Kemiringan (roll) : 2.13
2026-05-21 09:57:31,.53, Kemiringan (roll) : 2.13
2026-05-21 09:57:31,.53, Kemiringan (roll) : 2.13
2026-05-21 09:57:31,.53, Kemiringan (roll) : 2.13
2026-05-21 09:57:31,.53, Kemiringan (roll) : 2.13
2026-05-21 09:57:31,.53, Kemiringan (roll) : 2.13
2026-05-21 09:57:31,.53, Kemiringan (roll) : 2.13
2026-05-21 09:57:31,.53, Kemiringan (roll) : 2.13
2026-05-21 09:57:31,.53, Kemiringan (roll) : 2.13
2026-05-21 09:57:31,.53, Kemiringan (roll) : 2.13
2026-05-21 09:57:31,.53, Kemiringan (roll) : 2.13
2026-05-21 09:57:31,.53, Kemiringan (roll) : 2.13
2026-05-21 09:57:31,.53, Kemiringan (roll) : 2.13
2026-05-21 09:57:31,.53, Kemiringan (roll) : 2.13
2026-05-21 09:57:31,.53, Kemiringan (roll) : 2.13
2026-05-21 09:57:31,.53, Kemiringan (roll) : 2.13
2026-05-21 09:57:31,.53, Kemiringan (roll) : 2.13
2026-05-21 09:57:31,.53, Kemiringan (roll) : 2.13
2026-05-21 09:57:31,.53, Kemiringan (roll) : 2.13
2026-05-21 09:57:31,.53, Kemiringan (roll) : 2.13
2026-05-21 09:57:31,.53, Kemiringan (roll) : 2.13
2026-05-21 09:57:31,.53, Kemiringan (roll) : 2.13
2026-05-21 09:57:31,.53, Kemiringan (roll) : 2.13
2026-05-21 09:57:31,.53, Kemiringan (roll) : 2.13
2026-05-21 09:57:31,.53, Kemiringan (roll) : 2.13
2026-05-21 09:57:31,.53, Kemiringan (roll) : 2.13
2026-05-21 09:57:31,.53, Kemiringan (roll) : 2.13
2026-05-21 09:57:31,.53, Kemiringan (roll) : 2.13
2026-05-21 09:57:31,.53, Kemiringan (roll) : 2.13
2026-05-21 09:57:31,.53, Kemiringan (roll) : 2.13
2026-05-21 09:57:31,.53, Kemiringan (roll) : 2.13
2026-05-21 09:57:31,.53, Kemiringan (roll) : 2.13
2026-05-21 09:57:31,.53, Kemiringan (roll) : 2.13
2026-05-21 09:57:31,.53, Kemiringan (roll) : 2.13
2026-05-21 09:57:31,.53, Kemiringan (roll) : 2.13
2026-05-21 09:57:31,.53, Kemiringan (roll) : 2.13
2026-05-21 09:57:31,.53, Kemiringan (roll) : 2.13
2026-05-21 09:57:31,.53, Kemiringan (roll) : 2.13
2026-05-21 09:57:31,.53, Kemiringan (roll) : 2.13
2026-05-21 09:57:31,.53, Kemiringan (roll) : 2.13
2026-05-21 09:57:31,.53, Kemiringan (roll) : 2.13
2026-05-21 09:57:31,.53, Kemiringan (roll) : 2.13
2026-05-21 09:57:31,.53, Kemiringan (roll) : 2.13
2026-05-21 09:57:31,.53, Kemiringan (roll) : 2.13
2026-05-21 09:57:31,.53, Kemiringan (roll) : 2.13
2026-05-21 09:57:31,.53, Kemiringan (roll) : 2.13
2026-05-21 09:57:31,.53, Kemiringan (roll) : 2.13
2026-05-21 09:57:31,.53, Kemiringan (roll) : 2.13
2026-05-21 09:57:31,.53, Kemiringan (roll) : 2.13
2026-05-21 09:57:31,.53, Kemiringan (roll) : 2.13
2026-05-21 09:57:31,.53, Kemiringan (roll) : 2.13
2026-05-21 09:57:31,.53, Kemiringan (roll) : 2.13
2026-05-21 09:57:31,.53, Kemiringan (roll) : 2.13
2026-05-21 09:57:31,.53, Kemiringan (roll) : 2.13
2026-05-21 09:57:31,.53, Kemiringan (roll) : 2.13
2026-05-21 09:57:31,.53, Kemiringan (roll) : 2.13
2026-05-21 09:57:31,.53, Kemiringan (roll) : 2.13
2026-05-21 09:57:31,.53, Kemiringan (roll) : 2.13
2026-05-21 09:57:31,.53, Kemiringan (roll) : 2.13
2026-05-21 09:57:31,.53, Kemiringan (roll) : 2.13
2026-05-21 09:57:31,.53, Kemiringan (roll) : 2.13
2026-05-21 09:57:31,.53, Kemiringan (roll) : 2.13
2026-05-21 09:57:31,.53, Kemiringan (roll) : 2.13
2026-05-21 09:57:31,.53, Kemiringan (roll) : 2.13
2026-05-21 09:57:31,.53, Kemiringan (roll) : 2.13
2026-05-21 09:57:31,.53, Kemiringan (roll) : 2.13
2026-05-21 09:57:31,.53, Kemiringan (roll) : 2.13
2026-05-21 09:57:31,.53, Kemiringan (roll) : 2.13
2026-05-21 09:57:31,.53, Kemiringan (roll) : 2.13
2026-05-21 09:57:31,.53, Kemiringan (roll) : 2.13
2026-05-21 09:57:31,.53, Kemiringan (roll) : 2.13
2026-05-21 09:57:31,.53, Kemiringan (roll) : 2.13
2026-05-21 09:57:31,.53, Kemiringan (roll) : 2.13
2026-05-21 09:57:31,.53, Kemiringan (roll) : 2.13
2026-05-21 09:57:31,.53, Kemiringan (roll) : 2.13
2026-05-21 09:57:31,.53, Kemiringan (roll) : 2.13
2026-05-21 09:57:31,.53, Kemiringan (roll) : 2.13
2026-05-21 09:57:31,.53, Kemiringan (roll) : 2.13
2026-05-21 09:57:31,.53, Kemiringan (roll) : 2.13
2026-05-21 09:57:31,.53, Kemiringan (roll) : 2.13
2026-05-21 09:57:31,.53, Kemiringan (roll) : 2.13
2026-05-21 09:57:31,.53, Kemiringan (roll) : 2.13
2026-05-21 09:57:31,.53, Kemiringan (roll) : 2.13
2026-05-21 09:57:31,.53, Kemiringan (roll) : 2.13
2026-05-21 09:57:31,.53, Kemiringan (roll) : 2.13
2026-05-21 09:57:31,.53, Kemiringan (roll) : 2.13
2026-05-21 09:57:31,.53, Kemiringan (roll) : 2.13
2026-05-21 09:57:31,.53, Kemiringan (roll) : 2.13
2026-05-21 09:57:31,.53, Kemiringan (roll) : 2.13
2026-05-21 09:57:31,.53, Kemiringan (roll) : 2.13
2026-05-21 09:57:31,.53, Kemiringan (roll) : 2.13
2026-05-21 09:57:31,.53, Kemiringan (roll) : 2.13
2026-05-21 09:57:31,.53, Kemiringan (roll) : 2.13
2026-05-21 09:57:31,.53, Kemiringan (roll) : 2.13
2026-05-21 09:57:31,.53, Kemiringan (roll) : 2.13
2026-05-21 09:57:31,.53, Kemiringan (roll) : 2.13
2026-05-21 09:57:31,.53, Kemiringan (roll) : 2.13
2026-05-21 09:57:31,.53, Kemiringan (roll) : 2.13
2026-05-21 09:57:31,.53, Kemiringan (roll) : 2.13
2026-05-21 09:57:31,.53, Kemiringan (roll) : 2.13
2026-05-21 09:57:31,.53, Kemiringan (roll) : 2.13
2026-05-21 09:57:31,.53, Kemiringan (roll) : 2.13
2026-05-21 09:57:31,.53, Kemiringan (roll) : 2.13
2026-05-21 09:57:31,.53, Kemiringan (roll) : 2.13
2026-05-21 09:57:31,.53, Kemiringan (roll) : 2.13
2026-05-21 09:57:31,.53, Kemiringan (roll) : 2.13
2026-05-21 09:57:31,.53, Kemiringan (roll) : 2.13
2026-05-21 09:57:31,.53, Kemiringan (roll) : 2.13
2026-05-21 09:57:31,.53, Kemiringan (roll) : 2.13
2026-05-21 09:57:31,.53, Kemiringan (roll) : 2.13
2026-05-21 09:57:31,.53, Kemiringan (roll) : 2.13
2026-05-21 09:57:31,.53, Kemiringan (roll) : 2.13
2026-05-21 09:57:31,.53, Kemiringan (roll) : 2.13
2026-05-21 09:57:31,.53, Kemiringan (roll) : 2.13
2026-05-21 09:57:31,.53, Kemiringan (roll) : 2.13
2026-05-21 09:57:31,.53, Kemiringan (roll) : 2.13
2026-05-21 09:57:31,.53, Kemiringan (roll) : 2.13
2026-05-21 09:57:31,.53, Kemiringan (roll) : 2.13
2026-05-21 09:57:31,.53, Kemiringan (roll) : 2.13
2026-05-21 09:57:31,.53, Kemiringan (roll) : 2.13
2026-05-21 09:57:31,.53, Kemiringan (roll) : 2.13
2026-05-21 09:57:31,.53, Kemiringan (roll) : 2.13
2026-05-21 09:57:31,.53, Kemiringan (roll) : 2.13
2026-05-21 09:57:31,.53, Kemiringan (roll) : 2.13
2026-05-21 09:57:31,.53, Kemiringan (roll) : 2.13
2026-05-21 09:57:31,.53, Kemiringan (roll) : 2.13
2026-05-21 09:57:31,.53, Kemiringan (roll) : 2.13
2026-05-21 09:57:31,.53, Kemiringan (roll) : 2.13
2026-05-21 09:57:31,.53, Kemiringan (roll) : 2.13
2026-05-21 09:57:31,.53, Kemiringan (roll) : 2.13
2026-05-21 09:57:31,.53, Kemiringan (roll) : 2.13
2026-05-21 09:57:31,.53, Kemiringan (roll) : 2.13
2026-05-21 09:57:31,.53, Kemiringan (roll) : 2.13
2026-05-21 09:57:31,.53, Kemiringan (roll) : 2.13
2026-05-21 09:57:31,.53, Kemiringan (roll) : 2.13
2026-05-21 09:57:31,.53, Kemiringan (roll) : 2.13
2026-05-21 09:57:31,.53, Kemiringan (roll) : 2.13
2026-05-21 09:57:31,.53, Kemiringan (roll) : 2.13
2026-05-21 09:57:31,.53, Kemiringan (roll) : 2.13
2026-05-21 09:57:31,.53, Kemiringan (roll) : 2.13
2026-05-21 09:57:31,.53, Kemiringan (roll) : 2.13
2026-05-21 09:57:31,.53, Kemiringan (roll) : 2.13
2026-05-21 09:57:31,.53, Kemiringan (roll) : 2.13
2026-05-21 09:57:31,.53, Kemiringan (roll) : 2.13
2026-05-21 09:57:31,.53, Kemiringan (roll) : 2.13
2026-05-21 09:57:31,.53, Kemiringan (roll) : 2.13
2026-05-21 09:57:31,.53, Kemiringan (roll) : 2.13
2026-05-21 09:57:31,.53, Kemiringan (roll) : 2.13
2026-05-21 09:57:31,.53, Kemiringan (roll) : 2.13
2026-05-21 09:57:31,.53, Kemiringan (roll) : 2.13
2026-05-21 09:57:31,.53, Kemiringan (roll) : 2.13
2026-05-21 09:57:31,.53, Kemiringan (roll) : 2.13
2026-05-21 09:57:31,.53, Kemiringan (roll) : 2.13
2026-05-21 09:57:31,.53, Kemiringan (roll) : 2.13
2026-05-21 09:57:31,.53, Kemiringan (roll) : 2.13
2026-05-21 09:57:31,.53, Kemiringan (roll) : 2.13
2026-05-21 09:57:31,.53, Kemiringan (roll) : 2.13
2026-05-21 09:57:31,.53, Kemiringan (roll) : 2.13
2026-05-21 09:57:31,.53, Kemiringan (roll) : 2.13
2026-05-21 09:57:31,.53, Kemiringan (roll) : 2.13
2026-05-21 09:57:31,.53, Kemiringan (roll) : 2.13
2026-05-21 09:57:31,.53, Kemiringan (roll) : 2.13
2026-05-21 09:57:31,.53, Kemiringan (roll) : 2.13
2026-05-21 09:57:31,.53, Kemiringan (roll) : 2.13
2026-05-21 09:57:31,.53, Kemiringan (roll) : 2.13
2026-05-21 09:57:31,.53, Kemiringan (roll) : 2.13
2026-05-21 09:57:31,.53, Kemiringan (roll) : 2.13
2026-05-21 09:57:31,.53, Kemiringan (roll) : 2.13
2026-05-21 09:57:31,.53, Kemiringan (roll) : 2.13
2026-05-21 09:57:31,.53, Kemiringan (roll) : 2.13
2026-05-21 09:57:31,.53, Kemiringan (roll) : 2.13
2026-05-21 09:57:31,.53, Kemiringan (roll) : 2.13
2026-05-21 09:57:31,.53, Kemiringan (roll) : 2.13
2026-05-21 09:57:31,.53, Kemiringan (roll) : 2.13
2026-05-21 09:57:31,.53, Kemiringan (roll) : 2.13
2026-05-21 09:57:31,.53, Kemiringan (roll) : 2.13
2026-05-21 09:57:31,.53, Kemiringan (roll) : 2.13
2026-05-21 09:57:31,.53, Kemiringan (roll) : 2.13
2026-05-21 09:57:31,.53, Kemiringan (roll) : 2.13
2026-05-21 09:57:31,.53, Kemiringan (roll) : 2.13
2026-05-21 09:57:31,.53, Kemiringan (roll) : 2.13
2026-05-21 09:57:31,.53, Kemiringan (roll) : 2.13
2026-05-21 09:57:31,.53, Kemiringan (roll) : 2.13
2026-05-21 09:57:31,.53, Kemiringan (roll) : 2.13
2026-05-21 09:57:31,.53, Kemiringan (roll) : 2.13
2026-05-21 09:57:31,.53, Kemiringan (roll) : 2.13
2026-05-21 09:57:31,.53, Kemiringan (roll) : 2.13
2026-05-21 09:57:31,.53, Kemiringan (roll) : 2.13
2026-05-21 09:57:31,.53, Kemiringan (roll) : 2.13
2026-05-21 09:57:31,.53, Kemiringan (roll) : 2.13
2026-05-21 09:57:31,.53, Kemiringan (roll) : 2.13
2026-05-21 09:57:31,.53, Kemiringan (roll) : 2.13
2026-05-21 09:57:31,.53, Kemiringan (roll) : 2.13
2026-05-21 09:57:31,.53, Kemiringan (roll) : 2.13
2026-05-21 09:57:31,.53, Kemiringan (roll) : 2.13
2026-05-21 09:57:31,.53, Kemiringan (roll) : 2.13
2026-05-21 09:57:31,.53, Kemiringan (roll) : 2.13
2026-05-21 09:57:31,.53, Kemiringan (roll) : 2.13
2026-05-21 09:57:31,.53, Kemiringan (roll) : 2.13
2026-05-21 09:57:31,.53, Kemiringan (roll) : 2.13
2026-05-21 09:57:31,.53, Kemiringan (roll) : 2.13
2026-05-21 09:57:31,.53, Kemiringan (roll) : 2.13
2026-05-21 09:57:31,.53, Kemiringan (roll) : 2.13
2026-05-21 09:57:31,.53, Kemiringan (roll) : 2.13
2026-05-21 09:57:31,.53, Kemiringan (roll) : 2.13
2026-05-21 09:57:31,.53, Kemiringan (roll) : 2.13
2026-05-21 09:57:31,.53, Kemiringan (roll) : 2.13
2026-05-21 09:57:31,.53, Kemiringan (roll) : 2.13
2026-05-21 09:57:31,.53, Kemiringan (roll) : 2.13
2026-05-21 09:57:31,.53, Kemiringan (roll) : 2.13
2026-05-21 09:57:31,.53, Kemiringan (roll) : 2.13
2026-05-21 09:57:31,.53, Kemiringan (roll) : 2.13
2026-05-21 09:57:31,.53, Kemiringan (roll) : 2.13
2026-05-21 09:57:31,.53, Kemiringan (roll) : 2.13
2026-05-21 09:57:31,.53, Kemiringan (roll) : 2.13
2026-05-21 09:57:31,.53, Kemiringan (roll) : 2.13
2026-05-21 09:57:31,.53, Kemiringan (roll) : 2.13
2026-05-21 09:57:31,.53, Kemiringan (roll) : 2.13
2026-05-21 09:57:31,.53, Kemiringan (roll) : 2.13
2026-05-21 09:57:31,.53, Kemiringan (roll) : 2.13
2026-05-21 09:57:31,.53, Kemiringan (roll) : 2.13
2026-05-21 09:57:31,.53, Kemiringan (roll) : 2.13
2026-05-21 09:57:31,.53, Kemiringan (roll) : 2.13
2026-05-21 09:57:31,.53, Kemiringan (roll) : 2.13
2026-05-21 09:57:31,.53, Kemiringan (roll) : 2.13
2026-05-21 09:57:31,.53, Kemiringan (roll) : 2.13
2026-05-21 09:57:31,.53, Kemiringan (roll) : 2.13
2026-05-21 09:57:31,.53, Kemiringan (roll) : 2.13
2026-05-21 09:57:31,.53, Kemiringan (roll) : 2.13
2026-05-21 09:57:31,.53, Kemiringan (roll) : 2.13
2026-05-21 09:57:31,.53, Kemiringan (roll) : 2.13
2026-05-21 09:57:31,.53, Kemiringan (roll) : 2.13
2026-05-21 09:57:31,.53, Kemiringan (roll) : 2.13
2026-05-21 09:57:31,.53, Kemiringan (roll) : 2.13
2026-05-21 09:57:31,.53, Kemiringan (roll) : 2.13
2026-05-21 09:57:31,.53, Kemiringan (roll) : 2.13
2026-05-21 09:57:31,.53, Kemiringan (roll) : 2.13
2026-05-21 09:57:31,.53, Kemiringan (roll) : 2.13
2026-05-21 09:57:31,.53, Kemiringan (roll) : 2.13
2026-05-21 09:57:31,.53, Kemiringan (roll) : 2.13
2026-05-21 09:57:31,.53, Kemiringan (roll) : 2.13
2026-05-21 09:57:31,.53, Kemiringan (roll) : 2.13
2026-05-21 09:57:31,.53, Kemiringan (roll) : 2.13
2026-05-21 09:57:31,.53, Kemiringan (roll) : 2.13
2026-05-21 09:57:31,.53, Kemiringan (roll) : 2.13
2026-05-21 09:57:31,.53, Kemiringan (roll) : 2.13
2026-05-21 09:57:31,.53, Kemiringan (roll) : 2.13
2026-05-21 09:57:31,.53, Kemiringan (roll) : 2.13
2026-05-21 09:57:31,.53, Kemiringan (roll) : 2.13
2026-05-21 09:57:31,.53, Kemiringan (roll) : 2.13
2026-05-21 09:57:31,.53, Kemiringan (roll) : 2.13
2026-05-21 09:57:31,.53, Kemiringan (roll) : 2.13
2026-05-21 09:57:31,.53, Kemiringan (roll) : 2.13
2026-05-21 09:57:31,.53, Kemiringan (roll) : 2.13
2026-05-21 09:57:31,.53, Kemiringan (roll) : 2.13
2026-05-21 09:57:31,.53, Kemiringan (roll) : 2.13
2026-05-21 09:57:31,.53, Kemiringan (roll) : 2.13
2026-05-21 09:57:31,.53, Kemiringan (roll) : 2.13
2026-05-21 09:57:31,.53, Kemiringan (roll) : 2.13
2026-05-21 09:57:31,.53, Kemiringan (roll) : 2.13
2026-05-21 09:57:31,.53, Kemiringan (roll) : 2.13
2026-05-21 09:57:31,.53, Kemiringan (roll) : 2.13
2026-05-21 09:57:31,.53, Kemiringan (roll) : 2.13
2026-05-21 09:57:31,.53, Kemiringan (roll) : 2.13
2026-05-21 09:57:31,.53, Kemiringan (roll) : 2.13
2026-05-21 09:57:31,.53, Kemiringan (roll) : 2.13
2026-05-21 09:57:31,.53, Kemiringan (roll) : 2.13
2026-05-21 09:57:31,.53, Kemiringan (roll) : 2.13
2026-05-21 09:57:31,.53, Kemiringan (roll) : 2.13
2026-05-21 09:57:31,.53, Kemiringan (roll) : 2.13
2026-05-21 09:57:31,.53, Kemiringan (roll) : 2.13
2026-05-21 09:57:31,.53, Kemiringan (roll) : 2.13
2026-05-21 09:57:31,.53, Kemiringan (roll) : 2.13
2026-05-21 09:57:31,.53, Kemiringan (roll) : 2.13
2026-05-21 09:57:31,.53, Kemiringan (roll) : 2.13
2026-05-21 09:57:31,.53, Kemiringan (roll) : 2.13
2026-05-21 09:57:31,.53, Kemiringan (roll) : 2.13
2026-05-21 09:57:31,.53, Kemiringan (roll) : 2.13
2026-05-21 09:57:31,.53, Kemiringan (roll) : 2.13
2026-05-21 09:57:31,.53, Kemiringan (roll) : 2.13
2026-05-21 09:57:31,.53, Kemiringan (roll) : 2.13
2026-05-21 09:57:31,.53, Kemiringan (roll) : 2.13
2026-05-21 09:57:31,.53, Kemiringan (roll) : 2.13
2026-05-21 09:57:31,.53, Kemiringan (roll) : 2.13
2026-05-21 09:57:31,.53, Kemiringan (roll) : 2.13
2026-05-21 09:57:31,.53, Kemiringan (roll) : 2.13
2026-05-21 09:57:31,.53, Kemiringan (roll) : 2.13
2026-05-21 09:57:31,.53, Kemiringan (roll) : 2.13
2026-05-21 09:57:31,.53, Kemiringan (roll) : 2.13
2026-05-21 09:57:31,.53, Kemiringan (roll) : 2.13
2026-05-21 09:57:31,.53, Kemiringan (roll) : 2.13
2026-05-21 09:57:31,.53, Kemiringan (roll) : 2.13
2026-05-21 09:57:31,.53, Kemiringan (roll) : 2.13
2026-05-21 09:57:31,.53, Kemiringan (roll) : 2.13
2026-05-21 09:57:31,.53, Kemiringan (roll) : 2.13
2026-05-21 09:57:31,.53, Kemiringan (roll) : 2.13
2026-05-21 09:57:31,.53, Kemiringan (roll) : 2.13
2026-05-21 09:57:31,.53, Kemiringan (roll) : 2.13
2026-05-21 09:57:31,.53, Kemiringan (roll) : 2.13
2026-05-21 09:57:31,.53, Kemiringan (roll) : 2.13
2026-05-21 09:57:31,.53, Kemiringan (roll) : 2.13
2026-05-21 09:57:31,.53, Kemiringan (roll) : 2.13
2026-05-21 09:57:31,.53, Kemiringan (roll) : 2.13
2026-05-21 09:57:31,.53, Kemiringan (roll) : 2.13
2026-05-21 09:57:31,.53, Kemiringan (roll) : 2.13
2026-05-21 09:57:31,.53, Kemiringan (roll) : 2.13
2026-05-21 09:57:31,.53, Kemiringan (roll) : 2.13
2026-05-21 09:57:31,.53, Kemiringan (roll) : 2.13
2026-05-21 09:57:31,.53, Kemiringan (roll) : 2.13
2026-05-21 09:57:31,.53, Kemiringan (roll) : 2.13
2026-05-21 09:57:31,.53, Kemiringan (roll) : 2.13
2026-05-21 09:57:31,.53, Kemiringan (roll) : 2.13
2026-05-21 09:57:31,.53, Kemiringan (roll) : 2.13
2026-05-21 09:57:31,.53, Kemiringan (roll) : 2.13
2026-05-21 09:57:31,.53, Kemiringan (roll) : 2.13
2026-05-21 09:57:31,.53, Kemiringan (roll) : 2.13
2026-05-21 09:57:31,.53, Kemiringan (roll) : 2.13
2026-05-21 09:57:31,.53, Kemiringan (roll) : 2.13
2026-05-21 09:57:31,.53, Kemiringan (roll) : 2.13
2026-05-21 09:57:31,.53, Kemiringan (roll) : 2.13
2026-05-21 09:57:31,.53, Kemiringan (roll) : 2.13
2026-05-21 09:57:31,.53, Kemiringan (roll) : 2.13
2026-05-21 09:57:31,.53, Kemiringan (roll) : 2.13
2026-05-21 09:57:31,.53, Kemiringan (roll) : 2.13
2026-05-21 09:57:31,.53, Kemiringan (roll) : 2.13
2026-05-21 09:57:31,.53, Kemiringan (roll) : 2.13
2026-05-21 09:57:31,.53, Kemiringan (roll) : 2.13
2026-05-21 09:57:31,.53, Kemiringan (roll) : 2.13
2026-05-21 09:57:31,.53, Kemiringan (roll) : 2.13
2026-05-21 09:57:31,.53, Kemiringan (roll) : 2.13
2026-05-21 09:57:31,.53, Kemiringan (roll) : 2.13
2026-05-21 09:57:31,.53, Kemiringan (roll) : 2.13
2026-05-21 09:57:31,.53, Kemiringan (roll) : 2.13
2026-05-21 09:57:31,.53, Kemiringan (roll) : 2.13
2026-05-21 09:57:31,.53, Kemiringan (roll) : 2.13
2026-05-21 09:57:31,.53, Kemiringan (roll) : 2.13
2026-05-21 09:57:31,.53, Kemiringan (roll) : 2.13
2026-05-21 09:57:31,.53, Kemiringan (roll) : 2.13
2026-05-21 09:57:31,.53, Kemiringan (roll) : 2.13
2026-05-21 09:57:31,.53, Kemiringan (roll) : 2.13
2026-05-21 09:57:31,.53, Kemiringan (roll) : 2.13
2026-05-21 09:57:31,.53, Kemiringan (roll) : 2.13
2026-05-21 09:57:31,.53, Kemiringan (roll) : 2.13
2026-05-21 09:57:31,.53, Kemiringan (roll) : 2.13
2026-05-21 09:57:31,.53, Kemiringan (roll) : 2.13
2026-05-21 09:57:31,.53, Kemiringan (roll) : 2.13
2026-05-21 09:57:31,.53, Kemiringan (roll) : 2.13
2026-05-21 09:57:31,.53, Kemiringan (roll) : 2.13
2026-05-21 09:57:31,.53, Kemiringan (roll) : 2.13
2026-05-21 09:57:31,.53, Kemiringan (roll) : 2.13
2026-05-21 09:57:31,.53, Kemiringan (roll) : 2.13
2026-05-21 09:57:31,.53, Kemiringan (roll) : 2.13
2026-05-21 09:57:31,.53, Kemiringan (roll) : 2.13
2026-05-21 09:57:31,.53, Kemiringan (roll) : 2.13
2026-05-21 09:57:31,.53, Kemiringan (roll) : 2.13
2026-05-21 09:57:31,.53, Kemiringan (roll) : 2.13
2026-05-21 09:57:31,.53, Kemiringan (roll) : 2.13
2026-05-21 09:57:31,.53, Kemiringan (roll) : 2.13
2026-05-21 09:57:31,.53, Kemiringan (roll) : 2.13
2026-05-21 09:57:31,.53, Kemiringan (roll) : 2.13
2026-05-21 09:57:31,.53, Kemiringan (roll) : 2.13
2026-05-21 09:57:31,.53, Kemiringan (roll) : 2.13
2026-05-21 09:57:31,.53, Kemiringan (roll) : 2.13
2026-05-21 09:57:31,.53, Kemiringan (roll) : 2.13
2026-05-21 09:57:31,.53, Kemiringan (roll) : 2.13
2026-05-21 09:57:31,.53, Kemiringan (roll) : 2.13
2026-05-21 09:57:31,.53, Kemiringan (roll) : 2.13
2026-05-21 09:57:31,.53, Kemiringan (roll) : 2.13
2026-05-21 09:57:31,.53, Kemiringan (roll) : 2.13
2026-05-21 09:57:31,.53, Kemiringan (roll) : 2.13
2026-05-21 09:57:31,.53, Kemiringan (roll) : 2.13
2026-05-21 09:57:31,.53, Kemiringan (roll) : 2.13
2026-05-21 09:57:31,.53, Kemiringan (roll) : 2.13
2026-05-21 09:57:31,.53, Kemiringan (roll) : 2.13
2026-05-21 09:57:31,.53, Kemiringan (roll) : 2.13
2026-05-21 09:57:31,.53, Kemiringan (roll) : 2.13
2026-05-21 09:57:31,.53, Kemiringan (roll) : 2.13
2026-05-21 09:57:31,.53, Kemiringan (roll) : 2.13
2026-05-21 09:57:31,.53, Kemiringan (roll) : 2.13
2026-05-21 09:57:31,.53, Kemiringan (roll) : 2.13
2026-05-21 09:57:31,.53, Kemiringan (roll) : 2.13
2026-05-21 09:57:31,.53, Kemiringan (roll) : 2.13
2026-05-21 09:57:31,.53, Kemiringan (roll) : 2.13
2026-05-21 09:57:31,.53, Kemiringan (roll) : 2.13
2026-05-21 09:57:31,.53, Kemiringan (roll) : 2.13
2026-05-21 09:57:31,.53, Kemiringan (roll) : 2.13
2026-05-21 09:57:31,.53, Kemiringan (roll) : 2.13
2026-05-21 09:57:31,.53, Kemiringan (roll) : 2.13
2026-05-21 09:57:31,.53, Kemiringan (roll) : 2.13
2026-05-21 09:57:31,.53, Kemiringan (roll) : 2.13
2026-05-21 09:57:31,.53, Kemiringan (roll) : 2.13
2026-05-21 09:57:31,.53, Kemiringan (roll) : 2.13
2026-05-21 09:57:31,.53, Kemiringan (roll) : 2.13
2026-05-21 09:57:31,.53, Kemiringan (roll) : 2.13
2026-05-21 09:57:31,.53, Kemiringan (roll) : 2.13
2026-05-21 09:57:31,.53, Kemiringan (roll) : 2.13
2026-05-21 09:57:31,.53, Kemiringan (roll) : 2.13
2026-05-21 09:57:31,.53, Kemiringan (roll) : 2.13
2026-05-21 09:57:31,.53, Kemiringan (roll) : 2.13
2026-05-21 09:57:31,.53, Kemiringan (roll) : 2.13
2026-05-21 09:57:31,.53, Kemiringan (roll) : 2.13
2026-05-21 09:57:31,.53, Kemiringan (roll) : 2.13
2026-05-21 09:57:31,.53, Kemiringan (roll) : 2.13
2026-05-21 09:57:31,.53, Kemiringan (roll) : 2.13
2026-05-21 09:57:31,.53, Kemiringan (roll) : 2.13
2026-05-21 09:57:31,.53, Kemiringan (roll) : 2.13
2026-05-21 09:57:31,.53, Kemiringan (roll) : 2.13
2026-05-21 09:57:31,.53, Kemiringan (roll) : 2.13
2026-05-21 09:57:31,.53, Kemiringan (roll) : 2.13
2026-05-21 09:57:31,.53, Kemiringan (roll) : 2.13
2026-05-21 09:57:31,.53, Kemiringan (roll) : 2.13
2026-05-21 09:57:31,.53, Kemiringan (roll) : 2.13
2026-05-21 09:57:31,.53, Kemiringan (roll) : 2.13
2026-05-21 09:57:31,.53, Kemiringan (roll) : 2.13
2026-05-21 09:57:31,.53, Kemiringan (roll) : 2.13
2026-05-21 09:57:31,.53, Kemiringan (roll) : 2.13
2026-05-21 09:57:31,.53, Kemiringan (roll) : 2.13
2026-05-21 09:57:31,.53, Kemiringan (roll) : 2.13
2026-05-21 09:57:31,.53, Kemiringan (roll) : 2.13
2026-05-21 09:57:31,.53, Kemiringan (roll) : 2.13
2026-05-21 09:57:31,.53, Kemiringan (roll) : 2.13
2026-05-21 09:57:31,.53, Kemiringan (roll) : 2.13
2026-05-21 09:57:31,.53, Kemiringan (roll) : 2.13
2026-05-21 09:57:31,.53, Kemiringan (roll) : 2.13
2026-05-21 09:57:31,.53, Kemiringan (roll) : 2.13
2026-05-21 09:57:31,.53, Kemiringan (roll) : 2.13
2026-05-21 09:57:31,.53, Kemiringan (roll) : 2.13
2026-05-21 09:57:31,.53, Kemiringan (roll) : 2.13
2026-05-21 09:57:31,.53, Kemiringan (roll) : 2.13
2026-05-21 09:57:31,.53, Kemiringan (roll) : 2.13
2026-05-21 09:57:31,.53, Kemiringan (roll) : 2.13
2026-05-21 09:57:31,.53, Kemiringan (roll) : 2.13
2026-05-21 09:57:31,.53, Kemiringan (roll) : 2.13
2026-05-21 09:57:31,.53, Kemiringan (roll) : 2.13
2026-05-21 09:57:31,.53, Kemiringan (roll) : 2.13
2026-05-21 09:57:31,.53, Kemiringan (roll) : 2.13
2026-05-21 09:57:31,.53, Kemiringan (roll) : 2.13
2026-05-21 09:57:31,.53, Kemiringan (roll) : 2.13
2026-05-21 09:57:31,.53, Kemiringan (roll) : 2.13
2026-05-21 09:57:31,.53, Kemiringan (roll) : 2.13
2026-05-21 09:57:31,.53, Kemiringan (roll) : 2.13
2026-05-21 09:57:31,.53, Kemiringan (roll) : 2.13
2026-05-21 09:57:31,.53, Kemiringan (roll) : 2.13
2026-05-21 09:57:31,.53, Kemiringan (roll) : 2.13
2026-05-21 09:57:31,.53, Kemiringan (roll) : 2.13
2026-05-21 09:57:31,.53, Kemiringan (roll) : 2.13
2026-05-21 09:57:31,.53, Kemiringan (roll) : 2.13
2026-05-21 09:57:31,.53, Kemiringan (roll) : 2.13
2026-05-21 09:57:31,.53, Kemiringan (roll) : 2.13
2026-05-21 09:57:31,.53, Kemiringan (roll) : 2.13
2026-05-21 09:57:31,.53, Kemiringan (roll) : 2.13
2026-05-21 09:57:31,.53, Kemiringan (roll) : 2.13
2026-05-21 09:57:31,.53, Kemiringan (roll) : 2.13
2026-05-21 09:57:31,.53, Kemiringan (roll) : 2.13
2026-05-21 09:57:31,.53, Kemiringan (roll) : 2.13
2026-05-21 09:57:31,.53, Kemiringan (roll) : 2.13
2026-05-21 09:57:31,.53, Kemiringan (roll) : 2.13
2026-05-21 09:57:31,.53, Kemiringan (roll) : 2.13
2026-05-21 09:57:31,.53, Kemiringan (roll) : 2.13
2026-05-21 09:57:31,.53, Kemiringan (roll) : 2.13
2026-05-21 09:57:31,.53, Kemiringan (roll) : 2.13
2026-05-21 09:57:31,.53, Kemiringan (roll) : 2.13
2026-05-21 09:57:31,.53, Kemiringan (roll) : 2.13
2026-05-21 09:57:31,.53, Kemiringan (roll) : 2.13
2026-05-21 09:57:31,.53, Kemiringan (roll) : 2.13
2026-05-21 09:57:31,.53, Kemiringan (roll) : 2.13
2026-05-21 09:57:31,.53, Kemiringan (roll) : 2.13
2026-05-21 09:57:31,.53, Kemiringan (roll) : 2.13
2026-05-21 09:57:31,.53, Kemiringan (roll) : 2.13
2026-05-21 09:57:31,.53, Kemiringan (roll) : 2.13
2026-05-21 09:57:31,.53, Kemiringan (roll) : 2.13
2026-05-21 09:57:31,.53, Kemiringan (roll) : 2.13
2026-05-21 09:57:31,.53, Kemiringan (roll) : 2.13
2026-05-21 09:57:31,.53, Kemiringan (roll) : 2.13
2026-05-21 09:57:31,.53, Kemiringan (roll) : 2.13
2026-05-21 09:57:31,.53, Kemiringan (roll) : 2.13
2026-05-21 09:57:31,.53, Kemiringan (roll) : 2.13
2026-05-21 09:57:31,.53, Kemiringan (roll) : 2.13
2026-05-21 09:57:31,.53, Kemiringan (roll) : 2.13
2026-05-21 09:57:31,.53, Kemiringan (roll) : 2.13
2026-05-21 09:57:31,.53, Kemiringan (roll) : 2.13
2026-05-21 09:57:31,.53, Kemiringan (roll) : 2.13
2026-05-21 09:57:31,.53, Kemiringan (roll) : 2.13
2026-05-21 09:57:31,.53, Kemiringan (roll) : 2.13
2026-05-21 09:57:31,.53, Kemiringan (roll) : 2.13
2026-05-21 09:57:31,.53, Kemiringan (roll) : 2.13
2026-05-21 09:57:31,.53, Kemiringan (roll) : 2.13
2026-05-21 09:57:31,.53, Kemiringan (roll) : 2.13
2026-05-21 09:57:31,.53, Kemiringan (roll) : 2.13
2026-05-21 09:57:31,.53, Kemiringan (roll) : 2.13
2026-05-21 09:57:31,.53, Kemiringan (roll) : 2.13
2026-05-21 09:57:31,.53, Kemiringan (roll) : 2.13
2026-05-21 09:57:31,.53, Kemiringan (roll) : 2.13
2026-05-21 09:57:31,.53, Kemiringan (roll) : 2.13
2026-05-21 09:57:31,.53, Kemiringan (roll) : 2.13
2026-05-21 09:57:31,.53, Kemiringan (roll) : 2.13
2026-05-21 09:57:31,.53, Kemiringan (roll) : 2.13
2026-05-21 09:57:31,.53, Kemiringan (roll) : 2.13
2026-05-21 09:57:31,.53, Kemiringan (roll) : 2.13
2026-05-21 09:57:31,.53, Kemiringan (roll) : 2.13
2026-05-21 09:57:31,.53, Kemiringan (roll) : 2.13
2026-05-21 09:57:31,.53, Kemiringan (roll) : 2.13
2026-05-21 09:57:31,.53, Kemiringan (roll) : 2.13
2026-05-21 09:57:31,.53, Kemiringan (roll) : 2.13
2026-05-21 09:57:31,.53, Kemiringan (roll) : 2.13
2026-05-21 09:57:31,.53, Kemiringan (roll) : 2.13
2026-05-21 09:57:31,.53, Kemiringan (roll) : 2.13
2026-05-21 09:57:31,.53, Kemiringan (roll) : 2.13
2026-05-21 09:57:31,.53, Kemiringan (roll) : 2.13
2026-05-21 09:57:31,.53, Kemiringan (roll) : 2.13
2026-05-21 09:57:31,.53, Kemiringan (roll) : 2.13
2026-05-21 09:57:31,.53, Kemiringan (roll) : 2.13
2026-05-21 09:57:31,.53, Kemiringan (roll) : 2.13
2026-05-21 09:57:31,.53, Kemiringan (roll) : 2.13
2026-05-21 09:57:31,.53, Kemiringan (roll) : 2.13
2026-05-21 09:57:31,.53, Kemiringan (roll) : 2.13
2026-05-21 09:57:31,.53, Kemiringan (roll) : 2.13
2026-05-21 09:57:31,.53, Kemiringan (roll) : 2.13
2026-05-21 09:57:31,.53, Kemiringan (roll) : 2.13
2026-05-21 09:57:31,.53, Kemiringan (roll) : 2.13
2026-05-21 09:57:31,.53, Kemiringan (roll) : 2.13
2026-05-21 09:57:31,.53, Kemiringan (roll) : 2.13
2026-05-21 09:57:31,.53, Kemiringan (roll) : 2.13
2026-05-21 09:57:31,.53, Kemiringan (roll) : 2.13
2026-05-21 09:57:31,.53, Kemiringan (roll) : 2.13
2026-05-21 09:57:31,.53, Kemiringan (roll) : 2.13
2026-05-21 09:57:31,.53, Kemiringan (roll) : 2.13
2026-05-21 09:57:31,.53, Kemiringan (roll) : 2.13
2026-05-21 09:57:31,.53, Kemiringan (roll) : 2.13
2026-05-21 09:57:31,.53, Kemiringan (roll) : 2.13
2026-05-21 09:57:31,.53, Kemiringan (roll) : 2.13
2026-05-21 09:57:31,.53, Kemiringan (roll) : 2.13
2026-05-21 09:57:31,.53, Kemiringan (roll) : 2.13
2026-05-21 09:57:31,.53, Kemiringan (roll) : 2.13
2026-05-21 09:57:31,.53, Kemiringan (roll) : 2.13
2026-05-21 09:57:31,.53, Kemiringan (roll) : 2.13
2026-05-21 09:57:31,.53, Kemiringan (roll) : 2.13
2026-05-21 09:57:31,.53, Kemiringan (roll) : 2.13
2026-05-21 09:57:31,.53, Kemiringan (roll) : 2.13
2026-05-21 09:57:31,.53, Kemiringan (roll) : 2.13
2026-05-21 09:57:31,.53, Kemiringan (roll) : 2.13
2026-05-21 09:57:31,.53, Kemiringan (roll) : 2.13
2026-05-21 09:57:31,.53, Kemiringan (roll) : 2.13
2026-05-21 09:57:31,.53, Kemiringan (roll) : 2.13
2026-05-21 09:57:31,.53, Kemiringan (roll) : 2.13
2026-05-21 09:57:31,.53, Kemiringan (roll) : 2.13
2026-05-21 09:57:31,.53, Kemiringan (roll) : 2.13
2026-05-21 09:57:31,.53, Kemiringan (roll) : 2.13
2026-05-21 09:57:31,.53, Kemiringan (roll) : 2.13
2026-05-21 09:57:31,.53, Kemiringan (roll) : 2.13
2026-05-21 09:57:31,.53, Kemiringan (roll) : 2.13
2026-05-21 09:57:31,.53, Kemiringan (roll) : 2.13
2026-05-21 09:57:31,.53, Kemiringan (roll) : 2.13
2026-05-21 09:57:31,.53, Kemiringan (roll) : 2.13
2026-05-21 09:57:31,.53, Kemiringan (roll) : 2.13
2026-05-21 09:57:31,.53, Kemiringan (roll) : 2.13
2026-05-21 09:57:31,.53, Kemiringan (roll) : 2.13
2026-05-21 09:57:31,.53, Kemiringan (roll) : 2.13
2026-05-21 09:57:31,.53, Kemiringan (roll) : 2.13
2026-05-21 09:57:31,.53, Kemiringan (roll) : 2.13
2026-05-21 09:57:31,.53, Kemiringan (roll) : 2.13
2026-05-21 09:57:31,.53, Kemiringan (roll) : 2.13
2026-05-21 09:57:31,.53, Kemiringan (roll) : 2.13
2026-05-21 09:57:31,.53, Kemiringan (roll) : 2.13
2026-05-21 09:57:31,.53, Kemiringan (roll) : 2.13
2026-05-21 09:57:31,.53, Kemiringan (roll) : 2.13
2026-05-21 09:57:31,.53, Kemiringan (roll) : 2.13
2026-05-21 09:57:31,.53, Kemiringan (roll) : 2.13
2026-05-21 09:57:31,.53, Kemiringan (roll) : 2.13
2026-05-21 09:57:31,.53, Kemiringan (roll) : 2.13
2026-05-21 09:57:31,.53, Kemiringan (roll) : 2.13
2026-05-21 09:57:31,.53, Kemiringan (roll) : 2.13
2026-05-21 09:57:31,.53, Kemiringan (roll) : 2.13
2026-05-21 09:57:31,.53, Kemiringan (roll) : 2.13
2026-05-21 09:57:31,.53, Kemiringan (roll) : 2.13
2026-05-21 09:57:31,.53, Kemiringan (roll) : 2.13
2026-05-21 09:57:31,.53, Kemiringan (roll) : 2.13
2026-05-21 09:57:31,.53, Kemiringan (roll) : 2.13
2026-05-21 09:57:31,.53, Kemiringan (roll) : 2.13
2026-05-21 09:57:31,.53, Kemiringan (roll) : 2.13
2026-05-21 09:57:31,.53, Kemiringan (roll) : 2.13
2026-05-21 09:57:31,.53, Kemiringan (roll) : 2.13
2026-05-21 09:57:31,.53, Kemiringan (roll) : 2.13
2026-05-21 09:57:31,.53, Kemiringan (roll) : 2.13
2026-05-21 09:57:31,.53, Kemiringan (roll) : 2.13
2026-05-21 09:57:31,.53, Kemiringan (roll) : 2.13
2026-05-21 09:57:31,.53, Kemiringan (roll) : 2.13
2026-05-21 09:57:31,.53, Kemiringan (roll) : 2.13
2026-05-21 09:57:31,.53, Kemiringan (roll) : 2.13
2026-05-21 09:57:31,.53, Kemiringan (roll) : 2.13
2026-05-21 09:57:31,.53, Kemiringan (roll) : 2.13
2026-05-21 09:57:31,.53, Kemiringan (roll) : 2.13
2026-05-21 09:57:31,.53, Kemiringan (roll) : 2.13
2026-05-21 09:57:31,.53, Kemiringan (roll) : 2.13
2026-05-21 09:57:31,.53, Kemiringan (roll) : 2.13
2026-05-21 09:57:31,.53, Kemiringan (roll) : 2.13
2026-05-21 09:57:31,.53, Kemiringan (roll) : 2.13
2026-05-21 09:57:31,.53, Kemiringan (roll) : 2.13
2026-05-21 09:57:31,.53, Kemiringan (roll) : 2.13
2026-05-21 09:57:31,.53, Kemiringan (roll) : 2.13
2026-05-21 09:57:31,.53, Kemiringan (roll) : 2.13
2026-05-21 09:57:31,.53, Kemiringan (roll) : 2.13
2026-05-21 09:57:31,.53, Kemiringan (roll) : 2.13
2026-05-21 09:57:31,.53, Kemiringan (roll) : 2.13
2026-05-21 09:57:31,.53, Kemiringan (roll) : 2.13
2026-05-21 09:57:31,.53, Kemiringan (roll) : 2.13
2026-05-21 09:57:31,.53, Kemiringan (roll) : 2.13
2026-05-21 09:57:31,.53, Kemiringan (roll) : 2.13
2026-05-21 09:57:31,.53, Kemiringan (roll) : 2.13
2026-05-21 09:57:31,.53, Kemiringan (roll) : 2.13
2026-05-21 09:57:31,.53, Kemiringan (roll) : 2.13
2026-05-21 09:57:31,.53, Kemiringan (roll) : 2.13
2026-05-21 09:57:31,.53, Kemiringan (roll) : 2.13
2026-05-21 09:57:31,.53, Kemiringan (roll) : 2.13
2026-05-21 09:57:31,.53, Kemiringan (roll) : 2.13
2026-05-21 09:57:31,.53, Kemiringan (roll) : 2.13
2026-05-21 09:57:31,.53, Kemiringan (roll) : 2.13
2026-05-21 09:57:31,.53, Kemiringan (roll) : 2.13
2026-05-21 09:57:31,.53, Kemiringan (roll) : 2.13
2026-05-21 09:57:31,.53, Kemiringan (roll) : 2.13
2026-05-21 09:57:31,.53, Kemiringan (roll) : 2.13
2026-05-21 09:57:31,.53, Kemiringan (roll) : 2.13
2026-05-21 09:57:31,.53, Kemiringan (roll) : 2.13
2026-05-21 09:57:31,.53, Kemiringan (roll) : 2.13
2026-05-21 09:57:31,.53, Kemiringan (roll) : 2.13
2026-05-21 09:57:31,.53, Kemiringan (roll) : 2.13
2026-05-21 09:57:31,.53, Kemiringan (roll) : 2.13
2026-05-21 09:57:31,.53, Kemiringan (roll) : 2.13
2026-05-21 09:57:31,.53, Kemiringan (roll) : 2.13
2026-05-21 09:57:31,.53, Kemiringan (roll) : 2.13
2026-05-21 09:57:31,.53, Kemiringan (roll) : 2.13
2026-05-21 09:57:31,.53, Kemiringan (roll) : 2.13
2026-05-21 09:57:31,.53, Kemiringan (roll) : 2.13
2026-05-21 09:57:31,.53, Kemiringan (roll) : 2.13
2026-05-21 09:57:31,.53, Kemiringan (roll) : 2.13
2026-05-21 09:57:31,.53, Kemiringan (roll) : 2.13
2026-05-21 09:57:31,.53, Kemiringan (roll) : 2.13
2026-05-21 09:57:31,.53, Kemiringan (roll) : 2.13
2026-05-21 09:57:31,.53, Kemiringan (roll) : 2.13
2026-05-21 09:57:31,.53, Kemiringan (roll) : 2.13
2026-05-21 09:57:31,.53, Kemiringan (roll) : 2.13
2026-05-21 09:57:31,.53, Kemiringan (roll) : 2.13
2026-05-21 09:57:31,.53, Kemiringan (roll) : 2.13
2026-05-21 09:57:31,.53, Kemiringan (roll) : 2.13
2026-05-21 09:57:31,.53, Kemiringan (roll) : 2.13
2026-05-21 09:57:31,.53, Kemiringan (roll) : 2.13
2026-05-21 09:57:31,.53, Kemiringan (roll) : 2.13
2026-05-21 09:57:31,.53, Kemiringan (roll) : 2.13
2026-05-21 09:57:31,.53, Kemiringan (roll) : 2.13
2026-05-21 09:57:31,.53, Kemiringan (roll) : 2.13
2026-05-21 09:57:31,.53, Kemiringan (roll) : 2.13
2026-05-21 09:57:31,.53, Kemiringan (roll) : 2.13
2026-05-21 09:57:31,.53, Kemiringan (roll) : 2.13
2026-05-21 09:57:31,.53, Kemiringan (roll) : 2.13
2026-05-21 09:57:31,.53, Kemiringan (roll) : 2.13
2026-05-21 09:57:31,.53, Kemiringan (roll) : 2.13
2026-05-21 09:57:31,.53, Kemiringan (roll) : 2.13
2026-05-21 09:57:31,.53, Kemiringan (roll) : 2.13
2026-05-21 09:57:31,.53, Kemiringan (roll) : 2.13
2026-05-21 09:57:31,.53, Kemiringan (roll) : 2.13
2026-05-21 09:57:31,.53, Kemiringan (roll) : 2.13
2026-05-21 09:57:31,.53, Kemiringan (roll) : 2.13
2026-05-21 09:57:31,.53, Kemiringan (roll) : 2.13
2026-05-21 09:57:31,.53, Kemiringan (roll) : 2.13
2026-05-21 09:57:31,.53, Kemiringan (roll) : 2.13
2026-05-21 09:57:31,.53, Kemiringan (roll) : 2.13
2026-05-21 09:57:31,.53, Kemiringan (roll) : 2.13
2026-05-21 09:57:31,.53, Kemiringan (roll) : 2.13
2026-05-21 09:57:31,.53, Kemiringan (roll) : 2.13
2026-05-21 09:57:31,.53, Kemiringan (roll) : 2.13
2026-05-21 09:57:31,.53, Kemiringan (roll) : 2.13
2026-05-21 09:57:31,.53, Kemiringan (roll) : 2.13
2026-05-21 09:57:31,.53, Kemiringan (roll) : 2.13
2026-05-21 09:57:31,.53, Kemiringan (roll) : 2.13
2026-05-21 09:57:31,.53, Kemiringan (roll) : 2.13
2026-05-21 09:57:31,.53, Kemiringan (roll) : 2.13
2026-05-21 09:57:31,.53, Kemiringan (roll) : 2.13
2026-05-21 09:57:31,.53, Kemiringan (roll) : 2.13
2026-05-21 09:57:31,.53, Kemiringan (roll) : 2.13
2026-05-21 09:57:31,.53, Kemiringan (roll) : 2.13
2026-05-21 09:57:31,.53, Kemiringan (roll) : 2.13
2026-05-21 09:57:31,.53, Kemiringan (roll) : 2.13
2026-05-21 09:57:31,.53, Kemiringan (roll) : 2.13
2026-05-21 09:57:31,.53, Kemiringan (roll) : 2.13
2026-05-21 09:57:31,.53, Kemiringan (roll) : 2.13
2026-05-21 09:57:31,.53, Kemiringan (roll) : 2.13
2026-05-21 09:57:31,.53, Kemiringan (roll) : 2.13
2026-05-21 09:57:31,.53, Kemiringan (roll) : 2.13
2026-05-21 09:57:31,.53, Kemiringan (roll) : 2.13
2026-05-21 09:57:31,.53, Kemiringan (roll) : 2.13
2026-05-21 09:57:31,.53, Kemiringan (roll) : 2.13
2026-05-21 09:57:31,.53, Kemiringan (roll) : 2.13
2026-05-21 09:57:31,.53, Kemiringan (roll) : 2.13
2026-05-21 09:57:31,.53, Kemiringan (roll) : 2.13
2026-05-21 09:57:31,.53, Kemiringan (roll) : 2.13
2026-05-21 09:57:31,.53, Kemiringan (roll) : 2.13
2026-05-21 09:57:31,.53, Kemiringan (roll) : 2.13
2026-05-21 09:57:31,.53, Kemiringan (roll) : 2.13
2026-05-21 09:57:31,.53, Kemiringan (roll) : 2.13
2026-05-21 09:57:31,.53, Kemiringan (roll) : 2.13
2026-05-21 09:57:31,.53, Kemiringan (roll) : 2.13
2026-05-21 09:57:31,.53, Kemiringan (roll) : 2.13
2026-05-21 09:57:31,.53, Kemiringan (roll) : 2.13
2026-05-21 09:57:31,.53, Kemiringan (roll) : 2.13
2026-05-21 09:57:31,.53, Kemiringan (roll) : 2.13
2026-05-21 09:57:31,.53, Kemiringan (roll) : 2.13
2026-05-21 09:57:31,.53, Kemiringan (roll) : 2.13
2026-05-21 09:57:31,.53, Kemiringan (roll) : 2.13
2026-05-21 09:57:31,.53, Kemiringan (roll) : 2.13
2026-05-21 09:57:31,.53, Kemiringan (roll) : 2.13
2026-05-21 09:57:31,.53, Kemiringan (roll) : 2.13
2026-05-21 09:57:31,.53, Kemiringan (roll) : 2.13
2026-05-21 09:57:31,.53, Kemiringan (roll) : 2.13
2026-05-21 09:57:31,.53, Kemiringan (roll) : 2.13
2026-05-21 09:57:31,.53, Kemiringan (roll) : 2.13
2026-05-21 09:57:31,.53, Kemiringan (roll) : 2.13
2026-05-21 09:57:31,.53, Kemiringan (roll) : 2.13
2026-05-21 09:57:31,.53, Kemiringan (roll) : 2.13
2026-05-21 09:57:31,.53, Kemiringan (roll) : 2.13
2026-05-21 09:57:31,.53, Kemiringan (roll) : 2.13
2026-05-21 09:57:31,.53, Kemiringan (roll) : 2.13
2026-05-21 09:57:31,.53, Kemiringan (roll) : 2.13
2026-05-21 09:57:31,.53, Kemiringan (roll) : 2.13
2026-05-21 09:57:31,.53, Kemiringan (roll) : 2.13
2026-05-21 09:57:31,.53, Kemiringan (roll) : 2.13
2026-05-21 09:57:31,.53, Kemiringan (roll) : 2.13
2026-05-21 09:57:31,.53, Kemiringan (roll) : 2.13
2026-05-21 09:57:31,.53, Kemiringan (roll) : 2.13
2026-05-21 09:57:31,.53, Kemiringan (roll) : 2.13
2026-05-21 09:57:31,.53, Kemiringan (roll) : 2.13
2026-05-21 09:57:31,.53, Kemiringan (roll) : 2.13
2026-05-21 09:57:31,.53, Kemiringan (roll) : 2.13
2026-05-21 09:57:31,.53, Kemiringan (roll) : 2.13
2026-05-21 09:57:31,.53, Kemiringan (roll) : 2.13
2026-05-21 09:57:31,.53, Kemiringan (roll) : 2.13
2026-05-21 09:57:31,.53, Kemiringan (roll) : 2.13
2026-05-21 09:57:31,.53, Kemiringan (roll) : 2.13
2026-05-21 09:57:31,.53, Kemiringan (roll) : 2.13
2026-05-21 09:57:31,.53, Kemiringan (roll) : 2.13
2026-05-21 09:57:31,.53, Kemiringan (roll) : 2.13
2026-05-21 09:57:31,.53, Kemiringan (roll) : 2.13
2026-05-21 09:57:31,.53, Kemiringan (roll) : 2.13
2026-05-21 09:57:31,.53, Kemiringan (roll) : 2.13
2026-05-21 09:57:31,.53, Kemiringan (roll) : 2.13
2026-05-21 09:57:31,.53, Kemiringan (roll) : 2.13
2026-05-21 09:57:31,.53, Kemiringan (roll) : 2.13
2026-05-21 09:57:31,.53, Kemiringan (roll) : 2.13
2026-05-21 09:57:31,.53, Kemiringan (roll) : 2.13
2026-05-21 09:57:31,.53, Kemiringan (roll) : 2.13
2026-05-21 09:57:31,.53, Kemiringan (roll) : 2.13
2026-05-21 09:57:31,.53, Kemiringan (roll) : 2.13
2026-05-21 09:57:31,.53, Kemiringan (roll) : 2.13
2026-05-21 09:57:31,.53, Kemiringan (roll) : 2.13
2026-05-21 09:57:31,.53, Kemiringan (roll) : 2.13
2026-05-21 09:57:31,.53, Kemiringan (roll) : 2.13
2026-05-21 09:57:31,.53, Kemiringan (roll) : 2.13
2026-05-21 09:57:31,.53, Kemiringan (roll) : 2.13
2026-05-21 09:57:31,.53, Kemiringan (roll) : 2.13
2026-05-21 09:57:31,.53, Kemiringan (roll) : 2.13
2026-05-21 09:57:31,.53, Kemiringan (roll) : 2.13
2026-05-21 09:57:31,.53, Kemiringan (roll) : 2.13
2026-05-21 09:57:31,.53, Kemiringan (roll) : 2.13
2026-05-21 09:57:31,.53, Kemiringan (roll) : 2.13
2026-05-21 09:57:31,.53, Kemiringan (roll) : 2.13
2026-05-21 09:57:31,.53, Kemiringan (roll) : 2.13
2026-05-21 09:57:31,.53, Kemiringan (roll) : 2.13
2026-05-21 09:57:31,.53, Kemiringan (roll) : 2.13
2026-05-21 09:57:31,.53, Kemiringan (roll) : 2.13
2026-05-21 09:57:31,.53, Kemiringan (roll) : 2.13
2026-05-21 09:57:31,.53, Kemiringan (roll) : 2.13
2026-05-21 09:57:31,.53, Kemiringan (roll) : 2.13
2026-05-21 09:57:31,.53, Kemiringan (roll) : 2.13
2026-05-21 09:57:31,.53, Kemiringan (roll) : 2.13
2026-05-21 09:57:31,.53, Kemiringan (roll) : 2.13
2026-05-21 09:57:31,.53, Kemiringan (roll) : 2.13
2026-05-21 09:57:31,.53, Kemiringan (roll) : 2.13
2026-05-21 09:57:31,.53, Kemiringan (roll) : 2.13
2026-05-21 09:57:31,.53, Kemiringan (roll) : 2.13
2026-05-21 09:57:31,.53, Kemiringan (roll) : 2.13
2026-05-21 09:57:31,.53, Kemiringan (roll) : 2.13
2026-05-21 09:57:31,.53, Kemiringan (roll) : 2.13
2026-05-21 09:57:31,.53, Kemiringan (roll) : 2.13
2026-05-21 09:57:31,.53, Kemiringan (roll) : 2.13
2026-05-21 09:57:31,.53, Kemiringan (roll) : 2.13
2026-05-21 09:57:31,.53, Kemiringan (roll) : 2.13
2026-05-21 09:57:31,.53, Kemiringan (roll) : 2.13
2026-05-21 09:57:31,.53, Kemiringan (roll) : 2.13
2026-05-21 09:57:31,.53, Kemiringan (roll) : 2.13
2026-05-21 09:57:31,.53, Kemiringan (roll) : 2.13
2026-05-21 09:57:31,.53, Kemiringan (roll) : 2.13
2026-05-21 09:57:31,.53, Kemiringan (roll) : 2.13
2026-05-21 09:57:31,.53, Kemiringan (roll) : 2.13
2026-05-21 09:57:31,.53, Kemiringan (roll) : 2.13
2026-05-21 09:57:31,.53, Kemiringan (roll) : 2.13
2026-05-21 09:57:31,.53, Kemiringan (roll) : 2.13
2026-05-21 09:57:31,.53, Kemiringan (roll) : 2.13
2026-05-21 09:57:31,.53, Kemiringan (roll) : 2.13
2026-05-21 09:57:31,.53, Kemiringan (roll) : 2.13
2026-05-21 09:57:31,.53, Kemiringan (roll) : 2.13
2026-05-21 09:57:31,.53, Kemiringan (roll) : 2.13
2026-05-21 09:57:31,.53, Kemiringan (roll) : 2.13
2026-05-21 09:57:31,.53, Kemiringan (roll) : 2.13
2026-05-21 09:57:31,.53, Kemiringan (roll) : 2.13
2026-05-21 09:57:31,.53, Kemiringan (roll) : 2.13
2026-05-21 09:57:31,.53, Kemiringan (roll) : 2.13
2026-05-21 09:57:31,.53, Kemiringan (roll) : 2.13
2026-05-21 09:57:31,.53, Kemiringan (roll) : 2.13
2026-05-21 09:57:31,.53, Kemiringan (roll) : 2.13
2026-05-21 09:57:31,.53, Kemiringan (roll) : 2.13
2026-05-21 09:57:31,.53, Kemiringan (roll) : 2.13
2026-05-21 09:57:31,.53, Kemiringan (roll) : 2.13
2026-05-21 09:57:31,.53, Kemiringan (roll) : 2.13
2026-05-21 09:57:31,.53, Kemiringan (roll) : 2.13
2026-05-21 09:57:31,.53, Kemiringan (roll) : 2.13
2026-05-21 09:57:31,.53, Kemiringan (roll) : 2.13
2026-05-21 09:57:31,.53, Kemiringan (roll) : 2.13
2026-05-21 09:57:31,.53, Kemiringan (roll) : 2.13
2026-05-21 09:57:31,.53, Kemiringan (roll) : 2.13
2026-05-21 09:57:31,.53, Kemiringan (roll) : 2.13
2026-05-21 09:57:31,.53, Kemiringan (roll) : 2.13
2026-05-21 09:57:31,.53, Kemiringan (roll) : 2.13
2026-05-21 09:57:31,.53, Kemiringan (roll) : 2.13
2026-05-21 09:57:31,.53, Kemiringan (roll) : 2.13
2026-05-21 09:57:31,.53, Kemiringan (roll) : 2.13
2026-05-21 09:57:31,.53, Kemiringan (roll) : 2.13
2026-05-21 09:57:31,.53, Kemiringan (roll) : 2.13
2026-05-21 09:57:31,.53, Kemiringan (roll) : 2.13
2026-05-21 09:57:31,.53, Kemiringan (roll) : 2.13
2026-05-21 09:57:31,.53, Kemiringan (roll) : 2.13
2026-05-21 09:57:31,.53, Kemiringan (roll) : 2.13
2026-05-21 09:57:31,.53, Kemiringan (roll) : 2.13
2026-05-21 09:57:31,.53, Kemiringan (roll) : 2.13
2026-05-21 09:57:31,.53, Kemiringan (roll) : 2.13
2026-05-21 09:57:31,.53, Kemiringan (roll) : 2.13
2026-05-21 09:57:31,.53, Kemiringan (roll) : 2.13
2026-05-21 09:57:31,.53, Kemiringan (roll) : 2.13
2026-05-21 09:57:31,.53, Kemiringan (roll) : 2.13
2026-05-21 09:57:31,.53, Kemiringan (roll) : 2.13
2026-05-21 09:57:31,.53, Kemiringan (roll) : 2.13
2026-05-21 09:57:31,.53, Kemiringan (roll) : 2.13
2026-05-21 09:57:31,.53, Kemiringan (roll) : 2.13
2026-05-21 09:57:31,.53, Kemiringan (roll) : 2.13
2026-05-21 09:57:31,.53, Kemiringan (roll) : 2.13
2026-05-21 09:57:31,.53, Kemiringan (roll) : 2.13
2026-05-21 09:57:31,.53, Kemiringan (roll) : 2.13
2026-05-21 09:57:31,.53, Kemiringan (roll) : 2.13
2026-05-21 09:57:31,.53, Kemiringan (roll) : 2.13
2026-05-21 09:57:31,.53, Kemiringan (roll) : 2.13
2026-05-21 09:57:31,.53, Kemiringan (roll) : 2.13
2026-05-21 09:57:31,.53, Kemiringan (roll) : 2.13
2026-05-21 09:57:31,.53, Kemiringan (roll) : 2.13
2026-05-21 09:57:31,.53, Kemiringan (roll) : 2.13
2026-05-21 09:57:31,.53, Kemiringan (roll) : 2.13
2026-05-21 09:57:31,.53, Kemiringan (roll) : 2.13
2026-05-21 09:57:31,.53, Kemiringan (roll) : 2.13
2026-05-21 09:57:31,.53, Kemiringan (roll) : 2.13
2026-05-21 09:57:31,.53, Kemiringan (roll) : 2.13
2026-05-21 09:57:31,.53, Kemiringan (roll) : 2.13
2026-05-21 09:57:31,.53, Kemiringan (roll) : 2.13
2026-05-21 09:57:31,.53, Kemiringan (roll) : 2.13
2026-05-21 09:57:31,.53, Kemiringan (roll) : 2.13
2026-05-21 09:57:31,.53, Kemiringan (roll) : 2.13
2026-05-21 09:57:31,.53, Kemiringan (roll) : 2.13
2026-05-21 09:57:31,.53, Kemiringan (roll) : 2.13
2026-05-21 09:57:31,.53, Kemiringan (roll) : 2.13
2026-05-21 09:57:31,.53, Kemiringan (roll) : 2.13
2026-05-21 09:57:31,.53, Kemiringan (roll) : 2.13
2026-05-21 09:57:31,.53, Kemiringan (roll) : 2.13
2026-05-21 09:57:31,.53, Kemiringan (roll) : 2.13
2026-05-21 09:57:31,.53, Kemiringan (roll) : 2.13
2026-05-21 09:57:31,.53, Kemiringan (roll) : 2.13
2026-05-21 09:57:31,.53, Kemiringan (roll) : 2.13
2026-05-21 09:57:31,.53, Kemiringan (roll) : 2.13
2026-05-21 09:57:31,.53, Kemiringan (roll) : 2.13
2026-05-21 09:57:31,.53, Kemiringan (roll) : 2.13
2026-05-21 09:57:31,.53, Kemiringan (roll) : 2.13
2026-05-21 09:57:31,.53, Kemiringan (roll) : 2.13
2026-05-21 09:57:31,.53, Kemiringan (roll) : 2.13
2026-05-21 09:57:31,.53, Kemiringan (roll) : 2.13
2026-05-21 09:57:31,.53, Kemiringan (roll) : 2.13
2026-05-21 09:57:31,.53, Kemiringan (roll) : 2.13
2026-05-21 09:57:31,.53, Kemiringan (roll) : 2.13
2026-05-21 09:57:31,.53, Kemiringan (roll) : 2.13
2026-05-21 09:57:31,.53, Kemiringan (roll) : 2.13
2026-05-21 09:57:31,.53, Kemiringan (roll) : 2.13
2026-05-21 09:57:31,.53, Kemiringan (roll) : 2.13
2026-05-21 09:57:31,.53, Kemiringan (roll) : 2.13
2026-05-21 09:57:31,.53, Kemiringan (roll) : 2.13
2026-05-21 09:57:31,.53, Kemiringan (roll) : 2.13
2026-05-21 09:57:31,.53, Kemiringan (roll) : 2.13
2026-05-21 09:57:31,.53, Kemiringan (roll) : 2.13
2026-05-21 09:57:31,.53, Kemiringan (roll) : 2.13
2026-05-21 09:57:31,.53, Kemiringan (roll) : 2.13
2026-05-21 09:57:31,.53, Kemiringan (roll) : 2.13
2026-05-21 09:57:31,.53, Kemiringan (roll) : 2.13
2026-05-21 09:57:31,.53, Kemiringan (roll) : 2.13
2026-05-21 09:57:31,.53, Kemiringan (roll) : 2.13
2026-05-21 09:57:31,.53, Kemiringan (roll) : 2.13
2026-05-21 09:57:31,.53, Kemiringan (roll) : 2.13
2026-05-21 09:57:31,.53, Kemiringan (roll) : 2.13
2026-05-21 09:57:31,.53, Kemiringan (roll) : 2.13
2026-05-21 09:57:31,.53, Kemiringan (roll) : 2.13
2026-05-21 09:57:31,.53, Kemiringan (roll) : 2.13
2026-05-21 09:57:31,.53, Kemiringan (roll) : 2.13
2026-05-21 09:57:31,.53, Kemiringan (roll) : 2.13
2026-05-21 09:57:31,.53, Kemiringan (roll) : 2.13
2026-05-21 09:57:31,.53, Kemiringan (roll) : 2.13
2026-05-21 09:57:31,.53, Kemiringan (roll) : 2.13
2026-05-21 09:57:31,.53, Kemiringan (roll) : 2.13
2026-05-21 09:57:31,.53, Kemiringan (roll) : 2.13
2026-05-21 09:57:31,.53, Kemiringan (roll) : 2.13
2026-05-21 09:57:31,.53, Kemiringan (roll) : 2.13
2026-05-21 09:57:31,.53, Kemiringan (roll) : 2.13
2026-05-21 09:57:31,.53, Kemiringan (roll) : 2.13
2026-05-21 09:57:31,.53, Kemiringan (roll) : 2.13
2026-05-21 09:57:31,.53, Kemiringan (roll) : 2.13
2026-05-21 09:57:31,.53, Kemiringan (roll) : 2.13
2026-05-21 09:57:31,.53, Kemiringan (roll) : 2.13
2026-05-21 09:57:31,.53, Kemiringan (roll) : 2.13
2026-05-21 09:57:31,.53, Kemiringan (roll) : 2.13
2026-05-21 09:57:31,.53, Kemiringan (roll) : 2.13
2026-05-21 09:57:31,.53, Kemiringan (roll) : 2.13
2026-05-21 09:57:31,.53, Kemiringan (roll) : 2.13
2026-05-21 09:57:31,.53, Kemiringan (roll) : 2.13
2026-05-21 09:57:31,.53, Kemiringan (roll) : 2.13
2026-05-21 09:57:31,.53, Kemiringan (roll) : 2.13
2026-05-21 09:57:31,.53, Kemiringan (roll) : 2.13
2026-05-21 09:57:31,.53, Kemiringan (roll) : 2.13
2026-05-21 09:57:31,.53, Kemiringan (roll) : 2.13
2026-05-21 09:57:31,.53, Kemiringan (roll) : 2.13
2026-05-21 09:57:31,.53, Kemiringan (roll) : 2.13
2026-05-21 09:57:31,.53, Kemiringan (roll) : 2.13
2026-05-21 09:57:31,.53, Kemiringan (roll) : 2.13
2026-05-21 09:57:31,.53, Kemiringan (roll) : 2.13
2026-05-21 09:57:31,.53, Kemiringan (roll) : 2.13
2026-05-21 09:57:31,.53, Kemiringan (roll) : 2.13
2026-05-21 09:57:31,.53, Kemiringan (roll) : 2.13
2026-05-21 09:57:31,.53, Kemiringan (roll) : 2.13
2026-05-21 09:57:31,.53, Kemiringan (roll) : 2.13
2026-05-21 09:57:31,.53, Kemiringan (roll) : 2.13
2026-05-21 09:57:31,.53, Kemiringan (roll) : 2.13
2026-05-21 09:57:31,.53, Kemiringan (roll) : 2.13
2026-05-21 09:57:31,.53, Kemiringan (roll) : 2.13
2026-05-21 09:57:31,.53, Kemiringan (roll) : 2.13
2026-05-21 09:57:31,.53, Kemiringan (roll) : 2.13
2026-05-21 09:57:31,.53, Kemiringan (roll) : 2.13
2026-05-21 09:57:31,.53, Kemiringan (roll) : 2.13
2026-05-21 09:57:31,.53, Kemiringan (roll) : 2.13
2026-05-21 09:57:31,.53, Kemiringan (roll) : 2.13
2026-05-21 09:57:31,.53, Kemiringan (roll) : 2.13
2026-05-21 09:57:31,.53, Kemiringan (roll) : 2.13
2026-05-21 09:57:31,.53, Kemiringan (roll) : 2.13
2026-05-21 09:57:31,.53, Kemiringan (roll) : 2.13
2026-05-21 09:57:31,.53, Kemiringan (roll) : 2.13
2026-05-21 09:57:31,.53, Kemiringan (roll) : 2.13
2026-05-21 09:57:31,.53, Kemiringan (roll) : 2.13
2026-05-21 09:57:31,.53, Kemiringan (roll) : 2.13
2026-05-21 09:57:31,.53, Kemiringan (roll) : 2.13
2026-05-21 09:57:31,.53, Kemiringan (roll) : 2.13
2026-05-21 09:57:31,.53, Kemiringan (roll) : 2.13
2026-05-21 09:57:31,.53, Kemiringan (roll) : 2.13
2026-05-21 09:57:31,.53, Kemiringan (roll) : 2.13
2026-05-21 09:57:31,.53, Kemiringan (roll) : 2.13
2026-05-21 09:57:31,.53, Kemiringan (roll) : 2.13
2026-05-21 09:57:31,.53, Kemiringan (roll) : 2.13
2026-05-21 09:57:31,.53, Kemiringan (roll) : 2.13
2026-05-21 09:57:31,.53, Kemiringan (roll) : 2.13
2026-05-21 09:57:31,.53, Kemiringan (roll) : 2.13
2026-05-21 09:57:31,.53, Kemiringan (roll) : 2.13
2026-05-21 09:57:31,.53, KemiKetinggian (Altitude) :3110818, Ketinggian (Altitude) :3110818, Ketinggian (Altitude) :3110818, Ketinggian (Altitude) :3110818, Ketinggian (Altitude) :3110818, Ketinggian (Altitude) :3110818, Ketinggian (Altitude) :3110818, Ketinggian (Altitude) :3110818, Ketinggian (Altitude) :3110818, Ketinggian (Altitude) :3110818, Ketinggian (Altitude) :3110818, Ketinggian (Altitude) :3110818, Ketinggian (Altitude) :3110818, Ketinggian (Altitude) :3110818, Ketinggian (Altitude) :3110818, Ketinggian (Altitude) :3110818, Ketinggian (Altitude) :3110818, Ketinggian (Altitude) :3110818, Ketinggian (Altitude) :3110818, Ketinggian (Altitude) :3110818, Ketinggian (Altitude) :3110818, Ketinggian (Altitude) :3110818, Ketinggian (Altitude) :3110818, Ketinggian (Altitude) :3110818, Ketinggian (Altitude) :3110818, Ketinggian (Altitude) :3110818, Ketinggian (Altitude) :3110818, Ketinggian (Altitude) :3110818, Ketinggian (Altitude) :3110818, Ketinggian (Altitude) :3110818, Ketinggian (Altitude) : 1997.82, Kemiringan (pitch) : 2.20, Kemiringan (roll) : -0.37
2026-05-21 09:57:32,3111822, Ketinggian (Altitude) : 1997.91, Kemiringan (pitch) : 10.79, Kemiringan (roll) : -2.72
2026-05-21 09:57:33,3112826, Ketinggian (Altitude) : 1997.99, Kemiringan (pitch) : 6.56, Kemiringan (roll) : 1.37
2026-05-21 09:57:34,3113830, Ketinggian (Altitude) : 1998.08, Kemiringan (pitch) : -0.39, Kemiringan (roll) : 5.19
2026-05-21 09:57:35,3114834, Ketinggian (Altitude) : 1998.11, Kemiringan (pitch) : 2.93, Kemiringan (roll) : 4.13
2026-05-21 09:57:36,3115838, Ketinggian (Altitude) : 1998.16, Kemiringan (pitch) : 6.83, Kemiringan (roll) : -0.21
2026-05-21 09:57:37,3116842, Ketinggian (Altitude) : 1998.25, Kemiringan (pitch) : 8.32, Kemiringan (roll) : -0.71
2026-05-21 09:57:38,3117846, Ketinggian (Altitude) : 1998.29, Kemiringan (pitch) : 3.71, Kemiringan (roll) : -8.33
2026-05-21 09:57:39,3118850, Ketinggian (Altitude) : 1998.38, Kemiringan (pitch) : 9.03, Kemiringan (roll) : -3.23
2026-05-21 09:57:40,3119854, Ketinggian (Altitude) : 1998.43, Kemiringan (pitch) : 6.08, Kemiringan (roll) : -4.97
2026-05-21 09:57:41,3120858, Ketinggian (Altitude) : 1998.52, Kemiringan (pitch) : 2.27, Kemiringan (roll) : -3.54
2026-05-21 09:57:42,3121862, Ketinggian (Altitude) : 1998.58, Kemiringan (pitch) : 11.74, Kemiringan (roll) : 1.80
2026-05-21 09:57:43,3122866, Ketinggian (Altitude) : 1998.65, Kemiringan (pitch) : 6.90, Kemiringan (roll) : 2.52
2026-05-21 09:57:44,3123870, Ketinggian (Altitude) : 1998.71, Kemiringan (pitch) : -6.14, Kemiringan (roll) : 2.98
2026-05-21 09:57:45,3124874, Ketinggian (Altitude) : 1998.77, Kemiringan (pitch) : 9.30, Kemiringan (roll) : 1.61
2026-05-21 09:57:46,3125878, Ketinggian (Altitude) : 1998.83, Kemiringan (pitch) : 3.43, Kemiringan (roll) : -2.07
2026-05-21 09:57:47,3126882, Ketinggian (Altitude) : 1998.88, Kemiringan (pitch) : -0.48, Kemiringan (roll) : -2.00
2026-05-21 09:57:48,3127886, Ketinggian (Altitude) : 1998.89, Kemiringan (pitch) : -2.36, Kemiringan (roll) : 5.43
2026-05-21 09:57:49,3128890, Ketinggian (Altitude) : 1998.95, Kemiringan (pitch) : -8.62, Kemiringan (roll) : 1.72
2026-05-21 09:57:50,3129894, Ketinggian (Altitude) : 1999.01, Kemiringan (pitch) : 1.43, Kemiringan (roll) : 1.18
2026-05-21 09:57:51,3130898, Ketinggian (Altitude) : 1999.07, Kemiringan (pitch) : 13.07, Kemiringan (roll) : 7.09
2026-05-21 09:57:52,3131902, Ketinggian (Altitude) : 1999.12, Kemiringan (pitch) : -0.04, Kemiringan (roll) : -3.48
2026-05-21 09:57:53,3132906, Ketinggian (Altitude) : 1999.13, Kemiringan (pitch) : 8.85, Kemiringan (roll) : -9.32
2026-05-21 09:57:54,3133910, Ketinggian (Altitude) : 1999.19, Kemiringan (pitch) : 13.13, Kemiringan (roll) : -0.02
2026-05-21 09:57:55,3134914, Ketinggian (Altitude) : 1999.22, Kemiringan (pitch) : 3.03, Kemiringan (roll) : 0.21
2026-05-21 09:57:56,3135918, Ketinggian (Altitude) : 1999.28, Kemiringan (pitch) : 13.18, Kemiringan (roll) : -8.39
2026-05-21 09:57:57,3136922, Ketinggian (Altitude) : 1999.33, Kemiringan (pitch) : -1.29, Kemiringan (roll) : -3.25
2026-05-21 09:57:58,3137926, Ketinggian (Altitude) : 1999.36, Kemiringan (pitch) : -10.38, Kemiringan (roll) : 5.19
2026-05-21 09:57:59,3138930, Ketinggian (Altitude) : 1999.39, Kemiringan (pitch) : 9.03, Kemiringan (roll) : 1.17
2026-05-21 09:58:00,3139934, Ketinggian (Altitude) : 1999.38, Kemiringan (pitch) : 11.20, Kemiringan (roll) : -3.51
2026-05-21 09:58:01,3140938, Ketinggian (Altitude) : 1999.38, Kemiringan (pitch) : 5.47, Kemiringan (roll) : 8.69
2026-05-21 09:58:02,3141942, Ketinggian (Altitude) : 1999.36, Kemiringan (pitch) : 1.94, Kemiringan (roll) : 1.78
2026-05-21 09:58:03,3142946, Ketinggian (Altitude) : 1999.33, Kemiringan (pitch) : 13.97, Kemiringan (roll) : 4.81
2026-05-21 09:58:04,3143950, Ketinggian (Altitude) : 1999.29, Kemiringan (pitch) : 0.97, Kemiringan (roll) : 3.32
2026-05-21 09:58:05,3144954, Ketinggian (Altitude) : 1999.23, Kemiringan (pitch) : -2.39, Kemiringan (roll) : 0.60
2026-05-21 09:58:06,3145958, Ketinggian (Altitude) : 1999.15, Kemiringan (pitch) : 9.79, Kemiringan (roll) : -1.94
2026-05-21 09:58:07,3146962, Ketinggian (Altitude) : 1999.06, Kemiringan (pitch) : 5.54, Kemiringan (roll) : -5.60
2026-05-21 09:58:08,3147966, Ketinggian (Altitude) : 1998.93, Kemiringan (pitch) : 3.32, Kemiringan (roll) : -0.42
2026-05-21 09:58:09,3148970, Ketinggian (Altitude) : 1998.79, Kemiringan (pitch) : 11.31, Kemiringan (roll) : -3.13
2026-05-21 09:58:11,3149974, Ketinggian (Altitude) : 1998.62, Kemiringan (pitch) : 6.98, Kemiringan (roll) : 7.91
2026-05-21 09:58:12,3150978, Ketinggian (Altitude) : 1998.43, Kemiringan (pitch) : 2.96, Kemiringan (roll) : 2.89
2026-05-21 09:58:13,3151982, Ketinggian (Altitude) : 1998.25, Kemiringan (pitch) : -0.66, Kemiringan (roll) : -1.75
2026-05-21 09:58:14,3152986, Ketinggian (Altitude) : 1998.06, Kemiringan (pitch) : 5.39, Kemiringan (roll) : 1.75
2026-05-21 09:58:15,3153990, Ketinggian (Altitude) : 1997.83, Kemiringan (pitch) : 12.45, Kemiringan (roll) : 1.31
2026-05-21 09:58:16,3154994, Ketinggian (Altitude) : 1997.62, Kemiringan (pitch) : 5.28, Kemiringan (roll) : 5.47
2026-05-21 09:58:17,3155998, Ketinggian (Altitude) : 1997.51, Kemiringan (pitch) : 6.94, Kemiringan (roll) : -4.26
2026-05-21 09:58:18,3157002, Ketinggian (Altitude) : 1997.26, Kemiringan (pitch) : 13.62, Kemiringan (roll) : 9.26
2026-05-21 09:58:19,3158006, Ketinggian (Altitude) : 1997.03, Kemiringan (pitch) : -3.53, Kemiringan (roll) : 2.14
2026-05-21 09:58:20,3159010, Ketinggian (Altitude) : 1996.80, Kemiringan (pitch) : 2.56, Kemiringan (roll) : -6.49
2026-05-21 09:58:21,3160014, Ketinggian (Altitude) : 1996.57, Kemiringan (pitch) : 15.17, Kemiringan (roll) : -0.46
2026-05-21 09:58:22,3161018, Ketinggian (Altitude) : 1996.37, Kemiringan (pitch) : 8.36, Kemiringan (roll) : -1.99
2026-05-21 09:58:23,3162022, Ketinggian (Altitude) : 1996.17, Kemiringan (pitch) : -2.13, Kemiringan (roll) : 5.09
2026-05-21 09:58:24,3163026, Ketinggian (Altitude) : 1995.94, Kemiringan (pitch) : -5.68, Kemiringan (roll) : 3.20
2026-05-21 09:58:25,3164030, Ketinggian (Altitude) : 1995.77, Kemiringan (pitch) : 6.33, Kemiringan (roll) : -7.20
2026-05-21 09:58:26,3165034, Ketinggian (Altitude) : 1995.59, Kemiringan (pitch) : 12.10, Kemiringan (roll) : 5.49
2026-05-21 09:58:27,3166038, Ketinggian (Altitude) : 1995.39, Kemiringan (pitch) : -1.19, Kemiringan (roll) : 0.11
2026-05-21 09:58:28,3167042, Ketinggian (Altitude) : 1995.21, Kemiringan (pitch) : -7.39, Kemiringan (roll) : 14.72
2026-05-21 09:58:29,3168046, Ketinggian (Altitude) : 1995.04, Kemiringan (pitch) : 11.64, Kemiringan (roll) : -0.32
2026-05-21 09:58:30,3169050, Ketinggian (Altitude) : 1994.82, Kemiringan (pitch) : 12.90, Kemiringan (roll) : -6.75
2026-05-21 09:58:31,3170054, Ketinggian (Altitude) : 1994.74, Kemiringan (pitch) : 23.85, Kemiringan (roll) : -2.34
2026-05-21 09:58:32,3171058, Ketinggian (Altitude) : 1994.56, Kemiringan (pitch) : 7.15, Kemiringan (roll) : 4.38
2026-05-21 09:58:33,3172062, Ketinggian (Altitude) : 1994.38, Kemiringan (pitch) : 13.88, Kemiringan (roll) : -0.33
2026-05-21 09:58:34,3173066, Ketinggian (Altitude) : 1994.18, Kemiringan (pitch) : 0.17, Kemiringan (roll) : 2.02
2026-05-21 09:58:35,3174070, Ketinggian (Altitude) : 1993.98, Kemiringan (pitch) : 7.54, Kemiringan (roll) : -0.38
2026-05-21 09:58:36,3175074, Ketinggian (Altitude) : 1993.81, Kemiringan (pitch) : 0.75, Kemiringan (roll) : 9.39
2026-05-21 09:58:37,3176078, Ketinggian (Altitude) : 1993.64, Kemiringan (pitch) : -3.04, Kemiringan (roll) : 3.05
2026-05-21 09:58:38,3177082, Ketinggian (Altitude) : 1993.45, Kemiringan (pitch) : -0.35, Kemiringan (roll) : 0.03
2026-05-21 09:58:39,3178086, Ketinggian (Altitude) : 1993.29, Kemiringan (pitch) : -8.06, Kemiringan (roll) : -0.99
2026-05-21 09:58:40,3179090, Ketinggian (Altitude) : 1993.09, Kemiringan (pitch) : 8.42, Kemiringan (roll) : -1.71
2026-05-21 09:58:41,3180094, Ketinggian (Altitude) : 1992.85, Kemiringan (pitch) : 7.69, Kemiringan (roll) : -5.07
2026-05-21 09:58:42,3181098, Ketinggian (Altitude) : 1992.65, Kemiringan (pitch) : 2.07, Kemiringan (roll) : -8.14
2026-05-21 09:58:43,3182102, Ketinggian (Altitude) : 1992.45, Kemiringan (pitch) : 16.14, Kemiringan (roll) : -13.06
2026-05-21 09:58:44,3183106, Ketinggian (Altitude) : 1992.25, Kemiringan (pitch) : 7.54, Kemiringan (roll) : 3.54
2026-05-21 09:58:45,3184110, Ketinggian (Altitude) : 1992.17, Kemiringan (pitch) : -21.72, Kemiringan (roll) : 1.85
2026-05-21 09:58:46,3185114, Ketinggian (Altitude) : 1991.97, Kemiringan (pitch) : 10.43, Kemiringan (roll) : -3.58
2026-05-21 09:58:47,3186118, Ketinggian (Altitude) : 1991.75, Kemiringan (pitch) : 7.48, Kemiringan (roll) : 5.18
2026-05-21 09:58:48,3187122, Ketinggian (Altitude) : 1991.58, Kemiringan (pitch) : 5.24, Kemiringan (roll) : 13.21
2026-05-21 09:58:49,3188126, Ketinggian (Altitude) : 1991.36, Kemiringan (pitch) : 6.42, Kemiringan (roll) : 15.67
2026-05-21 09:58:50,3189130, Ketinggian (Altitude) : 1991.19, Kemiringan (pitch) : -9.09, Kemiringan (roll) : 7.77
2026-05-21 09:58:51,3190134, Ketinggian (Altitude) : 1991.01, Kemiringan (pitch) : 4.98, Kemiringan (roll) : 4.01
2026-05-21 09:58:52,3191138, Ketinggian (Altitude) : 1990.86, Kemiringan (pitch) : 7.33, Kemiringan (roll) : 0.57
2026-05-21 09:58:53,3192142, Ketinggian (Altitude) : 1990.71, Kemiringan (pitch) : 6.61, Kemiringan (roll) : -2.43
2026-05-21 09:58:54,3193146, Ketinggian (Altitude) : 1990.56, Kemiringan (pitch) : 5.77, Kemiringan (roll) : 1.15
2026-05-21 09:58:55,3194150, Ketinggian (Altitude) : 1990.43, Kemiringan (pitch) : 1.81, Kemiringan (roll) : 6.07
2026-05-21 09:58:56,3195154, Ketinggian (Altitude) : 1990.26, Kemiringan (pitch) : 11.06, Kemiringan (roll) : -3.26
2026-05-21 09:58:57,3196158, Ketinggian (Altitude) : 1990.11, Kemiringan (pitch) : 4.76, Kemiringan (roll) : 1.52
2026-05-21 09:58:58,3197162, Ketinggian (Altitude) : 1989.97, Kemiringan (pitch) : 9.23, Kemiringan (roll) : 2.91
2026-05-21 09:58:59,3198166, Ketinggian (Altitude) : 1989.87, Kemiringan (pitch) : -9.43, Kemiringan (roll) : -5.21
2026-05-21 09:59:00,3199170, Ketinggian (Altitude) : 1989.68, Kemiringan (pitch) : 5.48, Kemiringan (roll) : -5.12
2026-05-21 09:59:01,3200174, Ketinggian (Altitude) : 1989.50, Kemiringan (pitch) : 8.78, Kemiringan (roll) : 2.97
2026-05-21 09:59:02,3201178, Ketinggian (Altitude) : 1989.33, Kemiringan (pitch) : 3.71, Kemiringan (roll) : 2.74
2026-05-21 09:59:03,3202182, Ketinggian (Altitude) : 1989.14, Kemiringan (pitch) : 1.53, Kemiringan (roll) : -8.52
2026-05-21 09:59:04,3203186, Ketinggian (Altitude) : 1988.96, Kemiringan (pitch) : 2.93, Kemiringan (roll) : 8.46
2026-05-21 09:59:05,3204190, Ketinggian (Altitude) : 1988.76, Kemiringan (pitch) : 10.15, Kemiringan (roll) : -6.31
2026-05-21 09:59:06,3205194, Ketinggian (Altitude) : 1988.56, Kemiringan (pitch) : 3.06, Kemiringan (roll) : -1.26
2026-05-21 09:59:07,3206198, Ketinggian (Altitude) : 1988.34, Kemiringan (pitch) : 7.20, Kemiringan (roll) : 1.28
2026-05-21 09:59:08,3207202, Ketinggian (Altitude) : 1988.11, Kemiringan (pitch) : -4.34, Kemiringan (roll) : 2.16
2026-05-21 09:59:09,3208206, Ketinggian (Altitude) : 1987.91, Kemiringan (pitch) : -4.63, Kemiringan (roll) : 9.18
2026-05-21 09:59:10,3209210, Ketinggian (Altitude) : 1987.66, Kemiringan (pitch) : 10.68, Kemiringan (roll) : 12.12
2026-05-21 09:59:11,3210214, Ketinggian (Altitude) : 1987.48, Kemiringan (pitch) : 4.20, Kemiringan (roll) : 11.30
2026-05-21 09:59:12,3211218, Ketinggian (Altitude) : 1987.26, Kemiringan (pitch) : -3.95, Kemiringan (roll) : 12.02
2026-05-21 09:59:13,3212222, Ketinggian (Altitude) : 1987.15, Kemiringan (pitch) : -4.32, Kemiringan (roll) : 4.66
2026-05-21 09:59:14,3213226, Ketinggian (Altitude) : 1986.92, Kemiringan (pitch) : 1.45, Kemiringan (roll) : 3.88
2026-05-21 09:59:15,3214230, Ketinggian (Altitude) : 1986.72, Kemiringan (pitch) : 6.11, Kemiringan (roll) : 0.04
2026-05-21 09:59:16,3215234, Ketinggian (Altitude) : 1986.53, Kemiringan (pitch) : -2.79, Kemiringan (roll) : 3.19
2026-05-21 09:59:17,3216238, Ketinggian (Altitude) : 1986.29, Kemiringan (pitch) : 1.53, Kemiringan (roll) : -9.66
2026-05-21 09:59:18,3217242, Ketinggian (Altitude) : 1986.10, Kemiringan (pitch) : -2.44, Kemiringan (roll) : -10.17
2026-05-21 09:59:19,3218246, Ketinggian (Altitude) : 1985.90, Kemiringan (pitch) : 17.46, Kemiringan (roll) : -3.89
2026-05-21 09:59:20,3219250, Ketinggian (Altitude) : 1985.73, Kemiringan (pitch) : 4.05, Kemiringan (roll) : 9.07
2026-05-21 09:59:21,3220254, Ketinggian (Altitude) : 1985.53, Kemiringan (pitch) : -2.45, Kemiringan (roll) : 10.87
2026-05-21 09:59:22,3221258, Ketinggian (Altitude) : 1985.36, Kemiringan (pitch) : -1.50, Kemiringan (roll) : -2.49
2026-05-21 09:59:23,3222262, Ketinggian (Altitude) : 1985.19, Kemiringan (pitch) : 4.58, Kemiringan (roll) : 1.40
2026-05-21 09:59:24,3223266, Ketinggian (Altitude) : 1985.03, Kemiringan (pitch) : -4.04, Kemiringan (roll) : -0.38
2026-05-21 09:59:25,3224270, Ketinggian (Altitude) : 1984.89, Kemiringan (pitch) : 6.32, Kemiringan (roll) : 0.05
2026-05-21 09:59:26,3225274, Ketinggian (Altitude) : 1984.72, Kemiringan (pitch) : -4.42, Kemiringan (roll) : 5.97
2026-05-21 09:59:27,3226278, Ketinggian (Altitude) : 1984.63, Kemiringan (pitch) : -3.81, Kemiringan (roll) : 13.00
2026-05-21 09:59:28,3227282, Ketinggian (Altitude) : 1984.52, Kemiringan (pitch) : -5.06, Kemiringan (roll) : 6.06
2026-05-21 09:59:29,3228286, Ketinggian (Altitude) : 1984.37, Kemiringan (pitch) : 4.98, Kemiringan (roll) : -1.61
2026-05-21 09:59:30,3229290, Ketinggian (Altitude) : 1984.21, Kemiringan (pitch) : -13.31, Kemiringan (roll) : -2.19
2026-05-21 09:59:31,3230294, Ketinggian (Altitude) : 1984.05, Kemiringan (pitch) : 4.84, Kemiringan (roll) : -3.50
2026-05-21 09:59:32,3231298, Ketinggian (Altitude) : 1983.91, Kemiringan (pitch) : -4.30, Kemiringan (roll) : 3.62
2026-05-21 09:59:33,3232302, Ketinggian (Altitude) : 1983.77, Kemiringan (pitch) : 1.69, Kemiringan (roll) : 5.59
2026-05-21 09:59:34,3233306, Ketinggian (Altitude) : 1983.65, Kemiringan (pitch) : 1.83, Kemiringan (roll) : -3.03
2026-05-21 09:59:35,3234310, Ketinggian (Altitude) : 1983.48, Kemiringan (pitch) : -0.79, Kemiringan (roll) : -0.53
2026-05-21 09:59:36,3235314, Ketinggian (Altitude) : 1983.32, Kemiringan (pitch) : -6.22, Kemiringan (roll) : 3.38
2026-05-21 09:59:37,3236318, Ketinggian (Altitude) : 1983.18, Kemiringan (pitch) : -6.04, Kemiringan (roll) : 3.46
2026-05-21 09:59:38,3237322, Ketinggian (Altitude) : 1983.00, Kemiringan (pitch) : -5.16, Kemiringan (roll) : 0.22
2026-05-21 09:59:39,3238326, Ketinggian (Altitude) : 1982.86, Kemiringan (pitch) : -5.16, Kemiringan (roll) : 5.62
2026-05-21 09:59:40,3239330, Ketinggian (Altitude) : 1982.69, Kemiringan (pitch) : 7.63, Kemiringan (roll) : 0.70
2026-05-21 09:59:41,3240334, Ketinggian (Altitude) : 1982.60, Kemiringan (pitch) : 1.92, Kemiringan (roll) : -4.23
2026-05-21 09:59:42,3241338, Ketinggian (Altitude) : 1982.43, Kemiringan (pitch) : 0.28, Kemiringan (roll) : 2.27
2026-05-21 09:59:43,3242342, Ketinggian (Altitude) : 1982.26, Kemiringan (pitch) : 3.71, Kemiringan (roll) : 2.26
2026-05-21 09:59:44,3243346, Ketinggian (Altitude) : 1982.08, Kemiringan (pitch) : 1.30, Kemiringan (roll) : -1.72
2026-05-21 09:59:45,3244350, Ketinggian (Altitude) : 1981.89, Kemiringan (pitch) : 12.67, Kemiringan (roll) : -0.55
2026-05-21 09:59:46,3245354, Ketinggian (Altitude) : 1981.69, Kemiringan (pitch) : -11.28, Kemiringan (roll) : 6.94
2026-05-21 09:59:47,3246358, Ketinggian (Altitude) : 1981.48, Kemiringan (pitch) : -3.28, Kemiringan (roll) : 2.94
2026-05-21 09:59:48,3247362, Ketinggian (Altitude) : 1981.25, Kemiringan (pitch) : -4.46, Kemiringan (roll) : -1.69
2026-05-21 09:59:49,3248366, Ketinggian (Altitude) : 1981.03, Kemiringan (pitch) : -3.78, Kemiringan (roll) : 7.48
2026-05-21 09:59:50,3249370, Ketinggian (Altitude) : 1980.85, Kemiringan (pitch) : 4.63, Kemiringan (roll) : -2.03
2026-05-21 09:59:51,3250374, Ketinggian (Altitude) : 1980.64, Kemiringan (pitch) : -4.26, Kemiringan (roll) : 1.48
2026-05-21 09:59:52,3251378, Ketinggian (Altitude) : 1980.43, Kemiringan (pitch) : -4.47, Kemiringan (roll) : -6.75
2026-05-21 09:59:53,3252382, Ketinggian (Altitude) : 1980.23, Kemiringan (pitch) : -0.54, Kemiringan (roll) : -9.61
2026-05-21 09:59:54,3253386, Ketinggian (Altitude) : 1979.99, Kemiringan (pitch) : 2.45, Kemiringan (roll) : -6.21
2026-05-21 09:59:55,3254390, Ketinggian (Altitude) : 1979.77, Kemiringan (pitch) : -0.21, Kemiringan (roll) : -4.43
2026-05-21 09:59:56,3255394, Ketinggian (Altitude) : 1979.66, Kemiringan (pitch) : -5.39, Kemiringan (roll) : 2.99
2026-05-21 09:59:57,3256398, Ketinggian (Altitude) : 1979.45, Kemiringan (pitch) : -1.50, Kemiringan (roll) : 0.11
2026-05-21 09:59:58,3257402, Ketinggian (Altitude) : 1979.25, Kemiringan (pitch) : 7.08, Kemiringan (roll) : -9.72
2026-05-21 09:59:59,3258406, Ketinggian (Altitude) : 1979.06, Kemiringan (pitch) : 0.20, Kemiringan (roll) : 0.33
2026-05-21 10:00:00,3259410, Ketinggian (Altitude) : 1978.88, Kemiringan (pitch) : -5.96, Kemiringan (roll) : -2.63
2026-05-21 10:00:01,3260414, Ketinggian (Altitude) : 1978.72, Kemiringan (pitch) : -3.53, Kemiringan (roll) : -4.81
2026-05-21 10:00:02,3261418, Ketinggian (Altitude) : 1978.61, Kemiringan (pitch) : 4.07, Kemiringan (roll) : -6.03
2026-05-21 10:00:03,3262422, Ketinggian (Altitude) : 1978.49, Kemiringan (pitch) : 1.06, Kemiringan (roll) : 3.63
2026-05-21 10:00:04,3263426, Ketinggian (Altitude) : 1978.41, Kemiringan (pitch) : 1.09, Kemiringan (roll) : -7.60
2026-05-21 10:00:05,3264430, Ketinggian (Altitude) : 1978.37, Kemiringan (pitch) : 0.45, Kemiringan (roll) : 4.83
2026-05-21 10:00:06,3265434, Ketinggian (Altitude) : 1978.29, Kemiringan (pitch) : 6.07, Kemiringan (roll) : -3.98
2026-05-21 10:00:07,3266438, Ketinggian (Altitude) : 1978.23, Kemiringan (pitch) : 1.68, Kemiringan (roll) : 2.00
2026-05-21 10:00:08,3267442, Ketinggian (Altitude) : 1978.20, Kemiringan (pitch) : -0.32, Kemiringan (roll) : -3.16
2026-05-21 10:00:09,3268446, Ketinggian (Altitude) : 1978.18, Kemiringan (pitch) : -4.59, Kemiringan (roll) : 1.54
2026-05-21 10:00:10,3269450, Ketinggian (Altitude) : 1978.18, Kemiringan (pitch) : 6.63, Kemiringan (roll) : -1.17
2026-05-21 10:00:11,3270454, Ketinggian (Altitude) : 1978.18, Kemiringan (pitch) : 0.00, Kemiringan (roll) : -0.03
2026-05-21 10:00:12,3271458, Ketinggian (Altitude) : 1978.18, Kemiringan (pitch) : 1.28, Kemiringan (roll) : -1.58
2026-05-21 10:00:13,3272462, Ketinggian (Altitude) : 1978.15, Kemiringan (pitch) : -0.55, Kemiringan (roll) : 7.46
2026-05-21 10:00:14,3273466, Ketinggian (Altitude) : 1978.15, Kemiringan (pitch) : 6.90, Kemiringan (roll) : -0.04
2026-05-21 10:00:15,3274470, Ketinggian (Altitude) : 1978.16, Kemiringan (pitch) : 1.17, Kemiringan (roll) : 6.10
2026-05-21 10:00:16,3275474, Ketinggian (Altitude) : 1978.12, Kemiringan (pitch) : -0.65, Kemiringan (roll) : 8.64
2026-05-21 10:00:17,3276478, Ketinggian (Altitude) : 1978.09, Kemiringan (pitch) : 7.18, Kemiringan (roll) : -1.98
2026-05-21 10:00:18,3277482, Ketinggian (Altitude) : 1978.02, Kemiringan (pitch) : 0.80, Kemiringan (roll) : 0.12
2026-05-21 10:00:19,3278486, Ketinggian (Altitude) : 1977.93, Kemiringan (pitch) : 7.30, Kemiringan (roll) : 3.15
2026-05-21 10:00:20,3279490, Ketinggian (Altitude) : 1977.87, Kemiringan (pitch) : -7.07, Kemiringan (roll) : 6.32
2026-05-21 10:00:21,3280494, Ketinggian (Altitude) : 1977.79, Kemiringan (pitch) : 0.83, Kemiringan (roll) : -2.76
2026-05-21 10:00:22,3281498, Ketinggian (Altitude) : 1977.70, Kemiringan (pitch) : 3.36, Kemiringan (roll) : -5.05
2026-05-21 10:00:23,3282502, Ketinggian (Altitude) : 1977.59, Kemiringan (pitch) : 17.03, Kemiringan (roll) : -5.35
2026-05-21 10:00:24,3283506, Ketinggian (Altitude) : 1977.43, Kemiringan (pitch) : 3.95, Kemiringan (roll) : 1.57
2026-05-21 10:00:25,3284510, Ketinggian (Altitude) : 1977.36, Kemiringan (pitch) : 3.24, Kemiringan (roll) : -7.44
2026-05-21 10:00:26,3285514, Ketinggian (Altitude) : 1977.21, Kemiringan (pitch) : 6.20, Kemiringan (roll) : -2.25
2026-05-21 10:00:27,3286518, Ketinggian (Altitude) : 1977.07, Kemiringan (pitch) : 3.99, Kemiringan (roll) : -1.27
2026-05-21 10:00:28,3287522, Ketinggian (Altitude) : 1976.88, Kemiringan (pitch) : -1.67, Kemiringan (roll) : 0.59
2026-05-21 10:00:29,3288526, Ketinggian (Altitude) : 1976.71, Kemiringan (pitch) : 0.90, Kemiringan (roll) : 7.15
2026-05-21 10:00:30,3289530, Ketinggian (Altitude) : 1976.52, Kemiringan (pitch) : 7.40, Kemiringan (roll) : -1.67
2026-05-21 10:00:31,3290534, Ketinggian (Altitude) : 1976.35, Kemiringan (pitch) : 5.16, Kemiringan (roll) : 13.73
2026-05-21 10:00:32,3291538, Ketinggian (Altitude) : 1976.15, Kemiringan (pitch) : 0.40, Kemiringan (roll) : 10.65
2026-05-21 10:00:33,3292542, Ketinggian (Altitude) : 1975.99, Kemiringan (pitch) : -1.93, Kemiringan (roll) : 0.60
2026-05-21 10:00:34,3293546, Ketinggian (Altitude) : 1975.82, Kemiringan (pitch) : -1.98, Kemiringan (roll) : 4.50
2026-05-21 10:00:35,3294550, Ketinggian (Altitude) : 1975.62, Kemiringan (pitch) : 4.75, Kemiringan (roll) : -0.92
2026-05-21 10:00:36,3295554, Ketinggian (Altitude) : 1975.43, Kemiringan (pitch) : -6.18, Kemiringan (roll) : -0.02
2026-05-21 10:00:37,3296558, Ketinggian (Altitude) : 1975.23, Kemiringan (pitch) : -0.54, Kemiringan (roll) : 2.48
2026-05-21 10:00:38,3297562, Ketinggian (Altitude) : 1975.01, Kemiringan (pitch) : -0.94, Kemiringan (roll) : 3.25
2026-05-21 10:00:39,3298566, Ketinggian (Altitude) : 1974.81, Kemiringan (pitch) : 2.38, Kemiringan (roll) : 4.82
2026-05-21 10:00:40,3299570, Ketinggian (Altitude) : 1974.73, Kemiringan (pitch) : -4.89, Kemiringan (roll) : -1.31
2026-05-21 10:00:41,3300574, Ketinggian (Altitude) : 1974.53, Kemiringan (pitch) : -9.01, Kemiringan (roll) : 10.51
2026-05-21 10:00:42,3301578, Ketinggian (Altitude) : 1974.28, Kemiringan (pitch) : 4.56, Kemiringan (roll) : 4.94
2026-05-21 10:00:43,3302582, Ketinggian (Altitude) : 1974.05, Kemiringan (pitch) : -3.66, Kemiringan (roll) : -1.42
2026-05-21 10:00:44,3303586, Ketinggian (Altitude) : 1973.85, Kemiringan (pitch) : -1.09, Kemiringan (roll) : -0.80
2026-05-21 10:00:45,3304590, Ketinggian (Altitude) : 1973.65, Kemiringan (pitch) : 2.43, Kemiringan (roll) : -9.68
2026-05-21 10:00:46,3305594, Ketinggian (Altitude) : 1973.48, Kemiringan (pitch) : -0.05, Kemiringan (roll) : -7.30
2026-05-21 10:00:47,3306598, Ketinggian (Altitude) : 1973.31, Kemiringan (pitch) : -9.83, Kemiringan (roll) : -2.71
2026-05-21 10:00:48,3307602, Ketinggian (Altitude) : 1973.16, Kemiringan (pitch) : -3.57, Kemiringan (roll) : 1.76
2026-05-21 10:00:49,3308606, Ketinggian (Altitude) : 1973.05, Kemiringan (pitch) : -2.52, Kemiringan (roll) : -0.85
2026-05-21 10:00:50,3309610, Ketinggian (Altitude) : 1972.95, Kemiringan (pitch) : -8.61, Kemiringan (roll) : 3.90
2026-05-21 10:00:51,3310614, Ketinggian (Altitude) : 1972.87, Kemiringan (pitch) : -3.72, Kemiringan (roll) : -4.03
2026-05-21 10:00:52,3311618, Ketinggian (Altitude) : 1972.82, Kemiringan (pitch) : -8.66, Kemiringan (roll) : -1.90
2026-05-21 10:00:53,3312622, Ketinggian (Altitude) : 1972.80, Kemiringan (pitch) : 10.17, Kemiringan (roll) : -5.33
2026-05-21 10:00:54,3313626, Ketinggian (Altitude) : 1972.77, Kemiringan (pitch) : -5.48, Kemiringan (roll) : -3.92
2026-05-21 10:00:55,3314630, Ketinggian (Altitude) : 1972.74, Kemiringan (pitch) : -3.50, Kemiringan (roll) : -3.59
2026-05-21 10:00:56,3315634, Ketinggian (Altitude) : 1972.74, Kemiringan (pitch) : 1.85, Kemiringan (roll) : -6.95
2026-05-21 10:00:57,3316638, Ketinggian (Altitude) : 1972.74, Kemiringan (pitch) : -4.33, Kemiringan (roll) : -5.71
2026-05-21 10:00:58,3317642, Ketinggian (Altitude) : 1972.77, Kemiringan (pitch) : -2.31, Kemiringan (roll) : -0.06
2026-05-21 10:00:59,3318646, Ketinggian (Altitude) : 1972.80, Kemiringan (pitch) : 10.29, Kemiringan (roll) : -2.30
2026-05-21 10:01:00,3319650, Ketinggian (Altitude) : 1972.85, Kemiringan (pitch) : 0.78, Kemiringan (roll) : 1.17
2026-05-21 10:01:01,3320654, Ketinggian (Altitude) : 1972.89, Kemiringan (pitch) : 5.72, Kemiringan (roll) : -11.97
2026-05-21 10:01:02,3321658, Ketinggian (Altitude) : 1972.95, Kemiringan (pitch) : 3.82, Kemiringan (roll) : -11.99
2026-05-21 10:01:03,3322662, Ketinggian (Altitude) : 1973.04, Kemiringan (pitch) : -4.89, Kemiringan (roll) : -2.97
2026-05-21 10:01:04,3323666, Ketinggian (Altitude) : 1973.12, Kemiringan (pitch) : 5.60, Kemiringan (roll) : -7.17
2026-05-21 10:01:05,3324670, Ketinggian (Altitude) : 1973.23, Kemiringan (pitch) : 3.66, Kemiringan (roll) : -7.26
2026-05-21 10:01:06,3325674, Ketinggian (Altitude) : 1973.31, Kemiringan (pitch) : 2.09, Kemiringan (roll) : 4.25
